ISO-10303-21;
HEADER;
FILE_DESCRIPTION (( 'STEP AP214' ),
    '1' );
FILE_NAME ('CCS_CCSTDNOS_2220_L6.1W5.4T1.8B0.95.STEP',
    '2020-03-16T22:58:53',
    ( '' ),
    ( '' ),
    'SwSTEP 2.0',
    'SolidWorks 2014',
    '' );
FILE_SCHEMA (( 'AUTOMOTIVE_DESIGN' ));
ENDSEC;

DATA;
#1 = DIRECTION ( 'NONE',  ( 0.0000000000000000000, 0.0000000000000000000, -1.000000000000000000 ) ) ;
#2 = ADVANCED_FACE ( 'NONE', ( #2107 ), #3805, .F. ) ;
#3 = CARTESIAN_POINT ( 'NONE',  ( 5.262320000000001700, 1.687680000000000100, 0.0000000000000000000 ) ) ;
#4 = VECTOR ( 'NONE', #1941, 1000.000000000000000 ) ;
#5 = CARTESIAN_POINT ( 'NONE',  ( 0.9450742240999358000, 0.1452177663371254900, -5.254782233662870900 ) ) ;
#6 = EDGE_CURVE ( 'NONE', #2383, #2150, #716, .T. ) ;
#7 = LINE ( 'NONE', #1777, #4635 ) ;
#8 = VERTEX_POINT ( 'NONE', #3426 ) ;
#9 = SURFACE_STYLE_USAGE ( .BOTH. , #764 ) ;
#10 = AXIS2_PLACEMENT_3D ( 'NONE', #3103, #1000, #3523 ) ;
#11 = VECTOR ( 'NONE', #188, 1000.000000000000000 ) ;
#12 = DIRECTION ( 'NONE',  ( -0.6995643972270445500, 0.0000000000000000000, -0.7145695586381790600 ) ) ;
#13 = LINE ( 'NONE', #3450, #2586 ) ;
#14 = CARTESIAN_POINT ( 'NONE',  ( 5.150000000000002100, 0.1123199999999999500, -0.2187785217711350800 ) ) ;
#15 = DIRECTION ( 'NONE',  ( 1.000000000000000000, -0.0000000000000000000, -0.0000000000000000000 ) ) ;
#16 = COLOUR_RGB ( '',0.7686274509803920900, 0.7686274509803920900, 0.7686274509803920900 ) ;
#17 = MECHANICAL_DESIGN_GEOMETRIC_PRESENTATION_REPRESENTATION (  '', ( #3922 ), #2652 ) ;
#18 = CARTESIAN_POINT ( 'NONE',  ( 0.9500543735329185500, 0.1995509800254695300, -5.285548504708505600 ) ) ;
#19 =( NAMED_UNIT ( * ) SI_UNIT ( $, .STERADIAN. ) SOLID_ANGLE_UNIT ( ) );
#20 = AXIS2_PLACEMENT_3D ( 'NONE', #1519, #3335, #4056 ) ;
#21 = SURFACE_STYLE_FILL_AREA ( #2646 ) ;
#22 = ORIENTED_EDGE ( 'NONE', *, *, #674, .F. ) ;
#23 = CARTESIAN_POINT ( 'NONE',  ( 0.9500000000000004000, 1.575360000000000100, -5.287679999999999000 ) ) ;
#24 = FACE_OUTER_BOUND ( 'NONE', #2779, .T. ) ;
#25 = VERTEX_POINT ( 'NONE', #3861 ) ;
#26 = STYLED_ITEM ( 'NONE', ( #3905 ), #1283 ) ;
#27 = ORIENTED_EDGE ( 'NONE', *, *, #1588, .T. ) ;
#28 = EDGE_CURVE ( 'NONE', #4338, #2005, #3410, .T. ) ;
#29 = ORIENTED_EDGE ( 'NONE', *, *, #644, .F. ) ;
#30 = FACE_OUTER_BOUND ( 'NONE', #1666, .T. ) ;
#31 = CARTESIAN_POINT ( 'NONE',  ( 5.150000000000002100, 1.687680000000000100, -5.287679999999999000 ) ) ;
#32 = DIRECTION ( 'NONE',  ( 0.0000000000000000000, 0.0000000000000000000, -1.000000000000000000 ) ) ;
#33 = CARTESIAN_POINT ( 'NONE',  ( 0.9450742240999358000, 0.1452177663371254900, -5.254782233662870900 ) ) ;
#34 = VERTEX_POINT ( 'NONE', #3073 ) ;
#35 = EDGE_LOOP ( 'NONE', ( #4040, #1332, #1652, #827 ) ) ;
#36 = SURFACE_STYLE_FILL_AREA ( #4036 ) ;
#37 = VERTEX_POINT ( 'NONE', #2350 ) ;
#38 = FACE_OUTER_BOUND ( 'NONE', #1559, .T. ) ;
#39 = SURFACE_STYLE_FILL_AREA ( #867 ) ;
#40 = VECTOR ( 'NONE', #2192, 1000.000000000000000 ) ;
#41 = LINE ( 'NONE', #1330, #1007 ) ;
#42 = VERTEX_POINT ( 'NONE', #2721 ) ;
#43 = AXIS2_PLACEMENT_3D ( 'NONE', #74, #1140, #4410 ) ;
#44 = ORIENTED_EDGE ( 'NONE', *, *, #3840, .T. ) ;
#45 = FACE_OUTER_BOUND ( 'NONE', #3470, .T. ) ;
#46 = LINE ( 'NONE', #894, #3638 ) ;
#47 = FILL_AREA_STYLE_COLOUR ( '', #167 ) ;
#48 = ORIENTED_EDGE ( 'NONE', *, *, #4255, .F. ) ;
#49 = CARTESIAN_POINT ( 'NONE',  ( 2.236013534432060600, 1.687680000000000100, -2.306340000000000100 ) ) ;
#50 = EDGE_CURVE ( 'NONE', #754, #1197, #3943, .T. ) ;
#51 = COLOUR_RGB ( '',0.7686274509803920900, 0.7686274509803920900, 0.7686274509803920900 ) ;
#52 = STYLED_ITEM ( 'NONE', ( #2140 ), #2023 ) ;
#53 = CARTESIAN_POINT ( 'NONE',  ( 3.665213378139388300, 1.692680000000000000, -2.306340000000000100 ) ) ;
#54 = CIRCLE ( 'NONE', #1758, 0.1123199999999999500 ) ;
#55 = MECHANICAL_DESIGN_GEOMETRIC_PRESENTATION_REPRESENTATION (  '', ( #3436 ), #1743 ) ;
#56 =( NAMED_UNIT ( * ) SI_UNIT ( $, .STERADIAN. ) SOLID_ANGLE_UNIT ( ) );
#57 = EDGE_CURVE ( 'NONE', #2621, #1093, #2800, .T. ) ;
#58 = DIRECTION ( 'NONE',  ( 1.000000000000000000, 0.0000000000000000000, 0.0000000000000000000 ) ) ;
#59 = ADVANCED_FACE ( 'NONE', ( #4555 ), #589, .F. ) ;
#60 =( NAMED_UNIT ( * ) PLANE_ANGLE_UNIT ( ) SI_UNIT ( $, .RADIAN. ) );
#61 = UNCERTAINTY_MEASURE_WITH_UNIT (LENGTH_MEASURE( 1.000000000000000100E-005 ), #906, 'distance_accuracy_value', 'NONE');
#62 = EDGE_CURVE ( 'NONE', #4129, #3699, #1154, .T. ) ;
#63 = CARTESIAN_POINT ( 'NONE',  ( 0.8376800000000004200, 1.800000000000000300, -0.1123200000000008200 ) ) ;
#64 = AXIS2_PLACEMENT_3D ( 'NONE', #180, #1212, #2685 ) ;
#65 = UNCERTAINTY_MEASURE_WITH_UNIT (LENGTH_MEASURE( 1.000000000000000100E-005 ), #712, 'distance_accuracy_value', 'NONE');
#66 = LINE ( 'NONE', #2918, #1972 ) ;
#67 =( NAMED_UNIT ( * ) PLANE_ANGLE_UNIT ( ) SI_UNIT ( $, .RADIAN. ) );
#68 = COLOUR_RGB ( '',0.6470588235294118000, 0.5176470588235293500, 0.0000000000000000000 ) ;
#69 = ORIENTED_EDGE ( 'NONE', *, *, #443, .T. ) ;
#70 = FILL_AREA_STYLE ('',( #4014 ) ) ;
#71 = DIRECTION ( 'NONE',  ( 0.9999960426590096500, 0.0000000000000000000, 0.002813301676023789700 ) ) ;
#72 = AXIS2_PLACEMENT_3D ( 'NONE', #3062, #3156, #237 ) ;
#73 = CARTESIAN_POINT ( 'NONE',  ( 0.9450742240999389100, 1.654782233662874100, -5.254782233662871800 ) ) ;
#74 = CARTESIAN_POINT ( 'NONE',  ( 6.100000000000000500, 1.800000000000000000, 0.0000000000000000000 ) ) ;
#75 = SPHERICAL_SURFACE ( 'NONE', #2457, 0.1123200000000000000 ) ;
#76 = EDGE_CURVE ( 'NONE', #1041, #706, #1005, .T. ) ;
#77 = LINE ( 'NONE', #3828, #130 ) ;
#78 = ORIENTED_EDGE ( 'NONE', *, *, #3516, .T. ) ;
#79 = FACE_OUTER_BOUND ( 'NONE', #1505, .T. ) ;
#80 = DIRECTION ( 'NONE',  ( 0.0000000000000000000, -1.000000000000000000, 0.0000000000000000000 ) ) ;
#81 = VERTEX_POINT ( 'NONE', #3846 ) ;
#82 = CARTESIAN_POINT ( 'NONE',  ( 6.100000000000000500, 0.0000000000000000000, 0.0000000000000000000 ) ) ;
#83 = ORIENTED_EDGE ( 'NONE', *, *, #2209, .T. ) ;
#84 = EDGE_CURVE ( 'NONE', #2250, #775, #3594, .T. ) ;
#85 = VERTEX_POINT ( 'NONE', #1654 ) ;
#86 = DIRECTION ( 'NONE',  ( 1.000000000000000000, 0.0000000000000000000, 0.0000000000000000000 ) ) ;
#87 = CARTESIAN_POINT ( 'NONE',  ( 5.154925775900062800, 1.654782233662874100, -0.1452177663371269100 ) ) ;
#88 = FILL_AREA_STYLE ('',( #732 ) ) ;
#89 = SURFACE_STYLE_FILL_AREA ( #1387 ) ;
#90 = CARTESIAN_POINT ( 'NONE',  ( 0.9450742240999389100, 1.654782233662873900, -0.1452177663371267400 ) ) ;
#91 = AXIS2_PLACEMENT_3D ( 'NONE', #1419, #1441, #337 ) ;
#92 = VERTEX_POINT ( 'NONE', #1074 ) ;
#93 = VERTEX_POINT ( 'NONE', #23 ) ;
#94 = ORIENTED_EDGE ( 'NONE', *, *, #2031, .T. ) ;
#95 = SURFACE_STYLE_FILL_AREA ( #4664 ) ;
#96 = COLOUR_RGB ( '',0.7686274509803920900, 0.7686274509803920900, 0.7686274509803920900 ) ;
#97 = EDGE_LOOP ( 'NONE', ( #397, #3741, #3547, #1881 ) ) ;
#98 = CARTESIAN_POINT ( 'NONE',  ( 0.1123199999999999500, 0.0000000000000000000, -0.1123199999999999900 ) ) ;
#99 = ADVANCED_FACE ( 'NONE', ( #38 ), #2612, .T. ) ;
#100 = PRODUCT_RELATED_PRODUCT_CATEGORY ( 'part', '', ( #1059 ) ) ;
#101 = ORIENTED_EDGE ( 'NONE', *, *, #2815, .T. ) ;
#102 = CARTESIAN_POINT ( 'NONE',  ( 4.014068801214898800, 1.692680000000000000, -2.654669085607061600 ) ) ;
#103 = VECTOR ( 'NONE', #607, 1000.000000000000000 ) ;
#104 = MECHANICAL_DESIGN_GEOMETRIC_PRESENTATION_REPRESENTATION (  '', ( #685 ), #350 ) ;
#105 = CARTESIAN_POINT ( 'NONE',  ( 5.262320000000001700, 1.687680000000000100, -0.1123200000000000000 ) ) ;
#106 =( LENGTH_UNIT ( ) NAMED_UNIT ( * ) SI_UNIT ( .MILLI., .METRE. ) );
#107 = EDGE_CURVE ( 'NONE', #3882, #93, #677, .T. ) ;
#108 = CARTESIAN_POINT ( 'NONE',  ( 0.9450742240999389100, 1.654782233662873900, -0.1452177663371267400 ) ) ;
#109 = MECHANICAL_DESIGN_GEOMETRIC_PRESENTATION_REPRESENTATION (  '', ( #2857 ), #1554 ) ;
#110 = LINE ( 'NONE', #1731, #3708 ) ;
#111 = DIRECTION ( 'NONE',  ( -0.05596501978068185700, 0.0000000000000000000, 0.9984327301130245800 ) ) ;
#112 =( NAMED_UNIT ( * ) PLANE_ANGLE_UNIT ( ) SI_UNIT ( $, .RADIAN. ) );
#113 =( GEOMETRIC_REPRESENTATION_CONTEXT ( 3 ) GLOBAL_UNCERTAINTY_ASSIGNED_CONTEXT ( ( #1025 ) ) GLOBAL_UNIT_ASSIGNED_CONTEXT ( ( #4357, #3611, #3288 ) ) REPRESENTATION_CONTEXT ( 'NONE', 'WORKASPACE' ) );
#114 =( NAMED_UNIT ( * ) SI_UNIT ( $, .STERADIAN. ) SOLID_ANGLE_UNIT ( ) );
#115 = CARTESIAN_POINT ( 'NONE',  ( 0.9500000000000000700, 1.687680000000000100, -5.400000000000000400 ) ) ;
#116 = CARTESIAN_POINT ( 'NONE',  ( 0.9490570754601958000, 1.635259863643314700, -0.1288250177456413400 ) ) ;
#117 = EDGE_CURVE ( 'NONE', #2257, #4325, #4327, .T. ) ;
#118 = VECTOR ( 'NONE', #4124, 1000.000000000000000 ) ;
#119 = UNCERTAINTY_MEASURE_WITH_UNIT (LENGTH_MEASURE( 1.000000000000000100E-005 ), #1915, 'distance_accuracy_value', 'NONE');
#120 = CARTESIAN_POINT ( 'NONE',  ( 5.150671414421468700, 1.626392684038424400, -0.1245827785722861800 ) ) ;
#121 = VECTOR ( 'NONE', #1633, 1000.000000000000000 ) ;
#122 =( LENGTH_UNIT ( ) NAMED_UNIT ( * ) SI_UNIT ( .MILLI., .METRE. ) );
#123 = VECTOR ( 'NONE', #4651, 1000.000000000000000 ) ;
#124 = AXIS2_PLACEMENT_3D ( 'NONE', #4496, #1573, #4464 ) ;
#125 = DIRECTION ( 'NONE',  ( -1.000000000000000000, 0.0000000000000000000, 0.0000000000000000000 ) ) ;
#126 = AXIS2_PLACEMENT_3D ( 'NONE', #3290, #1103, #1822 ) ;
#127 = CARTESIAN_POINT ( 'NONE',  ( 0.0000000000000000000, 1.800000000000000000, -0.1123199999999999900 ) ) ;
#128 = ORIENTED_EDGE ( 'NONE', *, *, #4266, .F. ) ;
#129 = CARTESIAN_POINT ( 'NONE',  ( 0.1123199999999999500, 0.0000000000000000000, -0.1123199999999999900 ) ) ;
#130 = VECTOR ( 'NONE', #908, 1000.000000000000000 ) ;
#131 = ORIENTED_EDGE ( 'NONE', *, *, #2515, .T. ) ;
#132 = CARTESIAN_POINT ( 'NONE',  ( 5.150030899689776100, 1.604490789906627600, -0.1155294750999378800 ) ) ;
#133 = PRESENTATION_LAYER_ASSIGNMENT (  '', '', ( #1191 ) ) ;
#134 = DIRECTION ( 'NONE',  ( 1.000000000000000000, 0.0000000000000000000, -0.0000000000000000000 ) ) ;
#135 = CARTESIAN_POINT ( 'NONE',  ( 2.329662227036263000, 1.692680000000000000, -2.738018101797654100 ) ) ;
#136 = EDGE_LOOP ( 'NONE', ( #944, #144, #4562, #1204 ) ) ;
#137 = COLOUR_RGB ( '',0.7686274509803920900, 0.7686274509803920900, 0.7686274509803920900 ) ;
#138 = VERTEX_POINT ( 'NONE', #407 ) ;
#139 = ORIENTED_EDGE ( 'NONE', *, *, #506, .T. ) ;
#140 = AXIS2_PLACEMENT_3D ( 'NONE', #937, #2380, #3835 ) ;
#141 = CARTESIAN_POINT ( 'NONE',  ( 3.759893744335364400, 1.692680000000000000, -2.655279427059919600 ) ) ;
#142 = DIRECTION ( 'NONE',  ( 0.0000000000000000000, 0.0000000000000000000, 1.000000000000000000 ) ) ;
#143 = ORIENTED_EDGE ( 'NONE', *, *, #755, .F. ) ;
#144 = ORIENTED_EDGE ( 'NONE', *, *, #1495, .F. ) ;
#145 = CARTESIAN_POINT ( 'NONE',  ( 0.9450742240999389100, 1.654782233662873900, -0.1452177663371267400 ) ) ;
#146 = ORIENTED_EDGE ( 'NONE', *, *, #50, .F. ) ;
#147 = ORIENTED_EDGE ( 'NONE', *, *, #842, .F. ) ;
#148 = EDGE_CURVE ( 'NONE', #3192, #34, #2503, .T. ) ;
#149 = FACE_OUTER_BOUND ( 'NONE', #1953, .T. ) ;
#150 = CARTESIAN_POINT ( 'NONE',  ( 2.615271199120354300, 1.687680000000000100, -2.575558332963582500 ) ) ;
#151 = ADVANCED_FACE ( 'NONE', ( #2851 ), #1083, .F. ) ;
#152 = ORIENTED_EDGE ( 'NONE', *, *, #1429, .F. ) ;
#153 = FILL_AREA_STYLE ('',( #519 ) ) ;
#154 = CARTESIAN_POINT ( 'NONE',  ( 5.262320000000001700, 0.1123200000000000000, -0.1123200000000000000 ) ) ;
#155 =( NAMED_UNIT ( * ) SI_UNIT ( $, .STERADIAN. ) SOLID_ANGLE_UNIT ( ) );
#156 = VERTEX_POINT ( 'NONE', #2882 ) ;
#157 = CIRCLE ( 'NONE', #1040, 0.1123199999999999500 ) ;
#158 = LINE ( 'NONE', #957, #2677 ) ;
#159 = CIRCLE ( 'NONE', #3881, 0.1123199999999999500 ) ;
#160 = ORIENTED_EDGE ( 'NONE', *, *, #195, .F. ) ;
#161 =( NAMED_UNIT ( * ) PLANE_ANGLE_UNIT ( ) SI_UNIT ( $, .RADIAN. ) );
#162 = PRESENTATION_STYLE_ASSIGNMENT (( #4648 ) ) ;
#163 = CARTESIAN_POINT ( 'NONE',  ( 2.539739803763988700, 1.692680000000000000, -2.738018101797654100 ) ) ;
#164 = CARTESIAN_POINT ( 'NONE',  ( 3.068941737194691700, 1.687680000000000100, -2.429621719490298500 ) ) ;
#165 = CARTESIAN_POINT ( 'NONE',  ( 0.9475689629372234800, 0.1533618007684279500, -0.1370737319058247800 ) ) ;
#166 = VECTOR ( 'NONE', #4563, 1000.000000000000000 ) ;
#167 = COLOUR_RGB ( '',0.7686274509803920900, 0.7686274509803920900, 0.7686274509803920900 ) ;
#168 = CARTESIAN_POINT ( 'NONE',  ( 3.790980468944140600, 1.692680000000000000, -2.306340000000000100 ) ) ;
#169 = DIRECTION ( 'NONE',  ( 0.0000000000000000000, 0.0000000000000000000, -1.000000000000000000 ) ) ;
#170 = CARTESIAN_POINT ( 'NONE',  ( 5.987680000000000100, 0.0000000000000000000, 0.0000000000000000000 ) ) ;
#171 = PLANE ( 'NONE',  #3622 ) ;
#172 = STYLED_ITEM ( 'NONE', ( #4270 ), #505 ) ;
#173 = CARTESIAN_POINT ( 'NONE',  ( 0.9500000000000000700, 0.1123199999999999500, -0.1123200000000008200 ) ) ;
#174 = FACE_OUTER_BOUND ( 'NONE', #4673, .T. ) ;
#175 = SURFACE_SIDE_STYLE ('',( #3932 ) ) ;
#176 = CARTESIAN_POINT ( 'NONE',  ( 0.8376799999999970900, 0.1123200000000000000, -5.287679999999999900 ) ) ;
#177 = VECTOR ( 'NONE', #2687, 1000.000000000000000 ) ;
#178 = FILL_AREA_STYLE ('',( #1620 ) ) ;
#179 = UNCERTAINTY_MEASURE_WITH_UNIT (LENGTH_MEASURE( 1.000000000000000100E-005 ), #4005, 'distance_accuracy_value', 'NONE');
#180 = CARTESIAN_POINT ( 'NONE',  ( 3.515943547474217600, 1.692680000000000000, -2.495755860005379700 ) ) ;
#181 = EDGE_CURVE ( 'NONE', #1359, #624, #3637, .T. ) ;
#182 = CARTESIAN_POINT ( 'NONE',  ( 3.463233672509940400, 1.692680000000000000, -2.738018101797654100 ) ) ;
#183 = CYLINDRICAL_SURFACE ( 'NONE', #3194, 0.1123199999999999500 ) ;
#184 = DIRECTION ( 'NONE',  ( 0.0000000000000000000, 0.0000000000000000000, 1.000000000000000000 ) ) ;
#185 = PRESENTATION_LAYER_ASSIGNMENT (  '', '', ( #2495 ) ) ;
#186 = ADVANCED_FACE ( 'NONE', ( #4379 ), #2622, .F. ) ;
#187 = VERTEX_POINT ( 'NONE', #1903 ) ;
#188 = DIRECTION ( 'NONE',  ( -0.0000000000000000000, 0.0000000000000000000, -1.000000000000000000 ) ) ;
#189 = CARTESIAN_POINT ( 'NONE',  ( 0.9500000000000000700, 1.687680000000000100, -5.175359999999999500 ) ) ;
#190 = DIRECTION ( 'NONE',  ( 0.0000000000000000000, 0.0000000000000000000, 1.000000000000000000 ) ) ;
#191 = VECTOR ( 'NONE', #1809, 1000.000000000000000 ) ;
#192 = SPHERICAL_SURFACE ( 'NONE', #1645, 0.1123200000000000000 ) ;
#193 = ORIENTED_EDGE ( 'NONE', *, *, #3329, .F. ) ;
#194 = DIRECTION ( 'NONE',  ( 0.2764273280489743500, 0.0000000000000000000, -0.9610348236706642800 ) ) ;
#195 = EDGE_CURVE ( 'NONE', #1506, #1708, #4150, .T. ) ;
#196 = CARTESIAN_POINT ( 'NONE',  ( 6.100000000000000500, 1.687680000000000100, 0.0000000000000000000 ) ) ;
#197 = EDGE_LOOP ( 'NONE', ( #3308, #2743, #1115, #436 ) ) ;
#198 = EDGE_LOOP ( 'NONE', ( #2046, #483, #2913, #4495 ) ) ;
#199 = PLANE ( 'NONE',  #1024 ) ;
#200 =( GEOMETRIC_REPRESENTATION_CONTEXT ( 3 ) GLOBAL_UNCERTAINTY_ASSIGNED_CONTEXT ( ( #4399 ) ) GLOBAL_UNIT_ASSIGNED_CONTEXT ( ( #1760, #2526, #3235 ) ) REPRESENTATION_CONTEXT ( 'NONE', 'WORKASPACE' ) );
#201 = DIRECTION ( 'NONE',  ( -0.9237839814038711900, 0.0000000000000000000, 0.3829140317376895100 ) ) ;
#202 = EDGE_LOOP ( 'NONE', ( #823, #4657, #2203, #3080, #825, #3190, #83, #488, #2211, #386, #1010 ) ) ;
#203 = DIRECTION ( 'NONE',  ( 0.9999960426590096500, 0.0000000000000000000, 0.002813301676023789700 ) ) ;
#204 = AXIS2_PLACEMENT_3D ( 'NONE', #777, #914, #2661 ) ;
#205 =( NAMED_UNIT ( * ) SI_UNIT ( $, .STERADIAN. ) SOLID_ANGLE_UNIT ( ) );
#206 = EDGE_LOOP ( 'NONE', ( #3930, #3407, #2189, #373 ) ) ;
#207 = CARTESIAN_POINT ( 'NONE',  ( 2.146202774573641400, 1.692680000000000000, -2.553933869701296500 ) ) ;
#208 = VECTOR ( 'NONE', #3565, 1000.000000000000000 ) ;
#209 = DIRECTION ( 'NONE',  ( -1.000000000000000000, 0.0000000000000000000, 0.0000000000000000000 ) ) ;
#210 = EDGE_CURVE ( 'NONE', #1070, #725, #3687, .T. ) ;
#211 = ORIENTED_EDGE ( 'NONE', *, *, #312, .F. ) ;
#212 = VERTEX_POINT ( 'NONE', #1868 ) ;
#213 = VERTEX_POINT ( 'NONE', #98 ) ;
#214 = ADVANCED_FACE ( 'NONE', ( #939 ), #2846, .T. ) ;
#215 = FACE_OUTER_BOUND ( 'NONE', #3461, .T. ) ;
#216 = ORIENTED_EDGE ( 'NONE', *, *, #4644, .F. ) ;
#217 = EDGE_CURVE ( 'NONE', #3258, #2389, #2385, .T. ) ;
#218 = ORIENTED_EDGE ( 'NONE', *, *, #2930, .T. ) ;
#219 = SURFACE_STYLE_FILL_AREA ( #3955 ) ;
#220 = DIRECTION ( 'NONE',  ( -0.2762033010252067400, 0.0000000000000000000, 0.9610992334315843200 ) ) ;
#221 = CARTESIAN_POINT ( 'NONE',  ( 5.150172311762160500, 0.1185391979312370900, -5.212216508249767300 ) ) ;
#222 = CARTESIAN_POINT ( 'NONE',  ( 5.987680000000000100, 1.687680000000000100, -0.1123199999999999900 ) ) ;
#223 = PRESENTATION_LAYER_ASSIGNMENT (  '', '', ( #3952 ) ) ;
#224 = SURFACE_SIDE_STYLE ('',( #369 ) ) ;
#225 = FACE_OUTER_BOUND ( 'NONE', #442, .T. ) ;
#226 = SURFACE_STYLE_USAGE ( .BOTH. , #2983 ) ;
#227 = PRESENTATION_LAYER_ASSIGNMENT (  '', '', ( #462 ) ) ;
#228 = DIRECTION ( 'NONE',  ( 1.000000000000000000, 0.0000000000000000000, 0.0000000000000000000 ) ) ;
#229 = DIRECTION ( 'NONE',  ( -1.930559423941426400E-015, -1.000000000000000000, 0.0000000000000000000 ) ) ;
#230 = MECHANICAL_DESIGN_GEOMETRIC_PRESENTATION_REPRESENTATION (  '', ( #3686 ), #468 ) ;
#231 = DIRECTION ( 'NONE',  ( 0.0000000000000000000, -1.000000000000000000, 0.0000000000000000000 ) ) ;
#232 = FILL_AREA_STYLE ('',( #4558 ) ) ;
#233 = VECTOR ( 'NONE', #3391, 1000.000000000000200 ) ;
#234 = AXIS2_PLACEMENT_3D ( 'NONE', #4243, #3109, #2818 ) ;
#235 = ADVANCED_FACE ( 'NONE', ( #3195 ), #1996, .T. ) ;
#236 = CIRCLE ( 'NONE', #355, 0.1123199999999999500 ) ;
#237 = DIRECTION ( 'NONE',  ( 1.000000000000000000, 0.0000000000000000000, 0.0000000000000000000 ) ) ;
#238 = CARTESIAN_POINT ( 'NONE',  ( 3.723963664979314200, 1.687680000000000100, -2.575543894777979000 ) ) ;
#239 = VECTOR ( 'NONE', #2943, 1000.000000000000000 ) ;
#240 = EDGE_CURVE ( 'NONE', #725, #2060, #4373, .T. ) ;
#241 = CARTESIAN_POINT ( 'NONE',  ( 0.9500000000000000700, 0.1123199999999999500, -0.2246400000000007800 ) ) ;
#242 = COLOUR_RGB ( '',0.7686274509803920900, 0.7686274509803920900, 0.7686274509803920900 ) ;
#243 = SURFACE_SIDE_STYLE ('',( #4265 ) ) ;
#244 = MECHANICAL_DESIGN_GEOMETRIC_PRESENTATION_REPRESENTATION (  '', ( #4053 ), #1921 ) ;
#245 = ORIENTED_EDGE ( 'NONE', *, *, #2916, .F. ) ;
#246 = DIRECTION ( 'NONE',  ( 1.000000000000000000, 0.0000000000000000000, 0.0000000000000000000 ) ) ;
#247 = DIRECTION ( 'NONE',  ( -1.000000000000000000, 1.930559423941426000E-015, 0.0000000000000000000 ) ) ;
#248 = VERTEX_POINT ( 'NONE', #1560 ) ;
#249 =( LENGTH_UNIT ( ) NAMED_UNIT ( * ) SI_UNIT ( .MILLI., .METRE. ) );
#250 = CARTESIAN_POINT ( 'NONE',  ( 0.1123199999999999500, 0.0000000000000000000, -5.400000000000000400 ) ) ;
#251 = DIRECTION ( 'NONE',  ( 0.0000000000000000000, 0.0000000000000000000, 1.000000000000000000 ) ) ;
#252 = CARTESIAN_POINT ( 'NONE',  ( 0.9500000000000004000, 0.0000000000000000000, -0.1123199999999990900 ) ) ;
#253 = DIRECTION ( 'NONE',  ( 0.0000000000000000000, -1.000000000000000000, 0.0000000000000000000 ) ) ;
#254 = ORIENTED_EDGE ( 'NONE', *, *, #4200, .F. ) ;
#255 = PRESENTATION_STYLE_ASSIGNMENT (( #2251 ) ) ;
#256 = ORIENTED_EDGE ( 'NONE', *, *, #3584, .F. ) ;
#257 = CARTESIAN_POINT ( 'NONE',  ( 5.150030899689776100, 0.1955092100933754600, -5.284470524900061000 ) ) ;
#258 = SPHERICAL_SURFACE ( 'NONE', #1769, 0.1123200000000000000 ) ;
#259 = PRESENTATION_LAYER_ASSIGNMENT (  '', '', ( #2903 ) ) ;
#260 = ADVANCED_FACE ( 'NONE', ( #4143 ), #2949, .T. ) ;
#261 = ORIENTED_EDGE ( 'NONE', *, *, #4633, .T. ) ;
#262 = DIRECTION ( 'NONE',  ( 0.4668459304955247000, 0.0000000000000000000, -0.8843386665637592600 ) ) ;
#263 = ORIENTED_EDGE ( 'NONE', *, *, #1232, .F. ) ;
#264 = VECTOR ( 'NONE', #544, 1000.000000000000000 ) ;
#265 = STYLED_ITEM ( 'NONE', ( #2795 ), #235 ) ;
#266 =( LENGTH_UNIT ( ) NAMED_UNIT ( * ) SI_UNIT ( .MILLI., .METRE. ) );
#267 = ORIENTED_EDGE ( 'NONE', *, *, #4108, .F. ) ;
#268 = ORIENTED_EDGE ( 'NONE', *, *, #4130, .F. ) ;
#269 = ORIENTED_EDGE ( 'NONE', *, *, #786, .F. ) ;
#270 = LINE ( 'NONE', #102, #2564 ) ;
#271 = CYLINDRICAL_SURFACE ( 'NONE', #2347, 0.1123200000000000000 ) ;
#272 = CARTESIAN_POINT ( 'NONE',  ( 2.329662227036263000, 1.692680000000000000, -2.738018101797654100 ) ) ;
#273 = AXIS2_PLACEMENT_3D ( 'NONE', #1818, #2539, #58 ) ;
#274 = ORIENTED_EDGE ( 'NONE', *, *, #4238, .F. ) ;
#275 = SURFACE_STYLE_USAGE ( .BOTH. , #4235 ) ;
#276 = DIRECTION ( 'NONE',  ( 0.0000000000000000000, 0.0000000000000000000, -1.000000000000000000 ) ) ;
#277 =( LENGTH_UNIT ( ) NAMED_UNIT ( * ) SI_UNIT ( .MILLI., .METRE. ) );
#278 = CARTESIAN_POINT ( 'NONE',  ( 5.987680000000000100, 1.687680000000000100, -0.1123199999999999900 ) ) ;
#279 = VERTEX_POINT ( 'NONE', #461 ) ;
#280 = FACE_OUTER_BOUND ( 'NONE', #3001, .T. ) ;
#281 =( NAMED_UNIT ( * ) SI_UNIT ( $, .STERADIAN. ) SOLID_ANGLE_UNIT ( ) );
#282 = EDGE_CURVE ( 'NONE', #4599, #2325, #1340, .T. ) ;
#283 = SURFACE_STYLE_FILL_AREA ( #555 ) ;
#284 = ORIENTED_EDGE ( 'NONE', *, *, #3338, .T. ) ;
#285 = CARTESIAN_POINT ( 'NONE',  ( 0.9450742240999356900, 0.1452177663371256600, -0.1452177663371273500 ) ) ;
#286 = EDGE_CURVE ( 'NONE', #2559, #1738, #3744, .T. ) ;
#287 = CARTESIAN_POINT ( 'NONE',  ( 4.014068801214898800, 1.687680000000000100, -2.654669085607061600 ) ) ;
#288 = SURFACE_SIDE_STYLE ('',( #3560 ) ) ;
#289 = CARTESIAN_POINT ( 'NONE',  ( 3.913949177006661000, 1.692680000000000000, -2.306340000000000100 ) ) ;
#290 = VECTOR ( 'NONE', #2488, 1000.000000000000000 ) ;
#291 = SURFACE_STYLE_USAGE ( .BOTH. , #2425 ) ;
#292 = CARTESIAN_POINT ( 'NONE',  ( 3.913949177006661000, 1.687680000000000100, -2.306340000000000100 ) ) ;
#293 = AXIS2_PLACEMENT_3D ( 'NONE', #1913, #485, #1515 ) ;
#294 = CARTESIAN_POINT ( 'NONE',  ( 5.154925775900062800, 1.654782233662874100, -0.1452177663371269100 ) ) ;
#295 = DIRECTION ( 'NONE',  ( -0.0000000000000000000, -1.000000000000000000, -0.0000000000000000000 ) ) ;
#296 = LINE ( 'NONE', #650, #2348 ) ;
#297 = FACE_OUTER_BOUND ( 'NONE', #4659, .T. ) ;
#298 = EDGE_CURVE ( 'NONE', #4101, #2552, #3405, .T. ) ;
#299 = FACE_OUTER_BOUND ( 'NONE', #4092, .T. ) ;
#300 = AXIS2_PLACEMENT_3D ( 'NONE', #504, #4119, #484 ) ;
#301 = CARTESIAN_POINT ( 'NONE',  ( 5.150000000000002100, 1.575360000000000100, -5.287679999999999000 ) ) ;
#302 = AXIS2_PLACEMENT_3D ( 'NONE', #3434, #1988, #3454 ) ;
#303 = DIRECTION ( 'NONE',  ( 0.0000000000000000000, 0.0000000000000000000, 1.000000000000000000 ) ) ;
#304 = EDGE_CURVE ( 'NONE', #877, #4047, #3939, .T. ) ;
#305 = FILL_AREA_STYLE_COLOUR ( '', #2293 ) ;
#306 = VECTOR ( 'NONE', #3764, 1000.000000000000000 ) ;
#307 = SURFACE_SIDE_STYLE ('',( #2709 ) ) ;
#308 = SURFACE_SIDE_STYLE ('',( #4044 ) ) ;
#309 = CARTESIAN_POINT ( 'NONE',  ( 2.329662227036263000, 1.687680000000000100, -2.738018101797654100 ) ) ;
#310 = ORIENTED_EDGE ( 'NONE', *, *, #117, .F. ) ;
#311 = VECTOR ( 'NONE', #2632, 1000.000000000000000 ) ;
#312 = EDGE_CURVE ( 'NONE', #3534, #1070, #3014, .T. ) ;
#313 =( NAMED_UNIT ( * ) SI_UNIT ( $, .STERADIAN. ) SOLID_ANGLE_UNIT ( ) );
#314 = VECTOR ( 'NONE', #15, 1000.000000000000000 ) ;
#315 = AXIS2_PLACEMENT_3D ( 'NONE', #2968, #3063, #2950 ) ;
#316 = ORIENTED_EDGE ( 'NONE', *, *, #1123, .F. ) ;
#317 = CARTESIAN_POINT ( 'NONE',  ( 0.9500000000000004000, 0.2246399999999999500, -0.1123199999999990900 ) ) ;
#318 = LINE ( 'NONE', #978, #3583 ) ;
#319 = ORIENTED_EDGE ( 'NONE', *, *, #3281, .F. ) ;
#320 = EDGE_LOOP ( 'NONE', ( #1009, #1837, #3897, #2403 ) ) ;
#321 = CARTESIAN_POINT ( 'NONE',  ( 3.891128969522361600, 1.692680000000000000, -2.654669085608133600 ) ) ;
#322 = COLOUR_RGB ( '',0.7686274509803920900, 0.7686274509803920900, 0.7686274509803920900 ) ;
#323 = CARTESIAN_POINT ( 'NONE',  ( 3.221896250738491800, 1.692680000000000000, -2.738018101797654100 ) ) ;
#324 = ORIENTED_EDGE ( 'NONE', *, *, #3448, .T. ) ;
#325 = STYLED_ITEM ( 'NONE', ( #3571 ), #1884 ) ;
#326 = VERTEX_POINT ( 'NONE', #1210 ) ;
#327 = EDGE_CURVE ( 'NONE', #4278, #1949, #3541, .T. ) ;
#328 = ORIENTED_EDGE ( 'NONE', *, *, #3504, .T. ) ;
#329 = ORIENTED_EDGE ( 'NONE', *, *, #3750, .F. ) ;
#330 = VECTOR ( 'NONE', #2883, 1000.000000000000000 ) ;
#331 = VECTOR ( 'NONE', #3099, 1000.000000000000100 ) ;
#332 = ORIENTED_EDGE ( 'NONE', *, *, #4480, .T. ) ;
#333 = DIRECTION ( 'NONE',  ( 0.0000000000000000000, 1.000000000000000000, 0.0000000000000000000 ) ) ;
#334 = CARTESIAN_POINT ( 'NONE',  ( 5.150086068518853600, 0.1192533956990778400, -0.1840563693920448400 ) ) ;
#335 = CYLINDRICAL_SURFACE ( 'NONE', #2082, 0.1123199999999999500 ) ;
#336 = PLANE ( 'NONE',  #839 ) ;
#337 = DIRECTION ( 'NONE',  ( 0.0000000000000000000, 0.0000000000000000000, 1.000000000000000000 ) ) ;
#338 = DIRECTION ( 'NONE',  ( 0.0000000000000000000, -0.0000000000000000000, -1.000000000000000000 ) ) ;
#339 = EDGE_CURVE ( 'NONE', #4334, #2948, #1399, .T. ) ;
#340 = CARTESIAN_POINT ( 'NONE',  ( 3.177420614523705400, 1.692680000000000000, -2.306340000000000100 ) ) ;
#341 = AXIS2_PLACEMENT_3D ( 'NONE', #4668, #32, #2541 ) ;
#342 = CARTESIAN_POINT ( 'NONE',  ( 5.987680000000000100, 0.1123200000000000000, 0.0000000000000000000 ) ) ;
#343 = FACE_OUTER_BOUND ( 'NONE', #4025, .T. ) ;
#344 = DIRECTION ( 'NONE',  ( -0.7145695586381789500, 0.0000000000000000000, 0.6995643972270444400 ) ) ;
#345 = LINE ( 'NONE', #2409, #2414 ) ;
#346 =( LENGTH_UNIT ( ) NAMED_UNIT ( * ) SI_UNIT ( .MILLI., .METRE. ) );
#347 = CARTESIAN_POINT ( 'NONE',  ( 3.515943547474217600, 1.687680000000000100, -2.495755860005379700 ) ) ;
#348 = LINE ( 'NONE', #2902, #1693 ) ;
#349 = DIRECTION ( 'NONE',  ( -1.000000000000000000, 0.0000000000000000000, 0.0000000000000000000 ) ) ;
#350 =( GEOMETRIC_REPRESENTATION_CONTEXT ( 3 ) GLOBAL_UNCERTAINTY_ASSIGNED_CONTEXT ( ( #2100 ) ) GLOBAL_UNIT_ASSIGNED_CONTEXT ( ( #2183, #365, #2142 ) ) REPRESENTATION_CONTEXT ( 'NONE', 'WORKASPACE' ) );
#351 = CARTESIAN_POINT ( 'NONE',  ( 0.9490570754601935800, 0.1647401363566852500, -5.271174982254357200 ) ) ;
#352 = LINE ( 'NONE', #2628, #409 ) ;
#353 = EDGE_CURVE ( 'NONE', #706, #37, #2439, .T. ) ;
#354 =( NAMED_UNIT ( * ) SI_UNIT ( $, .STERADIAN. ) SOLID_ANGLE_UNIT ( ) );
#355 = AXIS2_PLACEMENT_3D ( 'NONE', #2640, #1247, #169 ) ;
#356 = LINE ( 'NONE', #1862, #239 ) ;
#357 = UNCERTAINTY_MEASURE_WITH_UNIT (LENGTH_MEASURE( 1.000000000000000100E-005 ), #277, 'distance_accuracy_value', 'NONE');
#358 = AXIS2_PLACEMENT_3D ( 'NONE', #1354, #1698, #3203 ) ;
#359 = DIRECTION ( 'NONE',  ( 0.0000000000000000000, 1.000000000000000000, 0.0000000000000000000 ) ) ;
#360 = ADVANCED_FACE ( 'NONE', ( #2264 ), #258, .T. ) ;
#362 = EDGE_CURVE ( 'NONE', #4047, #3353, #3987, .T. ) ;
#361 = ORIENTED_EDGE ( 'NONE', *, *, #362, .F. ) ;
#363 = DIRECTION ( 'NONE',  ( 1.000000000000000000, 0.0000000000000000000, 1.539402763017534800E-015 ) ) ;
#364 = VERTEX_POINT ( 'NONE', #1632 ) ;
#365 =( NAMED_UNIT ( * ) PLANE_ANGLE_UNIT ( ) SI_UNIT ( $, .RADIAN. ) );
#366 = VECTOR ( 'NONE', #3075, 1000.000000000000000 ) ;
#367 = FILL_AREA_STYLE_COLOUR ( '', #2529 ) ;
#368 = ORIENTED_EDGE ( 'NONE', *, *, #587, .F. ) ;
#369 = SURFACE_STYLE_FILL_AREA ( #562 ) ;
#370 = EDGE_LOOP ( 'NONE', ( #3978, #2793, #3819, #778 ) ) ;
#371 = LINE ( 'NONE', #4453, #1447 ) ;
#372 = CARTESIAN_POINT ( 'NONE',  ( 0.9500000000000000700, 1.687680000000000100, -5.175359999999999500 ) ) ;
#373 = ORIENTED_EDGE ( 'NONE', *, *, #1075, .T. ) ;
#374 = CARTESIAN_POINT ( 'NONE',  ( 0.9499691003102264100, 1.604490789906628500, -5.284470524900060100 ) ) ;
#375 =( GEOMETRIC_REPRESENTATION_CONTEXT ( 3 ) GLOBAL_UNCERTAINTY_ASSIGNED_CONTEXT ( ( #4516 ) ) GLOBAL_UNIT_ASSIGNED_CONTEXT ( ( #1483, #2134, #581 ) ) REPRESENTATION_CONTEXT ( 'NONE', 'WORKASPACE' ) );
#376 = EDGE_LOOP ( 'NONE', ( #3070, #2891, #617 ) ) ;
#377 = ORIENTED_EDGE ( 'NONE', *, *, #2465, .F. ) ;
#378 = CARTESIAN_POINT ( 'NONE',  ( 3.790980468944140600, 1.692680000000000000, -2.306340000000000100 ) ) ;
#379 = VECTOR ( 'NONE', #804, 1000.000000000000000 ) ;
#380 = MECHANICAL_DESIGN_GEOMETRIC_PRESENTATION_REPRESENTATION (  '', ( #526 ), #632 ) ;
#381 = CARTESIAN_POINT ( 'NONE',  ( 2.561933919047046700, 1.687680000000000100, -2.388467020723880300 ) ) ;
#382 = VERTEX_POINT ( 'NONE', #3067 ) ;
#383 = CARTESIAN_POINT ( 'NONE',  ( 5.262320000000001700, 1.687680000000000100, -5.287679999999999900 ) ) ;
#384 = EDGE_LOOP ( 'NONE', ( #1793, #1603, #2550, #2501 ) ) ;
#385 = CARTESIAN_POINT ( 'NONE',  ( 0.9499691003102225300, 0.1155294750999376900, -5.204490789906622600 ) ) ;
#386 = ORIENTED_EDGE ( 'NONE', *, *, #3244, .T. ) ;
#387 = LINE ( 'NONE', #347, #1459 ) ;
#388 = PRESENTATION_STYLE_ASSIGNMENT (( #2809 ) ) ;
#389 = VECTOR ( 'NONE', #2020, 1000.000000000000000 ) ;
#390 = ORIENTED_EDGE ( 'NONE', *, *, #4350, .F. ) ;
#391 =( GEOMETRIC_REPRESENTATION_CONTEXT ( 3 ) GLOBAL_UNCERTAINTY_ASSIGNED_CONTEXT ( ( #4055 ) ) GLOBAL_UNIT_ASSIGNED_CONTEXT ( ( #2197, #2517, #2892 ) ) REPRESENTATION_CONTEXT ( 'NONE', 'WORKASPACE' ) );
#392 = ADVANCED_BREP_SHAPE_REPRESENTATION ( 'CCS_CCSTDNOS_2220_L6.1W5.4T1.8B0.95', ( #3321, #808, #1509, #1985, #435 ), #4277 ) ;
#393 = ORIENTED_EDGE ( 'NONE', *, *, #2751, .F. ) ;
#394 = UNCERTAINTY_MEASURE_WITH_UNIT (LENGTH_MEASURE( 1.000000000000000100E-005 ), #1900, 'distance_accuracy_value', 'NONE');
#395 = VECTOR ( 'NONE', #3365, 1000.000000000000000 ) ;
#396 = PRESENTATION_LAYER_ASSIGNMENT (  '', '', ( #4587 ) ) ;
#397 = ORIENTED_EDGE ( 'NONE', *, *, #4255, .T. ) ;
#398 = DIRECTION ( 'NONE',  ( 0.0000000000000000000, 1.000000000000000000, 0.0000000000000000000 ) ) ;
#399 = ADVANCED_FACE ( 'NONE', ( #4551 ), #1242, .F. ) ;
#400 = PLANE ( 'NONE',  #2290 ) ;
#401 =( LENGTH_UNIT ( ) NAMED_UNIT ( * ) SI_UNIT ( .MILLI., .METRE. ) );
#402 = CARTESIAN_POINT ( 'NONE',  ( 0.9487412343930107200, 0.1299304188900634300, -5.236877533923816900 ) ) ;
#403 = FILL_AREA_STYLE_COLOUR ( '', #3506 ) ;
#404 = EDGE_CURVE ( 'NONE', #1414, #754, #2434, .T. ) ;
#405 = SURFACE_STYLE_FILL_AREA ( #3300 ) ;
#406 = DIRECTION ( 'NONE',  ( -0.2746918797667152700, 0.0000000000000000000, 0.9615323037684320200 ) ) ;
#407 = CARTESIAN_POINT ( 'NONE',  ( 2.329662227036263000, 1.687680000000000100, -2.738018101797654100 ) ) ;
#408 = LINE ( 'NONE', #2834, #2184 ) ;
#409 = VECTOR ( 'NONE', #3040, 1000.000000000000000 ) ;
#410 = DIRECTION ( 'NONE',  ( 0.0000000000000000000, 0.0000000000000000000, 1.000000000000000000 ) ) ;
#411 = FACE_OUTER_BOUND ( 'NONE', #4041, .T. ) ;
#412 = AXIS2_PLACEMENT_3D ( 'NONE', #63, #3616, #4343 ) ;
#413 = CARTESIAN_POINT ( 'NONE',  ( 0.9500000000000004000, 0.2121806870413397200, -5.287679999999999000 ) ) ;
#414 = PRESENTATION_LAYER_ASSIGNMENT (  '', '', ( #172 ) ) ;
#415 = FACE_OUTER_BOUND ( 'NONE', #4571, .T. ) ;
#416 = DIRECTION ( 'NONE',  ( 1.000000000000000000, 0.0000000000000000000, 0.0000000000000000000 ) ) ;
#417 = CARTESIAN_POINT ( 'NONE',  ( 0.9460158448510978000, 1.657856139314829200, -5.251708328011439200 ) ) ;
#418 = EDGE_LOOP ( 'NONE', ( #1344, #1463, #815 ) ) ;
#419 = CARTESIAN_POINT ( 'NONE',  ( 3.411227330224759300, 1.692680000000000000, -2.738018101797654100 ) ) ;
#420 = PRESENTATION_STYLE_ASSIGNMENT (( #4414 ) ) ;
#421 = STYLED_ITEM ( 'NONE', ( #1475 ), #1137 ) ;
#422 = DIRECTION ( 'NONE',  ( 1.000000000000000000, 0.0000000000000000000, 0.0000000000000000000 ) ) ;
#423 = SURFACE_STYLE_FILL_AREA ( #3011 ) ;
#424 = EDGE_CURVE ( 'NONE', #4101, #3754, #2727, .T. ) ;
#425 = VERTEX_POINT ( 'NONE', #494 ) ;
#426 = VECTOR ( 'NONE', #2485, 1000.000000000000100 ) ;
#427 = DIRECTION ( 'NONE',  ( -0.4443210308329503300, 0.0000000000000000000, 0.8958676361826809500 ) ) ;
#428 = CARTESIAN_POINT ( 'NONE',  ( 3.538711252468075900, 1.692680000000000000, -2.575543894777979000 ) ) ;
#429 = ORIENTED_EDGE ( 'NONE', *, *, #3478, .T. ) ;
#430 = STYLED_ITEM ( 'NONE', ( #4674 ), #4049 ) ;
#431 = ORIENTED_EDGE ( 'NONE', *, *, #874, .T. ) ;
#432 = CARTESIAN_POINT ( 'NONE',  ( 0.9496007598724732800, 1.677368716263962100, -5.223996614576750000 ) ) ;
#433 = EDGE_LOOP ( 'NONE', ( #720, #3047, #1889, #3693 ) ) ;
#434 = DIRECTION ( 'NONE',  ( 1.000000000000000000, -0.0000000000000000000, -0.0000000000000000000 ) ) ;
#435 = AXIS2_PLACEMENT_3D ( 'NONE', #3085, #3490, #3851 ) ;
#436 = ORIENTED_EDGE ( 'NONE', *, *, #2324, .T. ) ;
#437 = ORIENTED_EDGE ( 'NONE', *, *, #3478, .F. ) ;
#438 = ORIENTED_EDGE ( 'NONE', *, *, #4033, .F. ) ;
#439 = VECTOR ( 'NONE', #2477, 1000.000000000000200 ) ;
#440 = PRESENTATION_STYLE_ASSIGNMENT (( #2716 ) ) ;
#441 = SURFACE_STYLE_USAGE ( .BOTH. , #2580 ) ;
#442 = EDGE_LOOP ( 'NONE', ( #2547, #4084, #4272, #556 ) ) ;
#443 = EDGE_CURVE ( 'NONE', #1738, #934, #1336, .T. ) ;
#444 =( NAMED_UNIT ( * ) SI_UNIT ( $, .STERADIAN. ) SOLID_ANGLE_UNIT ( ) );
#445 = COLOUR_RGB ( '',0.6470588235294118000, 0.5176470588235293500, 0.0000000000000000000 ) ;
#446 = FACE_OUTER_BOUND ( 'NONE', #4287, .T. ) ;
#447 = MECHANICAL_DESIGN_GEOMETRIC_PRESENTATION_REPRESENTATION (  '', ( #4401 ), #200 ) ;
#448 = FILL_AREA_STYLE ('',( #3675 ) ) ;
#449 = LINE ( 'NONE', #2729, #2752 ) ;
#450 = PRESENTATION_LAYER_ASSIGNMENT (  '', '', ( #1111 ) ) ;
#451 = DIRECTION ( 'NONE',  ( 0.0000000000000000000, 0.0000000000000000000, 1.000000000000000000 ) ) ;
#452 = EDGE_CURVE ( 'NONE', #3398, #2565, #3009, .T. ) ;
#453 = COLOUR_RGB ( '',0.7686274509803920900, 0.7686274509803920900, 0.7686274509803920900 ) ;
#454 = FACE_OUTER_BOUND ( 'NONE', #3553, .T. ) ;
#455 = CARTESIAN_POINT ( 'NONE',  ( 5.262320000000001700, 1.800000000000000000, -5.287679999999999900 ) ) ;
#456 = ADVANCED_FACE ( 'NONE', ( #1778 ), #4660, .T. ) ;
#457 = EDGE_CURVE ( 'NONE', #1500, #1041, #1377, .T. ) ;
#458 = LINE ( 'NONE', #1289, #4355 ) ;
#459 = SURFACE_SIDE_STYLE ('',( #1255 ) ) ;
#460 = PRESENTATION_STYLE_ASSIGNMENT (( #942 ) ) ;
#461 = CARTESIAN_POINT ( 'NONE',  ( 0.0000000000000000000, 0.1123200000000000000, -0.1123199999999999900 ) ) ;
#462 = STYLED_ITEM ( 'NONE', ( #3842 ), #2760 ) ;
#463 = DIRECTION ( 'NONE',  ( 0.0000000000000000000, 0.0000000000000000000, -1.000000000000000000 ) ) ;
#464 = VECTOR ( 'NONE', #3542, 1000.000000000000000 ) ;
#465 = PLANE ( 'NONE',  #1450 ) ;
#466 = CARTESIAN_POINT ( 'NONE',  ( 5.150008434677455500, 1.592890475672492400, -0.1136964791315131900 ) ) ;
#467 = PLANE ( 'NONE',  #4560 ) ;
#468 =( GEOMETRIC_REPRESENTATION_CONTEXT ( 3 ) GLOBAL_UNCERTAINTY_ASSIGNED_CONTEXT ( ( #564 ) ) GLOBAL_UNIT_ASSIGNED_CONTEXT ( ( #3889, #999, #3869 ) ) REPRESENTATION_CONTEXT ( 'NONE', 'WORKASPACE' ) );
#469 = DIRECTION ( 'NONE',  ( -1.000000000000000000, 0.0000000000000000000, 2.459231407381526200E-015 ) ) ;
#470 = CARTESIAN_POINT ( 'NONE',  ( 0.9483459177687879600, 0.1345373754723364600, -5.265462624527662800 ) ) ;
#471 = AXIS2_PLACEMENT_3D ( 'NONE', #3796, #4160, #1629 ) ;
#472 = SURFACE_SIDE_STYLE ('',( #3039 ) ) ;
#473 = SURFACE_STYLE_FILL_AREA ( #232 ) ;
#474 =( LENGTH_UNIT ( ) NAMED_UNIT ( * ) SI_UNIT ( .MILLI., .METRE. ) );
#475 = ORIENTED_EDGE ( 'NONE', *, *, #3975, .T. ) ;
#476 = CARTESIAN_POINT ( 'NONE',  ( 2.777758531761730200, 1.692680000000000000, -2.495755860006286600 ) ) ;
#477 = CARTESIAN_POINT ( 'NONE',  ( 0.9460158448510979100, 1.651708328011441500, -0.1421438606851709900 ) ) ;
#478 = ORIENTED_EDGE ( 'NONE', *, *, #240, .T. ) ;
#479 = VERTEX_POINT ( 'NONE', #2028 ) ;
#480 = LINE ( 'NONE', #536, #537 ) ;
#481 = EDGE_CURVE ( 'NONE', #42, #4278, #2607, .T. ) ;
#482 = ORIENTED_EDGE ( 'NONE', *, *, #542, .F. ) ;
#483 = ORIENTED_EDGE ( 'NONE', *, *, #3657, .F. ) ;
#484 = DIRECTION ( 'NONE',  ( 0.0000000000000000000, 0.0000000000000000000, -1.000000000000000000 ) ) ;
#485 = DIRECTION ( 'NONE',  ( 0.0000000000000000000, -1.000000000000000000, 0.0000000000000000000 ) ) ;
#486 = AXIS2_PLACEMENT_3D ( 'NONE', #4455, #927, #520 ) ;
#487 = ORIENTED_EDGE ( 'NONE', *, *, #3937, .F. ) ;
#488 = ORIENTED_EDGE ( 'NONE', *, *, #404, .T. ) ;
#489 = ORIENTED_EDGE ( 'NONE', *, *, #2530, .T. ) ;
#490 =( NAMED_UNIT ( * ) PLANE_ANGLE_UNIT ( ) SI_UNIT ( $, .RADIAN. ) );
#491 = FACE_OUTER_BOUND ( 'NONE', #1831, .T. ) ;
#492 = COLOUR_RGB ( '',0.7686274509803920900, 0.7686274509803920900, 0.7686274509803920900 ) ;
#493 = ORIENTED_EDGE ( 'NONE', *, *, #2209, .F. ) ;
#494 = CARTESIAN_POINT ( 'NONE',  ( 2.800552488001332400, 1.687680000000000100, -2.575558332963582500 ) ) ;
#495 = VERTEX_POINT ( 'NONE', #1665 ) ;
#496 = DIRECTION ( 'NONE',  ( -1.000000000000000000, 0.0000000000000000000, 0.0000000000000000000 ) ) ;
#497 = LINE ( 'NONE', #238, #1360 ) ;
#498 =( NAMED_UNIT ( * ) SI_UNIT ( $, .STERADIAN. ) SOLID_ANGLE_UNIT ( ) );
#499 = PRESENTATION_STYLE_ASSIGNMENT (( #534 ) ) ;
#500 = ORIENTED_EDGE ( 'NONE', *, *, #922, .F. ) ;
#501 = UNCERTAINTY_MEASURE_WITH_UNIT (LENGTH_MEASURE( 1.000000000000000100E-005 ), #1772, 'distance_accuracy_value', 'NONE');
#502 = CARTESIAN_POINT ( 'NONE',  ( 2.561933919047046700, 1.687680000000000100, -2.388467020723880300 ) ) ;
#503 = VECTOR ( 'NONE', #4294, 1000.000000000000000 ) ;
#504 = CARTESIAN_POINT ( 'NONE',  ( 5.987680000000000100, 0.0000000000000000000, -0.1123199999999999900 ) ) ;
#505 = ADVANCED_FACE ( 'NONE', ( #30 ), #4208, .T. ) ;
#506 = EDGE_CURVE ( 'NONE', #4000, #769, #480, .T. ) ;
#507 =( NAMED_UNIT ( * ) PLANE_ANGLE_UNIT ( ) SI_UNIT ( $, .RADIAN. ) );
#508 = SURFACE_STYLE_FILL_AREA ( #2226 ) ;
#509 = FILL_AREA_STYLE ('',( #1195 ) ) ;
#510 = LINE ( 'NONE', #3654, #1235 ) ;
#511 = PRESENTATION_LAYER_ASSIGNMENT (  '', '', ( #1229 ) ) ;
#512 = DIRECTION ( 'NONE',  ( 1.000000000000000000, 0.0000000000000000000, 0.0000000000000000000 ) ) ;
#513 =( LENGTH_UNIT ( ) NAMED_UNIT ( * ) SI_UNIT ( .MILLI., .METRE. ) );
#514 = EDGE_CURVE ( 'NONE', #1414, #3305, #1449, .T. ) ;
#515 = CARTESIAN_POINT ( 'NONE',  ( 4.132258281751670200, 1.692680000000000000, -2.654659702724873100 ) ) ;
#516 = VECTOR ( 'NONE', #2825, 1000.000000000000000 ) ;
#517 =( LENGTH_UNIT ( ) NAMED_UNIT ( * ) SI_UNIT ( .MILLI., .METRE. ) );
#518 = VECTOR ( 'NONE', #1578, 1000.000000000000000 ) ;
#519 = FILL_AREA_STYLE_COLOUR ( '', #3379 ) ;
#520 = DIRECTION ( 'NONE',  ( 1.000000000000000000, -1.930559423941426000E-015, 0.0000000000000000000 ) ) ;
#521 = EDGE_CURVE ( 'NONE', #3632, #1705, #3400, .T. ) ;
#522 = SURFACE_STYLE_FILL_AREA ( #630 ) ;
#523 = FILL_AREA_STYLE ('',( #898 ) ) ;
#524 = CARTESIAN_POINT ( 'NONE',  ( 3.411227330224759300, 1.687680000000000100, -2.738018101797654100 ) ) ;
#525 = LINE ( 'NONE', #565, #4533 ) ;
#526 = STYLED_ITEM ( 'NONE', ( #4456 ), #2686 ) ;
#527 = UNCERTAINTY_MEASURE_WITH_UNIT (LENGTH_MEASURE( 1.000000000000000100E-005 ), #3114, 'distance_accuracy_value', 'NONE');
#528 = EDGE_LOOP ( 'NONE', ( #1781, #3090, #1664, #69 ) ) ;
#529 =( NAMED_UNIT ( * ) PLANE_ANGLE_UNIT ( ) SI_UNIT ( $, .RADIAN. ) );
#530 = EDGE_CURVE ( 'NONE', #2861, #326, #1102, .T. ) ;
#531 = VECTOR ( 'NONE', #4034, 999.9999999999998900 ) ;
#532 = DIRECTION ( 'NONE',  ( -0.0000000000000000000, -1.000000000000000000, 0.0000000000000000000 ) ) ;
#533 = MECHANICAL_DESIGN_GEOMETRIC_PRESENTATION_REPRESENTATION (  '', ( #3431 ), #1160 ) ;
#534 = SURFACE_STYLE_USAGE ( .BOTH. , #4134 ) ;
#535 = ORIENTED_EDGE ( 'NONE', *, *, #2762, .T. ) ;
#536 = CARTESIAN_POINT ( 'NONE',  ( 2.969375558335646500, 1.692680000000000000, -2.306340000000000100 ) ) ;
#537 = VECTOR ( 'NONE', #4123, 1000.000000000000000 ) ;
#538 = MECHANICAL_DESIGN_GEOMETRIC_PRESENTATION_REPRESENTATION (  '', ( #3761 ), #3198 ) ;
#539 = CARTESIAN_POINT ( 'NONE',  ( 2.367359014849628600, 1.692680000000000000, -2.306340000000000100 ) ) ;
#540 = CARTESIAN_POINT ( 'NONE',  ( 2.141930384065831000, 1.687680000000000100, -2.540729493345363900 ) ) ;
#541 = ORIENTED_EDGE ( 'NONE', *, *, #1257, .T. ) ;
#542 = EDGE_CURVE ( 'NONE', #3265, #877, #1933, .T. ) ;
#543 = ORIENTED_EDGE ( 'NONE', *, *, #3315, .T. ) ;
#544 = DIRECTION ( 'NONE',  ( -1.000000000000000000, 0.0000000000000000000, 0.0000000000000000000 ) ) ;
#545 = VECTOR ( 'NONE', #3004, 1000.000000000000100 ) ;
#546 = CARTESIAN_POINT ( 'NONE',  ( 5.262320000000001700, 1.687680000000000100, -5.287679999999999900 ) ) ;
#547 = ADVANCED_FACE ( 'NONE', ( #2895 ), #1660, .F. ) ;
#548 = ORIENTED_EDGE ( 'NONE', *, *, #4556, .F. ) ;
#549 = SURFACE_SIDE_STYLE ('',( #4604 ) ) ;
#550 = EDGE_CURVE ( 'NONE', #2451, #3479, #2199, .T. ) ;
#551 = VECTOR ( 'NONE', #3385, 1000.000000000000000 ) ;
#552 = CARTESIAN_POINT ( 'NONE',  ( 3.688521858785050300, 1.692680000000000000, -2.388482771469913500 ) ) ;
#553 = ORIENTED_EDGE ( 'NONE', *, *, #2741, .F. ) ;
#554 = CARTESIAN_POINT ( 'NONE',  ( 2.615271199120354300, 1.692680000000000000, -2.575558332963582500 ) ) ;
#555 = FILL_AREA_STYLE ('',( #1627 ) ) ;
#556 = ORIENTED_EDGE ( 'NONE', *, *, #3657, .T. ) ;
#557 = DIRECTION ( 'NONE',  ( -0.0000000000000000000, -0.0000000000000000000, 1.000000000000000000 ) ) ;
#558 = ORIENTED_EDGE ( 'NONE', *, *, #1916, .T. ) ;
#559 = PRESENTATION_STYLE_ASSIGNMENT (( #226 ) ) ;
#560 = AXIS2_PLACEMENT_3D ( 'NONE', #3947, #2856, #3213 ) ;
#561 = SURFACE_STYLE_FILL_AREA ( #4340 ) ;
#562 = FILL_AREA_STYLE ('',( #2697 ) ) ;
#563 = ORIENTED_EDGE ( 'NONE', *, *, #2254, .F. ) ;
#564 = UNCERTAINTY_MEASURE_WITH_UNIT (LENGTH_MEASURE( 1.000000000000000100E-005 ), #3889, 'distance_accuracy_value', 'NONE');
#565 = CARTESIAN_POINT ( 'NONE',  ( 0.9500000000000004000, 0.2246399999999999500, -0.1123199999999990900 ) ) ;
#566 =( LENGTH_UNIT ( ) NAMED_UNIT ( * ) SI_UNIT ( .MILLI., .METRE. ) );
#567 = DIRECTION ( 'NONE',  ( 0.0000000000000000000, 1.000000000000000000, 0.0000000000000000000 ) ) ;
#568 = UNCERTAINTY_MEASURE_WITH_UNIT (LENGTH_MEASURE( 1.000000000000000100E-005 ), #1814, 'distance_accuracy_value', 'NONE');
#569 = CARTESIAN_POINT ( 'NONE',  ( 3.688521858785050300, 1.692680000000000000, -2.388482771469913500 ) ) ;
#570 = VECTOR ( 'NONE', #1707, 1000.000000000000000 ) ;
#571 = STYLED_ITEM ( 'NONE', ( #420 ), #1718 ) ;
#572 = SPHERICAL_SURFACE ( 'NONE', #273, 0.1123200000000000000 ) ;
#573 = DIRECTION ( 'NONE',  ( 0.0000000000000000000, 0.0000000000000000000, 1.000000000000000000 ) ) ;
#574 = CARTESIAN_POINT ( 'NONE',  ( 5.262320000000001700, 0.0000000000000000000, 0.0000000000000000000 ) ) ;
#575 = DIRECTION ( 'NONE',  ( 0.0000000000000000000, -1.000000000000000000, 0.0000000000000000000 ) ) ;
#576 = PRESENTATION_LAYER_ASSIGNMENT (  '', '', ( #3633 ) ) ;
#577 = CARTESIAN_POINT ( 'NONE',  ( 5.150000000000002100, 0.1123199999999999500, -5.175359999999999500 ) ) ;
#578 = ADVANCED_FACE ( 'NONE', ( #4655 ), #1989, .T. ) ;
#579 = SURFACE_STYLE_FILL_AREA ( #4630 ) ;
#580 = CARTESIAN_POINT ( 'NONE',  ( 3.411227330224759300, 1.692680000000000000, -2.738018101797654100 ) ) ;
#581 =( NAMED_UNIT ( * ) SI_UNIT ( $, .STERADIAN. ) SOLID_ANGLE_UNIT ( ) );
#582 = DIRECTION ( 'NONE',  ( 1.000000000000000000, 0.0000000000000000000, 0.0000000000000000000 ) ) ;
#583 = LINE ( 'NONE', #1385, #1964 ) ;
#584 = DIRECTION ( 'NONE',  ( 0.2745159998572619900, 0.0000000000000000000, -0.9615825319869156800 ) ) ;
#585 =( LENGTH_UNIT ( ) NAMED_UNIT ( * ) SI_UNIT ( .MILLI., .METRE. ) );
#586 = CARTESIAN_POINT ( 'NONE',  ( 5.150000000000002100, 0.2187785217711360200, -5.287679999999999000 ) ) ;
#587 = EDGE_CURVE ( 'NONE', #2105, #37, #4137, .T. ) ;
#588 = VECTOR ( 'NONE', #532, 1000.000000000000000 ) ;
#589 = PLANE ( 'NONE',  #4293 ) ;
#590 = CARTESIAN_POINT ( 'NONE',  ( 3.411227330224759300, 1.692680000000000000, -2.738018101797654100 ) ) ;
#591 = PRESENTATION_LAYER_ASSIGNMENT (  '', '', ( #3174 ) ) ;
#592 = DIRECTION ( 'NONE',  ( 0.0000000000000000000, 1.000000000000000000, 0.0000000000000000000 ) ) ;
#593 = LINE ( 'NONE', #3797, #3920 ) ;
#594 = CARTESIAN_POINT ( 'NONE',  ( 3.688521858785050300, 1.692680000000000000, -2.388482771469913500 ) ) ;
#595 = DIRECTION ( 'NONE',  ( -1.930559423941426400E-015, -1.000000000000000000, 0.0000000000000000000 ) ) ;
#596 = DIRECTION ( 'NONE',  ( -1.000000000000000000, 0.0000000000000000000, 0.0000000000000000000 ) ) ;
#597 = CARTESIAN_POINT ( 'NONE',  ( 2.969375558335646500, 1.692680000000000000, -2.306340000000000100 ) ) ;
#598 = DIRECTION ( 'NONE',  ( -1.000000000000000000, 0.0000000000000000000, 0.0000000000000000000 ) ) ;
#599 = PRESENTATION_STYLE_ASSIGNMENT (( #3481 ) ) ;
#600 = FILL_AREA_STYLE ('',( #3119 ) ) ;
#601 = ADVANCED_FACE ( 'NONE', ( #1825 ), #1653, .T. ) ;
#602 = ORIENTED_EDGE ( 'NONE', *, *, #2461, .F. ) ;
#603 = EDGE_CURVE ( 'NONE', #2559, #1877, #2841, .T. ) ;
#604 = EDGE_LOOP ( 'NONE', ( #3415, #1213, #256, #1134 ) ) ;
#605 = CARTESIAN_POINT ( 'NONE',  ( 5.150000000000002100, 0.2246399999999999500, -0.1123199999999990900 ) ) ;
#606 = ORIENTED_EDGE ( 'NONE', *, *, #217, .T. ) ;
#607 = DIRECTION ( 'NONE',  ( 0.0000000000000000000, -1.000000000000000000, 0.0000000000000000000 ) ) ;
#608 = AXIS2_PLACEMENT_3D ( 'NONE', #2273, #4485, #893 ) ;
#609 = ORIENTED_EDGE ( 'NONE', *, *, #362, .T. ) ;
#610 = ADVANCED_FACE ( 'NONE', ( #79 ), #3906, .T. ) ;
#611 = ORIENTED_EDGE ( 'NONE', *, *, #84, .F. ) ;
#612 = AXIS2_PLACEMENT_3D ( 'NONE', #3135, #2025, #2753 ) ;
#613 = CARTESIAN_POINT ( 'NONE',  ( 0.0000000000000000000, 0.0000000000000000000, 0.0000000000000000000 ) ) ;
#614 = EDGE_CURVE ( 'NONE', #4338, #4667, #930, .T. ) ;
#615 = ORIENTED_EDGE ( 'NONE', *, *, #4311, .F. ) ;
#616 = ORIENTED_EDGE ( 'NONE', *, *, #4043, .T. ) ;
#617 = ORIENTED_EDGE ( 'NONE', *, *, #3442, .F. ) ;
#618 = PRESENTATION_STYLE_ASSIGNMENT (( #1473 ) ) ;
#619 = LINE ( 'NONE', #4195, #4618 ) ;
#620 = ORIENTED_EDGE ( 'NONE', *, *, #4033, .T. ) ;
#621 = ORIENTED_EDGE ( 'NONE', *, *, #3386, .T. ) ;
#622 = LINE ( 'NONE', #1356, #1465 ) ;
#623 =( NAMED_UNIT ( * ) SI_UNIT ( $, .STERADIAN. ) SOLID_ANGLE_UNIT ( ) );
#624 = VERTEX_POINT ( 'NONE', #2437 ) ;
#625 = CARTESIAN_POINT ( 'NONE',  ( 0.9500000000000004000, 1.687680000000000100, -0.1123199999999990900 ) ) ;
#626 = UNCERTAINTY_MEASURE_WITH_UNIT (LENGTH_MEASURE( 1.000000000000000100E-005 ), #2396, 'distance_accuracy_value', 'NONE');
#627 = ADVANCED_FACE ( 'NONE', ( #4202 ), #1263, .T. ) ;
#628 = AXIS2_PLACEMENT_3D ( 'NONE', #4067, #3713, #2265 ) ;
#629 =( NAMED_UNIT ( * ) SI_UNIT ( $, .STERADIAN. ) SOLID_ANGLE_UNIT ( ) );
#630 = FILL_AREA_STYLE ('',( #1730 ) ) ;
#631 = DIRECTION ( 'NONE',  ( 0.2759782365590801000, 0.0000000000000000000, -0.9611638845408936300 ) ) ;
#632 =( GEOMETRIC_REPRESENTATION_CONTEXT ( 3 ) GLOBAL_UNCERTAINTY_ASSIGNED_CONTEXT ( ( #568 ) ) GLOBAL_UNIT_ASSIGNED_CONTEXT ( ( #1814, #4341, #19 ) ) REPRESENTATION_CONTEXT ( 'NONE', 'WORKASPACE' ) );
#633 = DIRECTION ( 'NONE',  ( 0.7145695586381789500, 0.0000000000000000000, -0.6995643972270444400 ) ) ;
#634 =( GEOMETRIC_REPRESENTATION_CONTEXT ( 3 ) GLOBAL_UNCERTAINTY_ASSIGNED_CONTEXT ( ( #3925 ) ) GLOBAL_UNIT_ASSIGNED_CONTEXT ( ( #4402, #112, #3740 ) ) REPRESENTATION_CONTEXT ( 'NONE', 'WORKASPACE' ) );
#635 = VECTOR ( 'NONE', #2441, 1000.000000000000000 ) ;
#636 = CARTESIAN_POINT ( 'NONE',  ( 5.150172311762160500, 0.1877834917502316000, -0.1185391979312364100 ) ) ;
#637 = CARTESIAN_POINT ( 'NONE',  ( 5.150000000000002100, 0.1123199999999999500, -5.175359999999999500 ) ) ;
#638 = MECHANICAL_DESIGN_GEOMETRIC_PRESENTATION_REPRESENTATION (  '', ( #4587 ), #860 ) ;
#639 = DIRECTION ( 'NONE',  ( 0.2765379750249968800, 0.0000000000000000000, -0.9610029908221275900 ) ) ;
#640 = DIRECTION ( 'NONE',  ( 0.0000000000000000000, 0.0000000000000000000, 1.000000000000000000 ) ) ;
#641 =( NAMED_UNIT ( * ) PLANE_ANGLE_UNIT ( ) SI_UNIT ( $, .RADIAN. ) );
#642 =( NAMED_UNIT ( * ) PLANE_ANGLE_UNIT ( ) SI_UNIT ( $, .RADIAN. ) );
#643 = LINE ( 'NONE', #1749, #123 ) ;
#644 = EDGE_CURVE ( 'NONE', #3809, #2105, #1393, .T. ) ;
#645 = CARTESIAN_POINT ( 'NONE',  ( 0.9500543735329172200, 0.1144514952914939800, -0.1995509800254686200 ) ) ;
#646 = LINE ( 'NONE', #2310, #696 ) ;
#647 =( GEOMETRIC_REPRESENTATION_CONTEXT ( 3 ) GLOBAL_UNCERTAINTY_ASSIGNED_CONTEXT ( ( #4019 ) ) GLOBAL_UNIT_ASSIGNED_CONTEXT ( ( #885, #3746, #3700 ) ) REPRESENTATION_CONTEXT ( 'NONE', 'WORKASPACE' ) );
#648 = EDGE_LOOP ( 'NONE', ( #1824, #3351, #4669, #1785, #1337, #2493 ) ) ;
#649 = CARTESIAN_POINT ( 'NONE',  ( 5.150000000000002100, 0.1123199999999999500, -0.1123200000000008200 ) ) ;
#650 = CARTESIAN_POINT ( 'NONE',  ( 5.262320000000001700, 1.800000000000000000, 0.0000000000000000000 ) ) ;
#651 = PLANE ( 'NONE',  #857 ) ;
#652 = ORIENTED_EDGE ( 'NONE', *, *, #3238, .F. ) ;
#653 = CARTESIAN_POINT ( 'NONE',  ( 2.803732826016274200, 1.687680000000000100, -2.306340000000000100 ) ) ;
#654 = ORIENTED_EDGE ( 'NONE', *, *, #2706, .T. ) ;
#655 = PRESENTATION_LAYER_ASSIGNMENT (  '', '', ( #3101 ) ) ;
#656 = ORIENTED_EDGE ( 'NONE', *, *, #2706, .F. ) ;
#657 = ORIENTED_EDGE ( 'NONE', *, *, #1739, .T. ) ;
#658 = VECTOR ( 'NONE', #2972, 1000.000000000000000 ) ;
#659 = AXIS2_PLACEMENT_3D ( 'NONE', #4583, #229, #2016 ) ;
#660 = VECTOR ( 'NONE', #2650, 1000.000000000000000 ) ;
#661 = ORIENTED_EDGE ( 'NONE', *, *, #4572, .T. ) ;
#662 = DIRECTION ( 'NONE',  ( -0.0000000000000000000, -0.0000000000000000000, -1.000000000000000000 ) ) ;
#663 = PRESENTATION_STYLE_ASSIGNMENT (( #2244 ) ) ;
#664 = FACE_OUTER_BOUND ( 'NONE', #4383, .T. ) ;
#665 = FACE_OUTER_BOUND ( 'NONE', #3795, .T. ) ;
#666 = DIRECTION ( 'NONE',  ( 0.0000000000000000000, -1.000000000000000000, 0.0000000000000000000 ) ) ;
#667 = AXIS2_PLACEMENT_3D ( 'NONE', #669, #2505, #4284 ) ;
#668 = ORIENTED_EDGE ( 'NONE', *, *, #1810, .F. ) ;
#669 = CARTESIAN_POINT ( 'NONE',  ( 3.085542842605907100, 1.692680000000000000, -2.738018101797654100 ) ) ;
#670 =( LENGTH_UNIT ( ) NAMED_UNIT ( * ) SI_UNIT ( .MILLI., .METRE. ) );
#671 = ORIENTED_EDGE ( 'NONE', *, *, #1751, .F. ) ;
#672 = LINE ( 'NONE', #693, #330 ) ;
#673 = DIRECTION ( 'NONE',  ( -1.000000000000000000, 0.0000000000000000000, 0.0000000000000000000 ) ) ;
#674 = EDGE_CURVE ( 'NONE', #3307, #3500, #3377, .T. ) ;
#675 = ORIENTED_EDGE ( 'NONE', *, *, #1423, .T. ) ;
#676 = PRESENTATION_STYLE_ASSIGNMENT (( #2468 ) ) ;
#677 = B_SPLINE_CURVE_WITH_KNOTS ( 'NONE', 3,
 ( #1435, #3977, #1804, #3590, #4004, #374, #4354, #1486, #2161, #2533 ),
 .UNSPECIFIED., .F., .F.,
 ( 4, 3, 3, 4 ),
 ( 0.0000000000000000000, 3.535348412143748300E-005, 7.052049924266430800E-005, 8.790586026857515900E-005 ),
 .UNSPECIFIED. ) ;
#678 = PRESENTATION_STYLE_ASSIGNMENT (( #2799 ) ) ;
#679 = FILL_AREA_STYLE ('',( #3593 ) ) ;
#680 = CARTESIAN_POINT ( 'NONE',  ( 5.154925775900062800, 0.1452177663371260800, -0.1452177663371269400 ) ) ;
#681 = LINE ( 'NONE', #3566, #3374 ) ;
#682 =( NAMED_UNIT ( * ) PLANE_ANGLE_UNIT ( ) SI_UNIT ( $, .RADIAN. ) );
#683 = CARTESIAN_POINT ( 'NONE',  ( 6.100000000000000500, 0.1123200000000000000, 0.0000000000000000000 ) ) ;
#684 = DIRECTION ( 'NONE',  ( 1.000000000000000000, 0.0000000000000000000, 0.0000000000000000000 ) ) ;
#685 = STYLED_ITEM ( 'NONE', ( #618 ), #3452 ) ;
#686 = FILL_AREA_STYLE_COLOUR ( '', #1858 ) ;
#687 = LINE ( 'NONE', #3814, #2230 ) ;
#688 = EDGE_CURVE ( 'NONE', #1395, #3948, #3730, .T. ) ;
#689 = FACE_OUTER_BOUND ( 'NONE', #2111, .T. ) ;
#690 = MECHANICAL_DESIGN_GEOMETRIC_PRESENTATION_REPRESENTATION (  '', ( #1111 ), #3283 ) ;
#691 = CYLINDRICAL_SURFACE ( 'NONE', #300, 0.1123200000000000200 ) ;
#692 = CARTESIAN_POINT ( 'NONE',  ( 5.262320000000001700, 0.0000000000000000000, -5.287679999999999900 ) ) ;
#693 = CARTESIAN_POINT ( 'NONE',  ( 2.835311761819845300, 1.692680000000000000, -2.655850391644456500 ) ) ;
#694 = EDGE_CURVE ( 'NONE', #248, #1395, #318, .T. ) ;
#695 = CARTESIAN_POINT ( 'NONE',  ( -0.0004046433776270716400, 1.687679999999999600, -0.8546536584304120800 ) ) ;
#696 = VECTOR ( 'NONE', #1256, 1000.000000000000000 ) ;
#697 = DIRECTION ( 'NONE',  ( -1.000000000000000000, 0.0000000000000000000, 0.0000000000000000000 ) ) ;
#698 = DIRECTION ( 'NONE',  ( 0.0000000000000000000, -1.000000000000000000, 0.0000000000000000000 ) ) ;
#699 = ORIENTED_EDGE ( 'NONE', *, *, #3259, .F. ) ;
#700 = CYLINDRICAL_SURFACE ( 'NONE', #1287, 0.1123199999999999500 ) ;
#701 = EDGE_CURVE ( 'NONE', #326, #213, #1870, .T. ) ;
#702 = FILL_AREA_STYLE ('',( #3240 ) ) ;
#703 = CARTESIAN_POINT ( 'NONE',  ( 6.100000000000000500, 0.0000000000000000000, -5.287679999999999900 ) ) ;
#704 = MECHANICAL_DESIGN_GEOMETRIC_PRESENTATION_REPRESENTATION (  '', ( #3952 ), #647 ) ;
#705 = UNCERTAINTY_MEASURE_WITH_UNIT (LENGTH_MEASURE( 1.000000000000000100E-005 ), #1752, 'distance_accuracy_value', 'NONE');
#706 = VERTEX_POINT ( 'NONE', #4580 ) ;
#707 = SURFACE_SIDE_STYLE ('',( #219 ) ) ;
#708 = ORIENTED_EDGE ( 'NONE', *, *, #2266, .F. ) ;
#709 = EDGE_LOOP ( 'NONE', ( #482, #1657, #3142, #329, #3946, #274, #310, #4661, #4147, #4269, #1755, #3140, #2262, #3892, #2566, #361, #4482 ) ) ;
#710 = DIRECTION ( 'NONE',  ( 1.000000000000000000, -0.0000000000000000000, -0.0000000000000000000 ) ) ;
#711 = DIRECTION ( 'NONE',  ( -0.0000000000000000000, 0.0000000000000000000, 1.000000000000000000 ) ) ;
#713 = ORIENTED_EDGE ( 'NONE', *, *, #2429, .F. ) ;
#712 =( LENGTH_UNIT ( ) NAMED_UNIT ( * ) SI_UNIT ( .MILLI., .METRE. ) );
#714 = ORIENTED_EDGE ( 'NONE', *, *, #3425, .F. ) ;
#715 = AXIS2_PLACEMENT_3D ( 'NONE', #3027, #1979, #1625 ) ;
#716 = LINE ( 'NONE', #4539, #4037 ) ;
#717 = FILL_AREA_STYLE ('',( #4312 ) ) ;
#718 = ORIENTED_EDGE ( 'NONE', *, *, #1715, .T. ) ;
#719 = PRESENTATION_LAYER_ASSIGNMENT (  '', '', ( #3436 ) ) ;
#720 = ORIENTED_EDGE ( 'NONE', *, *, #210, .T. ) ;
#721 = SURFACE_SIDE_STYLE ('',( #2670 ) ) ;
#722 = ORIENTED_EDGE ( 'NONE', *, *, #1198, .T. ) ;
#723 = CIRCLE ( 'NONE', #983, 0.1123200000000000200 ) ;
#724 = LINE ( 'NONE', #4217, #4442 ) ;
#725 = VERTEX_POINT ( 'NONE', #1696 ) ;
#726 = DIRECTION ( 'NONE',  ( 0.0000000000000000000, -1.000000000000000000, 0.0000000000000000000 ) ) ;
#727 = ORIENTED_EDGE ( 'NONE', *, *, #792, .F. ) ;
#728 = LINE ( 'NONE', #1008, #1678 ) ;
#729 =( LENGTH_UNIT ( ) NAMED_UNIT ( * ) SI_UNIT ( .MILLI., .METRE. ) );
#730 = ADVANCED_FACE ( 'NONE', ( #4023 ), #1589, .T. ) ;
#731 = SURFACE_SIDE_STYLE ('',( #2644 ) ) ;
#732 = FILL_AREA_STYLE_COLOUR ( '', #1282 ) ;
#733 = FILL_AREA_STYLE ('',( #367 ) ) ;
#734 = EDGE_CURVE ( 'NONE', #3986, #3358, #2482, .T. ) ;
#735 = COLOUR_RGB ( '',0.7686274509803920900, 0.7686274509803920900, 0.7686274509803920900 ) ;
#736 = CARTESIAN_POINT ( 'NONE',  ( 0.9498276882378416900, 1.681460802068762900, -5.212216508249767300 ) ) ;
#737 = AXIS2_PLACEMENT_3D ( 'NONE', #613, #209, #190 ) ;
#738 = LINE ( 'NONE', #3330, #1520 ) ;
#739 = CARTESIAN_POINT ( 'NONE',  ( 2.471723465759438000, 1.692680000000000000, -2.738018101797654100 ) ) ;
#740 = VECTOR ( 'NONE', #363, 1000.000000000000000 ) ;
#741 =( NAMED_UNIT ( * ) PLANE_ANGLE_UNIT ( ) SI_UNIT ( $, .RADIAN. ) );
#742 = CARTESIAN_POINT ( 'NONE',  ( 3.288313749777273200, 1.687680000000000100, -2.692502380243609200 ) ) ;
#743 = VECTOR ( 'NONE', #1923, 1000.000000000000100 ) ;
#744 = FILL_AREA_STYLE_COLOUR ( '', #1490 ) ;
#745 = PRESENTATION_LAYER_ASSIGNMENT (  '', '', ( #4641 ) ) ;
#746 = DIRECTION ( 'NONE',  ( -0.0000000000000000000, 1.000000000000000000, -0.0000000000000000000 ) ) ;
#747 =( NAMED_UNIT ( * ) SI_UNIT ( $, .STERADIAN. ) SOLID_ANGLE_UNIT ( ) );
#748 = LINE ( 'NONE', #2610, #518 ) ;
#749 = EDGE_CURVE ( 'NONE', #3192, #4325, #2938, .T. ) ;
#750 = CARTESIAN_POINT ( 'NONE',  ( 5.987680000000000100, 1.687680000000000100, 0.0000000000000000000 ) ) ;
#751 = ADVANCED_FACE ( 'NONE', ( #1321 ), #465, .F. ) ;
#752 = MECHANICAL_DESIGN_GEOMETRIC_PRESENTATION_REPRESENTATION (  '', ( #3168 ), #2177 ) ;
#753 = CARTESIAN_POINT ( 'NONE',  ( -0.0004046433776270716400, 1.692679999999999500, -0.8546536584304120800 ) ) ;
#755 = EDGE_CURVE ( 'NONE', #1446, #624, #2095, .T. ) ;
#754 = VERTEX_POINT ( 'NONE', #272 ) ;
#756 = DIRECTION ( 'NONE',  ( 0.0000000000000000000, -1.000000000000000000, 0.0000000000000000000 ) ) ;
#757 = DIRECTION ( 'NONE',  ( 1.000000000000000000, 0.0000000000000000000, 0.0000000000000000000 ) ) ;
#758 = UNCERTAINTY_MEASURE_WITH_UNIT (LENGTH_MEASURE( 1.000000000000000100E-005 ), #517, 'distance_accuracy_value', 'NONE');
#759 = FACE_OUTER_BOUND ( 'NONE', #1942, .T. ) ;
#760 = CARTESIAN_POINT ( 'NONE',  ( 2.835311761819845300, 1.692680000000000000, -2.655850391644456500 ) ) ;
#761 = ORIENTED_EDGE ( 'NONE', *, *, #3285, .F. ) ;
#762 = ORIENTED_EDGE ( 'NONE', *, *, #217, .F. ) ;
#763 = PRESENTATION_STYLE_ASSIGNMENT (( #1101 ) ) ;
#764 = SURFACE_SIDE_STYLE ('',( #4074 ) ) ;
#765 = EDGE_LOOP ( 'NONE', ( #4554, #2560, #2722 ) ) ;
#766 = VERTEX_POINT ( 'NONE', #3163 ) ;
#767 = VERTEX_POINT ( 'NONE', #1343 ) ;
#768 = PRESENTATION_LAYER_ASSIGNMENT (  '', '', ( #526 ) ) ;
#769 = VERTEX_POINT ( 'NONE', #3901 ) ;
#770 = CARTESIAN_POINT ( 'NONE',  ( 5.987680000000000100, 1.687680000000000100, -5.287679999999999900 ) ) ;
#771 = CARTESIAN_POINT ( 'NONE',  ( 0.9467686591984275600, 0.1515815489451592700, -5.260786387578707300 ) ) ;
#772 = VECTOR ( 'NONE', #80, 1000.000000000000000 ) ;
#773 = EDGE_CURVE ( 'NONE', #2105, #1547, #807, .T. ) ;
#774 = CARTESIAN_POINT ( 'NONE',  ( 2.858649118835884000, 1.687680000000000100, -2.738018101797654100 ) ) ;
#775 = VERTEX_POINT ( 'NONE', #4601 ) ;
#776 = PRESENTATION_LAYER_ASSIGNMENT (  '', '', ( #2544 ) ) ;
#777 = CARTESIAN_POINT ( 'NONE',  ( 6.100000000000000500, 0.1123200000000000000, -0.1123199999999999900 ) ) ;
#778 = ORIENTED_EDGE ( 'NONE', *, *, #1842, .T. ) ;
#779 = DIRECTION ( 'NONE',  ( -0.9615323037684321300, 0.0000000000000000000, -0.2746918797667153300 ) ) ;
#780 = VECTOR ( 'NONE', #726, 1000.000000000000000 ) ;
#781 = COLOUR_RGB ( '',0.7921568627450980000, 0.8196078431372548800, 0.9333333333333333500 ) ;
#782 = VECTOR ( 'NONE', #575, 1000.000000000000000 ) ;
#783 = STYLED_ITEM ( 'NONE', ( #4316 ), #601 ) ;
#784 = ORIENTED_EDGE ( 'NONE', *, *, #1739, .F. ) ;
#785 =( LENGTH_UNIT ( ) NAMED_UNIT ( * ) SI_UNIT ( .MILLI., .METRE. ) );
#786 = EDGE_CURVE ( 'NONE', #2321, #2621, #1047, .T. ) ;
#787 = DIRECTION ( 'NONE',  ( 0.0000000000000000000, -1.000000000000000000, 0.0000000000000000000 ) ) ;
#788 = LINE ( 'NONE', #1955, #2688 ) ;
#789 = CARTESIAN_POINT ( 'NONE',  ( 0.8376799999999968700, 0.0000000000000000000, -5.287679999999999900 ) ) ;
#790 = CARTESIAN_POINT ( 'NONE',  ( 2.141930384065831000, 1.687680000000000100, -2.540729493345363900 ) ) ;
#792 = EDGE_CURVE ( 'NONE', #3632, #3601, #4197, .T. ) ;
#791 =( BOUNDED_CURVE ( )  B_SPLINE_CURVE ( 3, ( #2253, #2979, #832, #73 ),
 .UNSPECIFIED., .F., .T. ) 
 B_SPLINE_CURVE_WITH_KNOTS ( ( 4, 4 ),
 ( 4.712388980384690600, 5.009640341705898300 ),
 .UNSPECIFIED. ) 
 CURVE ( )  GEOMETRIC_REPRESENTATION_ITEM ( )  RATIONAL_B_SPLINE_CURVE ( ( 1.000000000000000000, 0.9926503465430337500, 0.9926503465430337500, 1.000000000000000000 ) ) 
 REPRESENTATION_ITEM ( '' )  );
#793 = CARTESIAN_POINT ( 'NONE',  ( 0.9473702207239186300, 1.663517262623244800, -5.244959421310641200 ) ) ;
#794 = PRESENTATION_LAYER_ASSIGNMENT (  '', '', ( #1182 ) ) ;
#795 = VECTOR ( 'NONE', #3381, 1000.000000000000000 ) ;
#796 = FACE_OUTER_BOUND ( 'NONE', #3639, .T. ) ;
#797 = FACE_OUTER_BOUND ( 'NONE', #1977, .T. ) ;
#798 = STYLED_ITEM ( 'NONE', ( #2887 ), #1534 ) ;
#799 = DIRECTION ( 'NONE',  ( -1.000000000000000000, 0.0000000000000000000, 0.0000000000000000000 ) ) ;
#800 = PLANE ( 'NONE',  #2871 ) ;
#801 =( GEOMETRIC_REPRESENTATION_CONTEXT ( 3 ) GLOBAL_UNCERTAINTY_ASSIGNED_CONTEXT ( ( #965 ) ) GLOBAL_UNIT_ASSIGNED_CONTEXT ( ( #785, #67, #822 ) ) REPRESENTATION_CONTEXT ( 'NONE', 'WORKASPACE' ) );
#802 =( LENGTH_UNIT ( ) NAMED_UNIT ( * ) SI_UNIT ( .MILLI., .METRE. ) );
#803 = VERTEX_POINT ( 'NONE', #2763 ) ;
#804 = DIRECTION ( 'NONE',  ( 0.0000000000000000000, -1.000000000000000000, 0.0000000000000000000 ) ) ;
#805 = ADVANCED_FACE ( 'NONE', ( #2655 ), #75, .T. ) ;
#806 = LINE ( 'NONE', #4514, #306 ) ;
#807 = CIRCLE ( 'NONE', #234, 0.1123199999999999500 ) ;
#808 = MANIFOLD_SOLID_BREP ( 'Scale1[1]', #1265 ) ;
#809 = EDGE_CURVE ( 'NONE', #479, #3983, #2538, .T. ) ;
#810 = ORIENTED_EDGE ( 'NONE', *, *, #1975, .F. ) ;
#811 = DIRECTION ( 'NONE',  ( 0.0000000000000000000, 1.000000000000000000, 0.0000000000000000000 ) ) ;
#812 = CARTESIAN_POINT ( 'NONE',  ( 3.287116692994519300, 1.692680000000000000, -2.306340000000000100 ) ) ;
#813 = SURFACE_STYLE_USAGE ( .BOTH. , #2993 ) ;
#814 = CARTESIAN_POINT ( 'NONE',  ( 0.9500027774523934800, 1.687218356280760100, -0.2128991596773430200 ) ) ;
#815 = ORIENTED_EDGE ( 'NONE', *, *, #2852, .F. ) ;
#816 = AXIS2_PLACEMENT_3D ( 'NONE', #943, #1608, #4507 ) ;
#817 = ORIENTED_EDGE ( 'NONE', *, *, #2061, .T. ) ;
#818 = VECTOR ( 'NONE', #3841, 1000.000000000000000 ) ;
#819 = CARTESIAN_POINT ( 'NONE',  ( 3.485318844781000600, 1.687680000000000100, -2.388482771469913500 ) ) ;
#820 = EDGE_LOOP ( 'NONE', ( #3582, #558, #884 ) ) ;
#821 = EDGE_CURVE ( 'NONE', #1456, #3500, #1211, .T. ) ;
#822 =( NAMED_UNIT ( * ) SI_UNIT ( $, .STERADIAN. ) SOLID_ANGLE_UNIT ( ) );
#823 = ORIENTED_EDGE ( 'NONE', *, *, #2287, .T. ) ;
#824 = CARTESIAN_POINT ( 'NONE',  ( 1.952000000000000400, 1.687680000000000100, -2.306340000000000100 ) ) ;
#825 = ORIENTED_EDGE ( 'NONE', *, *, #3584, .T. ) ;
#826 = VERTEX_POINT ( 'NONE', #287 ) ;
#827 = ORIENTED_EDGE ( 'NONE', *, *, #2939, .T. ) ;
#828 = ADVANCED_FACE ( 'NONE', ( #1142 ), #1692, .T. ) ;
#829 = LINE ( 'NONE', #4412, #2676 ) ;
#830 = ORIENTED_EDGE ( 'NONE', *, *, #1688, .T. ) ;
#831 = DIRECTION ( 'NONE',  ( 0.0000000000000000000, 0.0000000000000000000, 1.000000000000000000 ) ) ;
#832 = CARTESIAN_POINT ( 'NONE',  ( 0.9483459177687912900, 1.665462624527663600, -5.265462624527663700 ) ) ;
#833 = EDGE_CURVE ( 'NONE', #1922, #2392, #2839, .T. ) ;
#834 = CARTESIAN_POINT ( 'NONE',  ( 0.9500000000000000700, 1.687680000000000100, -0.2246400000000007800 ) ) ;
#835 = ORIENTED_EDGE ( 'NONE', *, *, #148, .T. ) ;
#836 = VECTOR ( 'NONE', #3145, 1000.000000000000100 ) ;
#837 = AXIS2_PLACEMENT_3D ( 'NONE', #4154, #592, #1607 ) ;
#838 = VECTOR ( 'NONE', #1305, 1000.000000000000000 ) ;
#839 = AXIS2_PLACEMENT_3D ( 'NONE', #3972, #2822, #4323 ) ;
#840 = DIRECTION ( 'NONE',  ( 0.0000000000000000000, -1.000000000000000000, 0.0000000000000000000 ) ) ;
#841 = DIRECTION ( 'NONE',  ( 1.000000000000000000, 0.0000000000000000000, -0.0000000000000000000 ) ) ;
#842 = EDGE_CURVE ( 'NONE', #212, #3585, #1205, .T. ) ;
#843 = UNCERTAINTY_MEASURE_WITH_UNIT (LENGTH_MEASURE( 1.000000000000000100E-005 ), #1413, 'distance_accuracy_value', 'NONE');
#844 = SURFACE_STYLE_FILL_AREA ( #70 ) ;
#845 = DIRECTION ( 'NONE',  ( 0.2762517575166416100, 0.0000000000000000000, -0.9610853065513834700 ) ) ;
#846 = CARTESIAN_POINT ( 'NONE',  ( 2.236013534432060600, 1.692680000000000000, -2.306340000000000100 ) ) ;
#847 = CARTESIAN_POINT ( 'NONE',  ( 0.8376800000000002000, 1.687680000000000100, -5.400000000000000400 ) ) ;
#848 = CIRCLE ( 'NONE', #3282, 0.1123200000000000000 ) ;
#849 = DIRECTION ( 'NONE',  ( 0.0000000000000000000, -1.000000000000000000, 0.0000000000000000000 ) ) ;
#850 = LINE ( 'NONE', #3655, #1307 ) ;
#851 = DIRECTION ( 'NONE',  ( 0.0000000000000000000, 0.0000000000000000000, -1.000000000000000000 ) ) ;
#852 = STYLED_ITEM ( 'NONE', ( #1628 ), #2703 ) ;
#853 = CARTESIAN_POINT ( 'NONE',  ( 3.463233672509940400, 1.692680000000000000, -2.738018101797654100 ) ) ;
#854 = FILL_AREA_STYLE_COLOUR ( '', #1427 ) ;
#855 = DIRECTION ( 'NONE',  ( 0.2746918797667152700, 0.0000000000000000000, -0.9615323037684320200 ) ) ;
#856 = CARTESIAN_POINT ( 'NONE',  ( 2.990917330177048400, 1.692680000000000000, -2.690651667455290900 ) ) ;
#857 = AXIS2_PLACEMENT_3D ( 'NONE', #2026, #251, #2074 ) ;
#858 = PLANE ( 'NONE',  #1489 ) ;
#859 = ORIENTED_EDGE ( 'NONE', *, *, #2479, .F. ) ;
#860 =( GEOMETRIC_REPRESENTATION_CONTEXT ( 3 ) GLOBAL_UNCERTAINTY_ASSIGNED_CONTEXT ( ( #394 ) ) GLOBAL_UNIT_ASSIGNED_CONTEXT ( ( #1900, #2998, #3061 ) ) REPRESENTATION_CONTEXT ( 'NONE', 'WORKASPACE' ) );
#861 = ORIENTED_EDGE ( 'NONE', *, *, #4650, .T. ) ;
#862 = SURFACE_STYLE_USAGE ( .BOTH. , #4113 ) ;
#863 = ORIENTED_EDGE ( 'NONE', *, *, #4062, .F. ) ;
#864 = CARTESIAN_POINT ( 'NONE',  ( 0.8376800000000002000, 1.800000000000000000, -0.1123199999999999900 ) ) ;
#865 = ORIENTED_EDGE ( 'NONE', *, *, #1264, .T. ) ;
#866 = DIRECTION ( 'NONE',  ( 0.0000000000000000000, 0.0000000000000000000, -1.000000000000000000 ) ) ;
#867 = FILL_AREA_STYLE ('',( #1231 ) ) ;
#868 = UNCERTAINTY_MEASURE_WITH_UNIT (LENGTH_MEASURE( 1.000000000000000100E-005 ), #2308, 'distance_accuracy_value', 'NONE');
#869 = EDGE_LOOP ( 'NONE', ( #2562, #3926, #1844, #139 ) ) ;
#870 = LINE ( 'NONE', #168, #1986 ) ;
#871 = PLANE ( 'NONE',  #4352 ) ;
#872 = ORIENTED_EDGE ( 'NONE', *, *, #2072, .T. ) ;
#873 = CARTESIAN_POINT ( 'NONE',  ( 0.9487412343930108300, 0.1631224660761791400, -0.1299304188900650100 ) ) ;
#874 = EDGE_CURVE ( 'NONE', #4599, #1506, #2780, .T. ) ;
#875 = EDGE_LOOP ( 'NONE', ( #3604, #4207, #101, #1836 ) ) ;
#876 = CARTESIAN_POINT ( 'NONE',  ( 3.068941737194691700, 1.687680000000000100, -2.429621719490298500 ) ) ;
#877 = VERTEX_POINT ( 'NONE', #4100 ) ;
#878 = DIRECTION ( 'NONE',  ( 0.0000000000000000000, 0.0000000000000000000, 1.000000000000000000 ) ) ;
#879 = DIRECTION ( 'NONE',  ( 1.000000000000000000, 0.0000000000000000000, 0.0000000000000000000 ) ) ;
#880 = MECHANICAL_DESIGN_GEOMETRIC_PRESENTATION_REPRESENTATION (  '', ( #4578 ), #1518 ) ;
#881 = ORIENTED_EDGE ( 'NONE', *, *, #4108, .T. ) ;
#882 = FILL_AREA_STYLE ('',( #1990 ) ) ;
#883 = EDGE_LOOP ( 'NONE', ( #4259, #1929, #2104, #1545 ) ) ;
#884 = ORIENTED_EDGE ( 'NONE', *, *, #327, .F. ) ;
#885 =( LENGTH_UNIT ( ) NAMED_UNIT ( * ) SI_UNIT ( .MILLI., .METRE. ) );
#886 = FACE_OUTER_BOUND ( 'NONE', #1207, .T. ) ;
#887 = DIRECTION ( 'NONE',  ( 0.0000000000000000000, 0.0000000000000000000, -1.000000000000000000 ) ) ;
#888 = COLOUR_RGB ( '',0.6470588235294118000, 0.5176470588235293500, 0.0000000000000000000 ) ;
#889 = ORIENTED_EDGE ( 'NONE', *, *, #76, .F. ) ;
#890 = MECHANICAL_DESIGN_GEOMETRIC_PRESENTATION_REPRESENTATION (  '', ( #3101 ), #4186 ) ;
#891 = FILL_AREA_STYLE ('',( #2302 ) ) ;
#892 = FACE_OUTER_BOUND ( 'NONE', #2960, .T. ) ;
#893 = DIRECTION ( 'NONE',  ( -1.000000000000000000, 0.0000000000000000000, 0.0000000000000000000 ) ) ;
#894 = CARTESIAN_POINT ( 'NONE',  ( 6.100000000000000500, 1.800000000000000000, -0.1123199999999999900 ) ) ;
#895 = EDGE_CURVE ( 'NONE', #81, #1199, #2905, .T. ) ;
#896 = SURFACE_SIDE_STYLE ('',( #2124 ) ) ;
#897 = ADVANCED_FACE ( 'NONE', ( #1717 ), #3363, .F. ) ;
#898 = FILL_AREA_STYLE_COLOUR ( '', #2584 ) ;
#899 = CARTESIAN_POINT ( 'NONE',  ( 1.952000000000000400, 1.687680000000000100, -2.306340000000000100 ) ) ;
#900 = COLOUR_RGB ( '',0.7686274509803920900, 0.7686274509803920900, 0.7686274509803920900 ) ;
#901 = DIRECTION ( 'NONE',  ( 0.9999891854650020400, 0.0000000000000000000, 0.004650693823683971700 ) ) ;
#902 = FACE_OUTER_BOUND ( 'NONE', #1272, .T. ) ;
#903 =( NAMED_UNIT ( * ) PLANE_ANGLE_UNIT ( ) SI_UNIT ( $, .RADIAN. ) );
#905 = EDGE_CURVE ( 'NONE', #767, #1922, #348, .T. ) ;
#904 = B_SPLINE_CURVE_WITH_KNOTS ( 'NONE', 3,
 ( #1540, #165, #873, #1765, #3526, #2058, #4253, #3546, #3962, #2097 ),
 .UNSPECIFIED., .F., .F.,
 ( 4, 3, 3, 4 ),
 ( 0.0000000000000000000, 3.535348412143799100E-005, 7.052049924266510800E-005, 8.790586026857547100E-005 ),
 .UNSPECIFIED. ) ;
#906 =( LENGTH_UNIT ( ) NAMED_UNIT ( * ) SI_UNIT ( .MILLI., .METRE. ) );
#907 = LINE ( 'NONE', #2300, #795 ) ;
#908 = DIRECTION ( 'NONE',  ( -1.000000000000000000, 0.0000000000000000000, 0.0000000000000000000 ) ) ;
#909 = AXIS2_PLACEMENT_3D ( 'NONE', #4531, #1685, #2363 ) ;
#910 = PRESENTATION_STYLE_ASSIGNMENT (( #2598 ) ) ;
#911 = CARTESIAN_POINT ( 'NONE',  ( 3.084457079766795000, 1.687680000000000100, -2.306340000000000100 ) ) ;
#912 = DIRECTION ( 'NONE',  ( 0.0000000000000000000, 1.000000000000000000, 0.0000000000000000000 ) ) ;
#913 = DIRECTION ( 'NONE',  ( -7.360257803776673800E-015, -0.0000000000000000000, -1.000000000000000000 ) ) ;
#914 = DIRECTION ( 'NONE',  ( -1.000000000000000000, 0.0000000000000000000, 0.0000000000000000000 ) ) ;
#915 = CARTESIAN_POINT ( 'NONE',  ( 5.150000000000002100, 1.687680000000000100, -5.400000000000000400 ) ) ;
#916 = SURFACE_SIDE_STYLE ('',( #2907 ) ) ;
#917 = CIRCLE ( 'NONE', #72, 0.1123199999999999500 ) ;
#918 = MECHANICAL_DESIGN_GEOMETRIC_PRESENTATION_REPRESENTATION (  '', ( #1150 ), #1934 ) ;
#919 = ADVANCED_FACE ( 'NONE', ( #1753 ), #2982, .T. ) ;
#920 = EDGE_LOOP ( 'NONE', ( #3681, #1723, #193 ) ) ;
#921 = DIRECTION ( 'NONE',  ( 0.0000000000000000000, 1.000000000000000000, 0.0000000000000000000 ) ) ;
#922 = EDGE_CURVE ( 'NONE', #4646, #2383, #3714, .T. ) ;
#923 = DIRECTION ( 'NONE',  ( -0.7059037656364479700, 0.0000000000000000000, 0.7083077534943993400 ) ) ;
#924 = SURFACE_STYLE_USAGE ( .BOTH. , #2352 ) ;
#925 = FILL_AREA_STYLE ('',( #3384 ) ) ;
#926 =( GEOMETRIC_REPRESENTATION_CONTEXT ( 3 ) GLOBAL_UNCERTAINTY_ASSIGNED_CONTEXT ( ( #1109 ) ) GLOBAL_UNIT_ASSIGNED_CONTEXT ( ( #106, #3755, #1201 ) ) REPRESENTATION_CONTEXT ( 'NONE', 'WORKASPACE' ) );
#927 = DIRECTION ( 'NONE',  ( -1.930559423941426400E-015, -1.000000000000000000, 0.0000000000000000000 ) ) ;
#928 = DIRECTION ( 'NONE',  ( -0.0000000000000000000, 1.000000000000000000, -0.0000000000000000000 ) ) ;
#929 = ORIENTED_EDGE ( 'NONE', *, *, #530, .T. ) ;
#930 = CIRCLE ( 'NONE', #963, 0.1123199999999999500 ) ;
#931 = STYLED_ITEM ( 'NONE', ( #1326 ), #578 ) ;
#932 = CARTESIAN_POINT ( 'NONE',  ( 0.1123199999999999500, 0.1123200000000000000, 0.0000000000000000000 ) ) ;
#933 = UNCERTAINTY_MEASURE_WITH_UNIT (LENGTH_MEASURE( 1.000000000000000100E-005 ), #1063, 'distance_accuracy_value', 'NONE');
#934 = VERTEX_POINT ( 'NONE', #1274 ) ;
#935 = EDGE_CURVE ( 'NONE', #1506, #156, #2086, .T. ) ;
#936 = ORIENTED_EDGE ( 'NONE', *, *, #2447, .T. ) ;
#937 = CARTESIAN_POINT ( 'NONE',  ( 6.100000000000000500, 1.687680000000000100, -5.287679999999999900 ) ) ;
#938 = ORIENTED_EDGE ( 'NONE', *, *, #4151, .F. ) ;
#939 = FACE_OUTER_BOUND ( 'NONE', #3666, .T. ) ;
#940 = EDGE_CURVE ( 'NONE', #3809, #2150, #3783, .T. ) ;
#941 = EDGE_LOOP ( 'NONE', ( #2810, #4220, #3262, #3021 ) ) ;
#942 = SURFACE_STYLE_USAGE ( .BOTH. , #2708 ) ;
#943 = CARTESIAN_POINT ( 'NONE',  ( 2.800552488001332400, 1.692680000000000000, -2.575558332963582500 ) ) ;
#944 = ORIENTED_EDGE ( 'NONE', *, *, #4503, .T. ) ;
#945 = CARTESIAN_POINT ( 'NONE',  ( 0.9500000000000000700, 1.687680000000000100, -5.400000000000000400 ) ) ;
#946 = VERTEX_POINT ( 'NONE', #3780 ) ;
#947 = ADVANCED_FACE ( 'NONE', ( #796 ), #2764, .T. ) ;
#948 = PRESENTATION_LAYER_ASSIGNMENT (  '', '', ( #3778 ) ) ;
#949 = VECTOR ( 'NONE', #4174, 1000.000000000000000 ) ;
#950 = ORIENTED_EDGE ( 'NONE', *, *, #4656, .T. ) ;
#951 = DIRECTION ( 'NONE',  ( -1.000000000000000000, 0.0000000000000000000, 0.0000000000000000000 ) ) ;
#952 = SURFACE_STYLE_USAGE ( .BOTH. , #2735 ) ;
#953 = MECHANICAL_DESIGN_GEOMETRIC_PRESENTATION_REPRESENTATION (  '', ( #1572 ), #1185 ) ;
#954 = ORIENTED_EDGE ( 'NONE', *, *, #4596, .T. ) ;
#955 = LINE ( 'NONE', #252, #3606 ) ;
#956 =( NAMED_UNIT ( * ) PLANE_ANGLE_UNIT ( ) SI_UNIT ( $, .RADIAN. ) );
#957 = CARTESIAN_POINT ( 'NONE',  ( 2.076056822177556600, 1.692680000000000000, -2.738018101797654100 ) ) ;
#958 = SPHERICAL_SURFACE ( 'NONE', #4336, 0.1123200000000000000 ) ;
#959 = PLANE ( 'NONE',  #2953 ) ;
#960 =( GEOMETRIC_REPRESENTATION_CONTEXT ( 3 ) GLOBAL_UNCERTAINTY_ASSIGNED_CONTEXT ( ( #758 ) ) GLOBAL_UNIT_ASSIGNED_CONTEXT ( ( #517, #2320, #3807 ) ) REPRESENTATION_CONTEXT ( 'NONE', 'WORKASPACE' ) );
#961 =( NAMED_UNIT ( * ) SI_UNIT ( $, .STERADIAN. ) SOLID_ANGLE_UNIT ( ) );
#962 = LINE ( 'NONE', #4525, #4 ) ;
#963 = AXIS2_PLACEMENT_3D ( 'NONE', #3538, #2460, #640 ) ;
#964 = CARTESIAN_POINT ( 'NONE',  ( 0.8376800000000002000, 1.687680000000000100, -5.287679999999999900 ) ) ;
#965 = UNCERTAINTY_MEASURE_WITH_UNIT (LENGTH_MEASURE( 1.000000000000000100E-005 ), #785, 'distance_accuracy_value', 'NONE');
#966 = SURFACE_SIDE_STYLE ('',( #4404 ) ) ;
#967 = VECTOR ( 'NONE', #2906, 1000.000000000000000 ) ;
#968 = SURFACE_STYLE_USAGE ( .BOTH. , #2398 ) ;
#969 = CARTESIAN_POINT ( 'NONE',  ( 0.9450742240999356900, 0.1452177663371256600, -0.1452177663371273500 ) ) ;
#970 = PLANE ( 'NONE',  #3482 ) ;
#971 = DIRECTION ( 'NONE',  ( 0.0000000000000000000, -1.000000000000000000, 0.0000000000000000000 ) ) ;
#972 = ADVANCED_FACE ( 'NONE', ( #689 ), #1430, .T. ) ;
#973 = EDGE_CURVE ( 'NONE', #1456, #3398, #4304, .T. ) ;
#974 = CARTESIAN_POINT ( 'NONE',  ( 0.9500000000000000700, 0.1123199999999999500, -0.2121806870413388300 ) ) ;
#975 = SPHERICAL_SURFACE ( 'NONE', #837, 0.1123200000000000000 ) ;
#976 = FILL_AREA_STYLE ('',( #4586 ) ) ;
#977 = PRESENTATION_LAYER_ASSIGNMENT (  '', '', ( #2838 ) ) ;
#978 = CARTESIAN_POINT ( 'NONE',  ( 2.236013534432060600, 1.692680000000000000, -2.306340000000000100 ) ) ;
#979 = FILL_AREA_STYLE_COLOUR ( '', #3460 ) ;
#980 =( NAMED_UNIT ( * ) SI_UNIT ( $, .STERADIAN. ) SOLID_ANGLE_UNIT ( ) );
#981 = ORIENTED_EDGE ( 'NONE', *, *, #1298, .T. ) ;
#982 = APPLICATION_PROTOCOL_DEFINITION ( 'draft international standard', 'automotive_design', 1998, #3141 ) ;
#983 = AXIS2_PLACEMENT_3D ( 'NONE', #2088, #3544, #2783 ) ;
#984 = ORIENTED_EDGE ( 'NONE', *, *, #1037, .T. ) ;
#985 = CARTESIAN_POINT ( 'NONE',  ( 0.9498276882378384700, 0.1185391979312373900, -0.1877834917502304000 ) ) ;
#986 = MECHANICAL_DESIGN_GEOMETRIC_PRESENTATION_REPRESENTATION (  '', ( #265 ), #3691 ) ;
#987 = VERTEX_POINT ( 'NONE', #3371 ) ;
#988 = VECTOR ( 'NONE', #1936, 1000.000000000000100 ) ;
#989 = CARTESIAN_POINT ( 'NONE',  ( 5.153231340801570900, 0.1515815489451596800, -0.1392136124212911800 ) ) ;
#990 = ORIENTED_EDGE ( 'NONE', *, *, #2700, .F. ) ;
#991 = CARTESIAN_POINT ( 'NONE',  ( 3.891128969522361600, 1.687680000000000100, -2.654669085608133600 ) ) ;
#992 = SURFACE_STYLE_FILL_AREA ( #600 ) ;
#993 = CARTESIAN_POINT ( 'NONE',  ( 2.638634807381589300, 1.687680000000000100, -2.655850391644456500 ) ) ;
#994 = VERTEX_POINT ( 'NONE', #539 ) ;
#995 = FILL_AREA_STYLE_COLOUR ( '', #2719 ) ;
#996 = EDGE_LOOP ( 'NONE', ( #1100, #2712, #3082 ) ) ;
#997 =( GEOMETRIC_REPRESENTATION_CONTEXT ( 3 ) GLOBAL_UNCERTAINTY_ASSIGNED_CONTEXT ( ( #2970 ) ) GLOBAL_UNIT_ASSIGNED_CONTEXT ( ( #2591, #3375, #2288 ) ) REPRESENTATION_CONTEXT ( 'NONE', 'WORKASPACE' ) );
#998 = SURFACE_STYLE_FILL_AREA ( #4099 ) ;
#999 =( NAMED_UNIT ( * ) PLANE_ANGLE_UNIT ( ) SI_UNIT ( $, .RADIAN. ) );
#1000 = DIRECTION ( 'NONE',  ( -1.000000000000000000, 0.0000000000000000000, 0.0000000000000000000 ) ) ;
#1001 = DIRECTION ( 'NONE',  ( 1.000000000000000000, 0.0000000000000000000, 0.0000000000000000000 ) ) ;
#1002 = DIRECTION ( 'NONE',  ( 0.0000000000000000000, -1.000000000000000000, 0.0000000000000000000 ) ) ;
#1003 = EDGE_CURVE ( 'NONE', #1719, #1170, #4184, .T. ) ;
#1004 = ORIENTED_EDGE ( 'NONE', *, *, #1951, .F. ) ;
#1005 = LINE ( 'NONE', #1301, #2956 ) ;
#1006 = CIRCLE ( 'NONE', #3453, 0.1123200000000000000 ) ;
#1007 = VECTOR ( 'NONE', #1310, 1000.000000000000100 ) ;
#1008 = CARTESIAN_POINT ( 'NONE',  ( 2.471723465759438000, 1.687680000000000100, -2.738018101797654100 ) ) ;
#1009 = ORIENTED_EDGE ( 'NONE', *, *, #1246, .T. ) ;
#1010 = ORIENTED_EDGE ( 'NONE', *, *, #3238, .T. ) ;
#1011 = LINE ( 'NONE', #3006, #3893 ) ;
#1012 = SURFACE_SIDE_STYLE ('',( #3180 ) ) ;
#1013 = EDGE_LOOP ( 'NONE', ( #4035, #611, #3261, #3066 ) ) ;
#1014 = CARTESIAN_POINT ( 'NONE',  ( 6.100000000000000500, 0.0000000000000000000, 0.0000000000000000000 ) ) ;
#1015 = DIRECTION ( 'NONE',  ( -1.000000000000000000, 0.0000000000000000000, 0.0000000000000000000 ) ) ;
#1016 = CARTESIAN_POINT ( 'NONE',  ( 3.463233672509940400, 1.687680000000000100, -2.738018101797654100 ) ) ;
#1017 = CARTESIAN_POINT ( 'NONE',  ( 0.8376799999999977600, 1.015922146779545200E-014, -5.400000000000000400 ) ) ;
#1018 = MECHANICAL_DESIGN_GEOMETRIC_PRESENTATION_REPRESENTATION (  '', ( #852 ), #1243 ) ;
#1019 = CARTESIAN_POINT ( 'NONE',  ( 0.1123199999999999500, 1.687680000000000100, -5.287679999999999900 ) ) ;
#1020 = LINE ( 'NONE', #4209, #1125 ) ;
#1021 = EDGE_CURVE ( 'NONE', #2451, #1845, #3230, .T. ) ;
#1022 = ADVANCED_FACE ( 'NONE', ( #454 ), #1254, .F. ) ;
#1023 =( LENGTH_UNIT ( ) NAMED_UNIT ( * ) SI_UNIT ( .MILLI., .METRE. ) );
#1024 = AXIS2_PLACEMENT_3D ( 'NONE', #3079, #1637, #4173 ) ;
#1025 = UNCERTAINTY_MEASURE_WITH_UNIT (LENGTH_MEASURE( 1.000000000000000100E-005 ), #4357, 'distance_accuracy_value', 'NONE');
#1026 =( NAMED_UNIT ( * ) PLANE_ANGLE_UNIT ( ) SI_UNIT ( $, .RADIAN. ) );
#1027 = LINE ( 'NONE', #2806, #3277 ) ;
#1028 = DIRECTION ( 'NONE',  ( 0.0000000000000000000, 0.0000000000000000000, 1.000000000000000000 ) ) ;
#1029 = STYLED_ITEM ( 'NONE', ( #1488 ), #730 ) ;
#1030 =( NAMED_UNIT ( * ) SI_UNIT ( $, .STERADIAN. ) SOLID_ANGLE_UNIT ( ) );
#1031 = DIRECTION ( 'NONE',  ( 0.0000000000000000000, 0.0000000000000000000, -1.000000000000000000 ) ) ;
#1032 = EDGE_CURVE ( 'NONE', #3585, #2859, #296, .T. ) ;
#1033 =( NAMED_UNIT ( * ) PLANE_ANGLE_UNIT ( ) SI_UNIT ( $, .RADIAN. ) );
#1034 = SURFACE_STYLE_USAGE ( .BOTH. , #1372 ) ;
#1035 = LINE ( 'NONE', #1176, #3786 ) ;
#1036 =( NAMED_UNIT ( * ) SI_UNIT ( $, .STERADIAN. ) SOLID_ANGLE_UNIT ( ) );
#1037 = EDGE_CURVE ( 'NONE', #2392, #3632, #1961, .T. ) ;
#1038 =( NAMED_UNIT ( * ) PLANE_ANGLE_UNIT ( ) SI_UNIT ( $, .RADIAN. ) );
#1039 = LINE ( 'NONE', #1991, #1313 ) ;
#1040 = AXIS2_PLACEMENT_3D ( 'NONE', #1599, #4498, #2314 ) ;
#1041 = VERTEX_POINT ( 'NONE', #1646 ) ;
#1043 = ORIENTED_EDGE ( 'NONE', *, *, #457, .T. ) ;
#1042 = FILL_AREA_STYLE_COLOUR ( '', #2221 ) ;
#1044 = CYLINDRICAL_SURFACE ( 'NONE', #3364, 0.1123199999999999500 ) ;
#1045 = CARTESIAN_POINT ( 'NONE',  ( 5.262320000000001700, 0.1123200000000000000, -5.287679999999999900 ) ) ;
#1046 = ADVANCED_FACE ( 'NONE', ( #1857 ), #2696, .T. ) ;
#1047 = LINE ( 'NONE', #3533, #2369 ) ;
#1048 = DIRECTION ( 'NONE',  ( 0.9610992334315843200, 0.0000000000000000000, 0.2762033010252067400 ) ) ;
#1049 = VECTOR ( 'NONE', #4540, 1000.000000000000000 ) ;
#1050 =( NAMED_UNIT ( * ) SI_UNIT ( $, .STERADIAN. ) SOLID_ANGLE_UNIT ( ) );
#1051 = VERTEX_POINT ( 'NONE', #4590 ) ;
#1052 = STYLED_ITEM ( 'NONE', ( #3860 ), #1695 ) ;
#1053 = ORIENTED_EDGE ( 'NONE', *, *, #3911, .F. ) ;
#1054 = SURFACE_SIDE_STYLE ('',( #3421 ) ) ;
#1055 = ORIENTED_EDGE ( 'NONE', *, *, #2637, .F. ) ;
#1056 = CARTESIAN_POINT ( 'NONE',  ( 2.990917330177048400, 1.692680000000000000, -2.690651667455290900 ) ) ;
#1057 = AXIS2_PLACEMENT_3D ( 'NONE', #4576, #2002, #3505 ) ;
#1058 = ORIENTED_EDGE ( 'NONE', *, *, #1333, .T. ) ;
#1059 = PRODUCT ( 'CCS_CCSTDNOS_2220_L6.1W5.4T1.8B0.95', 'CCS_CCSTDNOS_2220_L6.1W5.4T1.8B0.95', '', ( #3510 ) ) ;
#1060 = ORIENTED_EDGE ( 'NONE', *, *, #3386, .F. ) ;
#1061 = DIRECTION ( 'NONE',  ( 0.0000000000000000000, 0.0000000000000000000, -1.000000000000000000 ) ) ;
#1062 = ORIENTED_EDGE ( 'NONE', *, *, #4007, .T. ) ;
#1063 =( LENGTH_UNIT ( ) NAMED_UNIT ( * ) SI_UNIT ( .MILLI., .METRE. ) );
#1064 = ORIENTED_EDGE ( 'NONE', *, *, #3514, .F. ) ;
#1065 = VECTOR ( 'NONE', #2240, 1000.000000000000000 ) ;
#1066 = CARTESIAN_POINT ( 'NONE',  ( 3.913949177006661000, 1.692680000000000000, -2.306340000000000100 ) ) ;
#1067 = EDGE_CURVE ( 'NONE', #994, #987, #1027, .T. ) ;
#1068 = FACE_OUTER_BOUND ( 'NONE', #528, .T. ) ;
#1069 = ORIENTED_EDGE ( 'NONE', *, *, #1575, .T. ) ;
#1070 = VERTEX_POINT ( 'NONE', #1711 ) ;
#1071 = CIRCLE ( 'NONE', #4510, 0.1123199999999999500 ) ;
#1072 = PRESENTATION_LAYER_ASSIGNMENT (  '', '', ( #430 ) ) ;
#1073 = VECTOR ( 'NONE', #3122, 1000.000000000000000 ) ;
#1074 = CARTESIAN_POINT ( 'NONE',  ( 3.287116692994519300, 1.687680000000000100, -2.306340000000000100 ) ) ;
#1075 = EDGE_CURVE ( 'NONE', #213, #3809, #4116, .T. ) ;
#1076 = CIRCLE ( 'NONE', #2958, 0.1123199999999999500 ) ;
#1077 = DIRECTION ( 'NONE',  ( -0.2762437428917283700, 0.0000000000000000000, 0.9610876102172832800 ) ) ;
#1078 = FILL_AREA_STYLE ('',( #3245 ) ) ;
#1079 = DIRECTION ( 'NONE',  ( -1.000000000000000000, 0.0000000000000000000, 0.0000000000000000000 ) ) ;
#1080 = CIRCLE ( 'NONE', #2715, 0.1123199999999999500 ) ;
#1081 = CARTESIAN_POINT ( 'NONE',  ( 5.150671414421468700, 1.675417221427712500, -5.226392684038424700 ) ) ;
#1082 = EDGE_CURVE ( 'NONE', #3479, #4567, #2532, .T. ) ;
#1083 = PLANE ( 'NONE',  #2573 ) ;
#1084 = STYLED_ITEM ( 'NONE', ( #3164 ), #1155 ) ;
#1085 =( NAMED_UNIT ( * ) SI_UNIT ( $, .STERADIAN. ) SOLID_ANGLE_UNIT ( ) );
#1086 =( LENGTH_UNIT ( ) NAMED_UNIT ( * ) SI_UNIT ( .MILLI., .METRE. ) );
#1087 = EDGE_CURVE ( 'NONE', #1547, #37, #3225, .T. ) ;
#1088 = SURFACE_STYLE_USAGE ( .BOTH. , #731 ) ;
#1089 = CARTESIAN_POINT ( 'NONE',  ( 0.9475689629372234800, 0.1370737319058231200, -5.246638199231568000 ) ) ;
#1090 = FACE_OUTER_BOUND ( 'NONE', #4332, .T. ) ;
#1091 = ADVANCED_FACE ( 'NONE', ( #174 ), #2073, .F. ) ;
#1092 = DIRECTION ( 'NONE',  ( 0.0000000000000000000, 0.0000000000000000000, 1.000000000000000000 ) ) ;
#1093 = VERTEX_POINT ( 'NONE', #3456 ) ;
#1094 = DIRECTION ( 'NONE',  ( 0.2740217765953990000, 0.0000000000000000000, -0.9617234872620618000 ) ) ;
#1095 = ORIENTED_EDGE ( 'NONE', *, *, #481, .T. ) ;
#1096 = PRESENTATION_STYLE_ASSIGNMENT (( #3918 ) ) ;
#1097 =( NAMED_UNIT ( * ) PLANE_ANGLE_UNIT ( ) SI_UNIT ( $, .RADIAN. ) );
#1098 = PRESENTATION_LAYER_ASSIGNMENT (  '', '', ( #852 ) ) ;
#1099 = VERTEX_POINT ( 'NONE', #3155 ) ;
#1100 = ORIENTED_EDGE ( 'NONE', *, *, #3425, .T. ) ;
#1101 = SURFACE_STYLE_USAGE ( .BOTH. , #3278 ) ;
#1102 = CIRCLE ( 'NONE', #4011, 0.1123199999999999500 ) ;
#1103 = DIRECTION ( 'NONE',  ( 0.0000000000000000000, 0.0000000000000000000, -1.000000000000000000 ) ) ;
#1104 = ORIENTED_EDGE ( 'NONE', *, *, #2542, .T. ) ;
#1105 = VERTEX_POINT ( 'NONE', #932 ) ;
#1106 = STYLED_ITEM ( 'NONE', ( #2187 ), #1981 ) ;
#1107 = COLOUR_RGB ( '',0.7686274509803920900, 0.7686274509803920900, 0.7686274509803920900 ) ;
#1108 = PLANE ( 'NONE',  #2475 ) ;
#1109 = UNCERTAINTY_MEASURE_WITH_UNIT (LENGTH_MEASURE( 1.000000000000000100E-005 ), #106, 'distance_accuracy_value', 'NONE');
#1110 = ORIENTED_EDGE ( 'NONE', *, *, #922, .T. ) ;
#1111 = STYLED_ITEM ( 'NONE', ( #1302 ), #947 ) ;
#1112 = ORIENTED_EDGE ( 'NONE', *, *, #1021, .T. ) ;
#1113 = LINE ( 'NONE', #4189, #389 ) ;
#1114 = ORIENTED_EDGE ( 'NONE', *, *, #1791, .F. ) ;
#1115 = ORIENTED_EDGE ( 'NONE', *, *, #2667, .F. ) ;
#1116 = DIRECTION ( 'NONE',  ( 0.0000000000000000000, 0.0000000000000000000, -1.000000000000000000 ) ) ;
#1117 = FACE_OUTER_BOUND ( 'NONE', #604, .T. ) ;
#1118 = SURFACE_STYLE_FILL_AREA ( #2113 ) ;
#1119 = CIRCLE ( 'NONE', #3808, 0.1123200000000000000 ) ;
#1120 =( NAMED_UNIT ( * ) PLANE_ANGLE_UNIT ( ) SI_UNIT ( $, .RADIAN. ) );
#1121 = VERTEX_POINT ( 'NONE', #2055 ) ;
#1122 = CARTESIAN_POINT ( 'NONE',  ( 5.150000000000002100, 1.687680000000000100, -5.175359999999999500 ) ) ;
#1123 = EDGE_CURVE ( 'NONE', #4039, #2861, #345, .T. ) ;
#1124 = VECTOR ( 'NONE', #3573, 1000.000000000000000 ) ;
#1125 = VECTOR ( 'NONE', #1366, 1000.000000000000100 ) ;
#1126 = COLOUR_RGB ( '',0.6470588235294118000, 0.5176470588235293500, 0.0000000000000000000 ) ;
#1127 = DIRECTION ( 'NONE',  ( -1.000000000000000000, -0.0000000000000000000, -0.0000000000000000000 ) ) ;
#1128 = PRESENTATION_LAYER_ASSIGNMENT (  '', '', ( #325 ) ) ;
#1129 = FILL_AREA_STYLE_COLOUR ( '', #96 ) ;
#1130 = VECTOR ( 'NONE', #698, 1000.000000000000000 ) ;
#1131 = CARTESIAN_POINT ( 'NONE',  ( 0.8376799999999968700, 1.015922146779545300E-014, 0.0000000000000000000 ) ) ;
#1132 = MECHANICAL_DESIGN_GEOMETRIC_PRESENTATION_REPRESENTATION (  '', ( #172 ), #3306 ) ;
#1133 = PRESENTATION_LAYER_ASSIGNMENT (  '', '', ( #4372 ) ) ;
#1135 = EDGE_CURVE ( 'NONE', #4228, #1353, #687, .T. ) ;
#1134 = ORIENTED_EDGE ( 'NONE', *, *, #694, .T. ) ;
#1136 = SURFACE_SIDE_STYLE ('',( #405 ) ) ;
#1137 = ADVANCED_FACE ( 'NONE', ( #2826 ), #2181, .T. ) ;
#1138 = DIRECTION ( 'NONE',  ( -0.2763173343569956800, 0.0000000000000000000, 0.9610664548998910700 ) ) ;
#1139 = CARTESIAN_POINT ( 'NONE',  ( 0.9500000000000004000, 1.687680000000000100, -0.1123199999999990900 ) ) ;
#1140 = DIRECTION ( 'NONE',  ( 0.0000000000000000000, -1.000000000000000000, 0.0000000000000000000 ) ) ;
#1141 = AXIS2_PLACEMENT_3D ( 'NONE', #4486, #201, #1268 ) ;
#1142 = FACE_OUTER_BOUND ( 'NONE', #2336, .T. ) ;
#1143 = ADVANCED_FACE ( 'NONE', ( #1239 ), #336, .F. ) ;
#1144 = SURFACE_STYLE_FILL_AREA ( #2900 ) ;
#1145 = FILL_AREA_STYLE_COLOUR ( '', #2778 ) ;
#1146 = ORIENTED_EDGE ( 'NONE', *, *, #1842, .F. ) ;
#1147 = CARTESIAN_POINT ( 'NONE',  ( 0.1123199999999999500, 1.687680000000000100, -5.287679999999999900 ) ) ;
#1148 = ORIENTED_EDGE ( 'NONE', *, *, #1622, .T. ) ;
#1149 = EDGE_LOOP ( 'NONE', ( #437, #889, #3587, #3527, #1878, #1593 ) ) ;
#1150 = STYLED_ITEM ( 'NONE', ( #2166 ), #3328 ) ;
#1151 = UNCERTAINTY_MEASURE_WITH_UNIT (LENGTH_MEASURE( 1.000000000000000100E-005 ), #3471, 'distance_accuracy_value', 'NONE');
#1152 = EDGE_LOOP ( 'NONE', ( #489, #3878, #1655, #3677 ) ) ;
#1153 = CARTESIAN_POINT ( 'NONE',  ( 3.538711252468075900, 1.687680000000000100, -2.575543894777979000 ) ) ;
#1154 = LINE ( 'NONE', #2018, #1839 ) ;
#1155 = ADVANCED_FACE ( 'NONE', ( #1521 ), #1367, .T. ) ;
#1156 = EDGE_CURVE ( 'NONE', #1547, #3534, #2872, .T. ) ;
#1157 = PRESENTATION_STYLE_ASSIGNMENT (( #3445 ) ) ;
#1158 =( NAMED_UNIT ( * ) PLANE_ANGLE_UNIT ( ) SI_UNIT ( $, .RADIAN. ) );
#1159 = VERTEX_POINT ( 'NONE', #2845 ) ;
#1160 =( GEOMETRIC_REPRESENTATION_CONTEXT ( 3 ) GLOBAL_UNCERTAINTY_ASSIGNED_CONTEXT ( ( #3617 ) ) GLOBAL_UNIT_ASSIGNED_CONTEXT ( ( #4537, #2286, #4105 ) ) REPRESENTATION_CONTEXT ( 'NONE', 'WORKASPACE' ) );
#1161 = PLANE ( 'NONE',  #3293 ) ;
#1162 = VERTEX_POINT ( 'NONE', #3960 ) ;
#1163 = EDGE_LOOP ( 'NONE', ( #654, #3126, #1998 ) ) ;
#1164 = DIRECTION ( 'NONE',  ( 1.000000000000000000, 0.0000000000000000000, 0.0000000000000000000 ) ) ;
#1165 = FACE_OUTER_BOUND ( 'NONE', #3121, .T. ) ;
#1166 = LINE ( 'NONE', #2463, #3602 ) ;
#1167 = SURFACE_STYLE_FILL_AREA ( #2699 ) ;
#1168 = ADVANCED_FACE ( 'NONE', ( #3771 ), #2139, .T. ) ;
#1169 = PRESENTATION_LAYER_ASSIGNMENT (  '', '', ( #3907 ) ) ;
#1170 = VERTEX_POINT ( 'NONE', #321 ) ;
#1171 = CARTESIAN_POINT ( 'NONE',  ( 6.100000000000000500, 1.687680000000000100, -0.1123199999999999900 ) ) ;
#1172 = ORIENTED_EDGE ( 'NONE', *, *, #3672, .T. ) ;
#1173 = DIRECTION ( 'NONE',  ( -0.0000000000000000000, 1.000000000000000000, 0.0000000000000000000 ) ) ;
#1174 = EDGE_CURVE ( 'NONE', #3484, #4334, #4579, .T. ) ;
#1175 = COLOUR_RGB ( '',0.7686274509803920900, 0.7686274509803920900, 0.7686274509803920900 ) ;
#1176 = CARTESIAN_POINT ( 'NONE',  ( 3.891128969522361600, 1.692680000000000000, -2.654669085608133600 ) ) ;
#1177 = CARTESIAN_POINT ( 'NONE',  ( 2.367359014849628600, 1.692680000000000000, -2.306340000000000100 ) ) ;
#1178 = DIRECTION ( 'NONE',  ( 0.0000000000000000000, 0.0000000000000000000, 1.000000000000000000 ) ) ;
#1179 = EDGE_CURVE ( 'NONE', #1105, #85, #4452, .T. ) ;
#1180 = LINE ( 'NONE', #1610, #2819 ) ;
#1181 = DIRECTION ( 'NONE',  ( -1.000000000000000000, 0.0000000000000000000, 0.0000000000000000000 ) ) ;
#1182 = STYLED_ITEM ( 'NONE', ( #1157 ), #4518 ) ;
#1183 = DIRECTION ( 'NONE',  ( 0.0000000000000000000, 0.0000000000000000000, 1.000000000000000000 ) ) ;
#1184 = ADVANCED_FACE ( 'NONE', ( #1855 ), #1759, .F. ) ;
#1185 =( GEOMETRIC_REPRESENTATION_CONTEXT ( 3 ) GLOBAL_UNCERTAINTY_ASSIGNED_CONTEXT ( ( #65 ) ) GLOBAL_UNIT_ASSIGNED_CONTEXT ( ( #712, #2172, #747 ) ) REPRESENTATION_CONTEXT ( 'NONE', 'WORKASPACE' ) );
#1186 = SURFACE_STYLE_USAGE ( .BOTH. , #3356 ) ;
#1187 = UNCERTAINTY_MEASURE_WITH_UNIT (LENGTH_MEASURE( 1.000000000000000100E-005 ), #585, 'distance_accuracy_value', 'NONE');
#1188 = DIRECTION ( 'NONE',  ( 0.0000000000000000000, -1.000000000000000000, 0.0000000000000000000 ) ) ;
#1189 = VECTOR ( 'NONE', #1918, 1000.000000000000000 ) ;
#1190 = SURFACE_SIDE_STYLE ('',( #2768 ) ) ;
#1191 = STYLED_ITEM ( 'NONE', ( #3120 ), #1621 ) ;
#1192 = CARTESIAN_POINT ( 'NONE',  ( 5.149945626467080700, 1.685548504708506100, -0.1995509800254688700 ) ) ;
#1193 = DIRECTION ( 'NONE',  ( 0.0000000000000000000, -1.000000000000000000, 0.0000000000000000000 ) ) ;
#1194 = LINE ( 'NONE', #1812, #4353 ) ;
#1195 = FILL_AREA_STYLE_COLOUR ( '', #3051 ) ;
#1196 =( NAMED_UNIT ( * ) PLANE_ANGLE_UNIT ( ) SI_UNIT ( $, .RADIAN. ) );
#1197 = VERTEX_POINT ( 'NONE', #3919 ) ;
#1198 = EDGE_CURVE ( 'NONE', #1543, #2321, #681, .T. ) ;
#1199 = VERTEX_POINT ( 'NONE', #3 ) ;
#1200 = DIRECTION ( 'NONE',  ( 0.9610853065513834700, 0.0000000000000000000, 0.2762517575166416100 ) ) ;
#1201 =( NAMED_UNIT ( * ) SI_UNIT ( $, .STERADIAN. ) SOLID_ANGLE_UNIT ( ) );
#1202 = ORIENTED_EDGE ( 'NONE', *, *, #2551, .T. ) ;
#1203 = LINE ( 'NONE', #3249, #314 ) ;
#1204 = ORIENTED_EDGE ( 'NONE', *, *, #3568, .T. ) ;
#1205 = CIRCLE ( 'NONE', #4490, 0.1123199999999999500 ) ;
#1206 =( NAMED_UNIT ( * ) PLANE_ANGLE_UNIT ( ) SI_UNIT ( $, .RADIAN. ) );
#1207 = EDGE_LOOP ( 'NONE', ( #3297, #3748, #3591, #4031 ) ) ;
#1208 = ORIENTED_EDGE ( 'NONE', *, *, #755, .T. ) ;
#1209 = ADVANCED_FACE ( 'NONE', ( #2977 ), #4296, .F. ) ;
#1210 = CARTESIAN_POINT ( 'NONE',  ( 0.8376799999999968700, 0.0000000000000000000, -0.1123199999999999900 ) ) ;
#1211 = B_SPLINE_CURVE_WITH_KNOTS ( 'NONE', 3,
 ( #605, #3913, #4276, #636, #1677, #2047, #3148, #989, #2093, #1704 ),
 .UNSPECIFIED., .F., .F.,
 ( 4, 3, 3, 4 ),
 ( 0.0000000000000000000, 3.737793887600305700E-005, 7.483306597327563700E-005, 8.800504568266298300E-005 ),
 .UNSPECIFIED. ) ;
#1212 = DIRECTION ( 'NONE',  ( 0.0000000000000000000, 0.0000000000000000000, -1.000000000000000000 ) ) ;
#1213 = ORIENTED_EDGE ( 'NONE', *, *, #1715, .F. ) ;
#1214 = ADVANCED_FACE ( 'NONE', ( #1908 ), #2129, .F. ) ;
#1215 = ORIENTED_EDGE ( 'NONE', *, *, #2551, .F. ) ;
#1216 = AXIS2_PLACEMENT_3D ( 'NONE', #2121, #1434, #2476 ) ;
#1217 = ORIENTED_EDGE ( 'NONE', *, *, #2077, .F. ) ;
#1218 = FACE_OUTER_BOUND ( 'NONE', #1614, .T. ) ;
#1219 = FACE_OUTER_BOUND ( 'NONE', #2739, .T. ) ;
#1220 = DIRECTION ( 'NONE',  ( -0.4443210308329503300, 0.0000000000000000000, 0.8958676361826809500 ) ) ;
#1221 = ORIENTED_EDGE ( 'NONE', *, *, #2234, .F. ) ;
#1222 = SURFACE_STYLE_USAGE ( .BOTH. , #1190 ) ;
#1223 = DIRECTION ( 'NONE',  ( 0.0000000000000000000, 1.000000000000000000, -0.0000000000000000000 ) ) ;
#1224 = DIRECTION ( 'NONE',  ( 0.0000000000000000000, 0.0000000000000000000, -1.000000000000000000 ) ) ;
#1225 = ORIENTED_EDGE ( 'NONE', *, *, #1317, .F. ) ;
#1226 = ORIENTED_EDGE ( 'NONE', *, *, #2751, .T. ) ;
#1227 = DIRECTION ( 'NONE',  ( -1.000000000000000000, 0.0000000000000000000, -1.539402763017535000E-015 ) ) ;
#1228 = LINE ( 'NONE', #1426, #503 ) ;
#1229 = STYLED_ITEM ( 'NONE', ( #255 ), #1375 ) ;
#1230 =( NAMED_UNIT ( * ) PLANE_ANGLE_UNIT ( ) SI_UNIT ( $, .RADIAN. ) );
#1231 = FILL_AREA_STYLE_COLOUR ( '', #3412 ) ;
#1232 = EDGE_CURVE ( 'NONE', #1827, #382, #1689, .T. ) ;
#1233 = DIRECTION ( 'NONE',  ( 0.0000000000000000000, -1.000000000000000000, 0.0000000000000000000 ) ) ;
#1234 = DIRECTION ( 'NONE',  ( -0.0000000000000000000, -1.000000000000000000, -0.0000000000000000000 ) ) ;
#1235 = VECTOR ( 'NONE', #756, 1000.000000000000000 ) ;
#1236 = CARTESIAN_POINT ( 'NONE',  ( 0.8376799999999968700, 0.1123200000000000000, 0.0000000000000000000 ) ) ;
#1237 = PLANE ( 'NONE',  #2158 ) ;
#1238 = CARTESIAN_POINT ( 'NONE',  ( 2.198970402625075100, 1.687680000000000100, -2.738018101797654100 ) ) ;
#1239 = FACE_OUTER_BOUND ( 'NONE', #869, .T. ) ;
#1240 = DIRECTION ( 'NONE',  ( 0.0000000000000000000, 0.0000000000000000000, -1.000000000000000000 ) ) ;
#1241 = DIRECTION ( 'NONE',  ( -0.0000000000000000000, -0.0000000000000000000, 1.000000000000000000 ) ) ;
#1242 = PLANE ( 'NONE',  #4121 ) ;
#1243 =( GEOMETRIC_REPRESENTATION_CONTEXT ( 3 ) GLOBAL_UNCERTAINTY_ASSIGNED_CONTEXT ( ( #3567 ) ) GLOBAL_UNIT_ASSIGNED_CONTEXT ( ( #122, #2238, #3342 ) ) REPRESENTATION_CONTEXT ( 'NONE', 'WORKASPACE' ) );
#1244 = CARTESIAN_POINT ( 'NONE',  ( 3.538711252468075900, 1.692680000000000000, -2.575543894777979000 ) ) ;
#1245 = PLANE ( 'NONE',  #1968 ) ;
#1246 = EDGE_CURVE ( 'NONE', #425, #4535, #7, .T. ) ;
#1247 = DIRECTION ( 'NONE',  ( 1.000000000000000000, 0.0000000000000000000, 0.0000000000000000000 ) ) ;
#1248 = MECHANICAL_DESIGN_GEOMETRIC_PRESENTATION_REPRESENTATION (  '', ( #2544 ), #3029 ) ;
#1249 = DIRECTION ( 'NONE',  ( 0.7059037656364479700, 0.0000000000000000000, -0.7083077534943993400 ) ) ;
#1250 = CARTESIAN_POINT ( 'NONE',  ( 2.076056822177556600, 1.692680000000000000, -2.738018101797654100 ) ) ;
#1251 = ORIENTED_EDGE ( 'NONE', *, *, #2836, .T. ) ;
#1252 = CARTESIAN_POINT ( 'NONE',  ( 3.562074860728799800, 1.687680000000000100, -2.655835953459083000 ) ) ;
#1253 = STYLED_ITEM ( 'NONE', ( #4458 ), #972 ) ;
#1254 = PLANE ( 'NONE',  #2125 ) ;
#1255 = SURFACE_STYLE_FILL_AREA ( #509 ) ;
#1256 = DIRECTION ( 'NONE',  ( 0.0000000000000000000, 0.0000000000000000000, -1.000000000000000000 ) ) ;
#1257 = EDGE_CURVE ( 'NONE', #2094, #3640, #1806, .T. ) ;
#1258 = ADVANCED_FACE ( 'NONE', ( #2407 ), #4395, .F. ) ;
#1259 = CARTESIAN_POINT ( 'NONE',  ( 0.8376800000000002000, 1.687680000000000100, -5.400000000000000400 ) ) ;
#1260 = LINE ( 'NONE', #3325, #3292 ) ;
#1261 = ORIENTED_EDGE ( 'NONE', *, *, #3803, .F. ) ;
#1262 = FILL_AREA_STYLE ('',( #854 ) ) ;
#1263 = CYLINDRICAL_SURFACE ( 'NONE', #3369, 0.1123200000000000000 ) ;
#1264 = EDGE_CURVE ( 'NONE', #2321, #4535, #510, .T. ) ;
#1265 = CLOSED_SHELL ( 'NONE', ( #4185, #2351, #1508, #1184, #3058, #1997, #4543, #1091, #2467, #3834, #2341, #1258, #59, #4141, #1642, #897, #2478, #828, #4301 ) ) ;
#1266 = EDGE_LOOP ( 'NONE', ( #1064, #2788, #784 ) ) ;
#1267 = DIRECTION ( 'NONE',  ( 0.0000000000000000000, 1.000000000000000000, -0.0000000000000000000 ) ) ;
#1268 = DIRECTION ( 'NONE',  ( 0.3829140317376895100, 0.0000000000000000000, 0.9237839814038711900 ) ) ;
#1269 =( LENGTH_UNIT ( ) NAMED_UNIT ( * ) SI_UNIT ( .MILLI., .METRE. ) );
#1270 = ADVANCED_FACE ( 'NONE', ( #2528 ), #3843, .T. ) ;
#1271 = MECHANICAL_DESIGN_GEOMETRIC_PRESENTATION_REPRESENTATION (  '', ( #2306 ), #1754 ) ;
#1272 = EDGE_LOOP ( 'NONE', ( #2959, #429, #128 ) ) ;
#1273 = CARTESIAN_POINT ( 'NONE',  ( 0.8376799999999968700, 0.1123200000000000000, -0.1123199999999999900 ) ) ;
#1274 = CARTESIAN_POINT ( 'NONE',  ( 3.221896250738491800, 1.687680000000000100, -2.738018101797654100 ) ) ;
#1275 = ORIENTED_EDGE ( 'NONE', *, *, #1037, .F. ) ;
#1276 = SPHERICAL_SURFACE ( 'NONE', #2711, 0.1123200000000000000 ) ;
#1277 = UNCERTAINTY_MEASURE_WITH_UNIT (LENGTH_MEASURE( 1.000000000000000100E-005 ), #2842, 'distance_accuracy_value', 'NONE');
#1278 = ORIENTED_EDGE ( 'NONE', *, *, #2916, .T. ) ;
#1279 = ORIENTED_EDGE ( 'NONE', *, *, #3016, .F. ) ;
#1280 = VERTEX_POINT ( 'NONE', #1861 ) ;
#1281 = FACE_OUTER_BOUND ( 'NONE', #384, .T. ) ;
#1282 = COLOUR_RGB ( '',0.7686274509803920900, 0.7686274509803920900, 0.7686274509803920900 ) ;
#1283 = ADVANCED_FACE ( 'NONE', ( #4240 ), #2078, .T. ) ;
#1284 = DIRECTION ( 'NONE',  ( 0.0000000000000000000, 0.0000000000000000000, -1.000000000000000000 ) ) ;
#1285 = CIRCLE ( 'NONE', #2643, 0.1123200000000000000 ) ;
#1286 = ORIENTED_EDGE ( 'NONE', *, *, #2072, .F. ) ;
#1287 = AXIS2_PLACEMENT_3D ( 'NONE', #2242, #3378, #3322 ) ;
#1288 = CARTESIAN_POINT ( 'NONE',  ( 2.800552488001332400, 1.692680000000000000, -2.575558332963582500 ) ) ;
#1289 = CARTESIAN_POINT ( 'NONE',  ( 6.100000000000000500, 0.0000000000000000000, -5.287679999999999900 ) ) ;
#1290 = CARTESIAN_POINT ( 'NONE',  ( 5.150000000000002100, 0.1123199999999999500, -5.187819312958660100 ) ) ;
#1291 = MECHANICAL_DESIGN_GEOMETRIC_PRESENTATION_REPRESENTATION (  '', ( #3792 ), #3967 ) ;
#1292 = DIRECTION ( 'NONE',  ( 0.2746459304917039400, 0.0000000000000000000, -0.9615454294334439000 ) ) ;
#1293 = DIRECTION ( 'NONE',  ( 0.0000000000000000000, -1.000000000000000000, 0.0000000000000000000 ) ) ;
#1294 = LINE ( 'NONE', #3849, #838 ) ;
#1295 = PLANE ( 'NONE',  #2720 ) ;
#1296 = SURFACE_STYLE_USAGE ( .BOTH. , #3459 ) ;
#1297 = ADVANCED_FACE ( 'NONE', ( #2577 ), #572, .T. ) ;
#1298 = EDGE_CURVE ( 'NONE', #2060, #1705, #1203, .T. ) ;
#1299 = COLOUR_RGB ( '',0.7686274509803920900, 0.7686274509803920900, 0.7686274509803920900 ) ;
#1300 = FACE_OUTER_BOUND ( 'NONE', #97, .T. ) ;
#1301 = CARTESIAN_POINT ( 'NONE',  ( 0.9500000000000000700, 0.2246399999999999500, -5.287679999999999000 ) ) ;
#1302 = PRESENTATION_STYLE_ASSIGNMENT (( #862 ) ) ;
#1303 = PLANE ( 'NONE',  #1803 ) ;
#1304 = CARTESIAN_POINT ( 'NONE',  ( 5.153231340801571700, 0.1392136124212917100, -5.248418451054838800 ) ) ;
#1305 = DIRECTION ( 'NONE',  ( 0.0000000000000000000, -1.000000000000000000, 0.0000000000000000000 ) ) ;
#1306 = CARTESIAN_POINT ( 'NONE',  ( 2.236013534432060600, 1.692680000000000000, -2.306340000000000100 ) ) ;
#1307 = VECTOR ( 'NONE', #2169, 1000.000000000000000 ) ;
#1308 = DIRECTION ( 'NONE',  ( -0.3829140317376896200, 0.0000000000000000000, -0.9237839814038710800 ) ) ;
#1309 =( NAMED_UNIT ( * ) PLANE_ANGLE_UNIT ( ) SI_UNIT ( $, .RADIAN. ) );
#1310 = DIRECTION ( 'NONE',  ( 0.2740217765953990000, 0.0000000000000000000, -0.9617234872620618000 ) ) ;
#1311 = SURFACE_SIDE_STYLE ('',( #1167 ) ) ;
#1312 = SURFACE_SIDE_STYLE ('',( #4082 ) ) ;
#1313 = VECTOR ( 'NONE', #2361, 1000.000000000000200 ) ;
#1314 = DIRECTION ( 'NONE',  ( 1.000000000000000000, -0.0000000000000000000, -0.0000000000000000000 ) ) ;
#1315 = AXIS2_PLACEMENT_3D ( 'NONE', #1634, #1234, #2317 ) ;
#1316 = DIRECTION ( 'NONE',  ( -1.000000000000000000, 0.0000000000000000000, 0.0000000000000000000 ) ) ;
#1317 = EDGE_CURVE ( 'NONE', #3754, #1051, #4205, .T. ) ;
#1318 = SURFACE_STYLE_FILL_AREA ( #448 ) ;
#1319 = CARTESIAN_POINT ( 'NONE',  ( 3.485318844781000600, 1.692680000000000000, -2.388482771469913500 ) ) ;
#1320 =( NAMED_UNIT ( * ) PLANE_ANGLE_UNIT ( ) SI_UNIT ( $, .RADIAN. ) );
#1321 = FACE_OUTER_BOUND ( 'NONE', #202, .T. ) ;
#1322 = PRESENTATION_LAYER_ASSIGNMENT (  '', '', ( #2857 ) ) ;
#1323 = ADVANCED_FACE ( 'NONE', ( #3872 ), #192, .T. ) ;
#1324 = VERTEX_POINT ( 'NONE', #3619 ) ;
#1325 = DIRECTION ( 'NONE',  ( 0.0000000000000000000, 0.0000000000000000000, 1.000000000000000000 ) ) ;
#1326 = PRESENTATION_STYLE_ASSIGNMENT (( #1956 ) ) ;
#1327 = MECHANICAL_DESIGN_GEOMETRIC_PRESENTATION_REPRESENTATION (  '', ( #1084 ), #3393 ) ;
#1328 =( NAMED_UNIT ( * ) SI_UNIT ( $, .STERADIAN. ) SOLID_ANGLE_UNIT ( ) );
#1329 = DIRECTION ( 'NONE',  ( -0.0000000000000000000, -0.0000000000000000000, -1.000000000000000000 ) ) ;
#1330 = CARTESIAN_POINT ( 'NONE',  ( 2.561933919047046700, 1.692680000000000000, -2.388467020723880300 ) ) ;
#1331 = DIRECTION ( 'NONE',  ( 1.000000000000000000, 0.0000000000000000000, 0.0000000000000000000 ) ) ;
#1332 = ORIENTED_EDGE ( 'NONE', *, *, #603, .F. ) ;
#1333 = EDGE_CURVE ( 'NONE', #2150, #279, #4477, .T. ) ;
#1334 = ORIENTED_EDGE ( 'NONE', *, *, #3641, .T. ) ;
#1335 =( LENGTH_UNIT ( ) NAMED_UNIT ( * ) SI_UNIT ( .MILLI., .METRE. ) );
#1336 = LINE ( 'NONE', #2633, #1832 ) ;
#1337 = ORIENTED_EDGE ( 'NONE', *, *, #1087, .F. ) ;
#1338 = ADVANCED_FACE ( 'NONE', ( #3801 ), #4422, .F. ) ;
#1339 = VERTEX_POINT ( 'NONE', #3667 ) ;
#1340 = LINE ( 'NONE', #3663, #379 ) ;
#1341 = DIRECTION ( 'NONE',  ( -0.0000000000000000000, -1.000000000000000000, -0.0000000000000000000 ) ) ;
#1342 = COLOUR_RGB ( '',0.7921568627450980000, 0.8196078431372548800, 0.9333333333333333500 ) ;
#1343 = CARTESIAN_POINT ( 'NONE',  ( 5.150000000000002100, 1.687680000000000100, -5.175359999999999500 ) ) ;
#1344 = ORIENTED_EDGE ( 'NONE', *, *, #614, .T. ) ;
#1345 = PLANE ( 'NONE',  #1379 ) ;
#1346 = ORIENTED_EDGE ( 'NONE', *, *, #2324, .F. ) ;
#1347 = CARTESIAN_POINT ( 'NONE',  ( 2.615271199120354300, 1.692680000000000000, -2.575558332963582500 ) ) ;
#1348 = ORIENTED_EDGE ( 'NONE', *, *, #833, .T. ) ;
#1349 = FACE_OUTER_BOUND ( 'NONE', #4447, .T. ) ;
#1350 = UNCERTAINTY_MEASURE_WITH_UNIT (LENGTH_MEASURE( 1.000000000000000100E-005 ), #566, 'distance_accuracy_value', 'NONE');
#1351 = CARTESIAN_POINT ( 'NONE',  ( 6.100000000000000500, 0.0000000000000000000, -5.287679999999999900 ) ) ;
#1352 = VECTOR ( 'NONE', #2426, 1000.000000000000000 ) ;
#1353 = VERTEX_POINT ( 'NONE', #4407 ) ;
#1354 = CARTESIAN_POINT ( 'NONE',  ( 0.8376799999999968700, 0.1123200000000000000, 0.0000000000000000000 ) ) ;
#1355 = CARTESIAN_POINT ( 'NONE',  ( 6.100000000000000500, 0.1123200000000000000, -0.1123199999999999900 ) ) ;
#1356 = CARTESIAN_POINT ( 'NONE',  ( 2.880570220824253600, 1.692680000000000000, -2.306340000000000100 ) ) ;
#1357 =( GEOMETRIC_REPRESENTATION_CONTEXT ( 3 ) GLOBAL_UNCERTAINTY_ASSIGNED_CONTEXT ( ( #3564 ) ) GLOBAL_UNIT_ASSIGNED_CONTEXT ( ( #2786, #2413, #281 ) ) REPRESENTATION_CONTEXT ( 'NONE', 'WORKASPACE' ) );
#1358 = FILL_AREA_STYLE ('',( #2370 ) ) ;
#1359 = VERTEX_POINT ( 'NONE', #1576 ) ;
#1360 = VECTOR ( 'NONE', #1684, 1000.000000000000000 ) ;
#1361 = LINE ( 'NONE', #2965, #395 ) ;
#1362 = ORIENTED_EDGE ( 'NONE', *, *, #1003, .T. ) ;
#1363 = LINE ( 'NONE', #3199, #4393 ) ;
#1364 = DIRECTION ( 'NONE',  ( 0.0000000000000000000, 0.0000000000000000000, -1.000000000000000000 ) ) ;
#1365 = MECHANICAL_DESIGN_GEOMETRIC_PRESENTATION_REPRESENTATION (  '', ( #783 ), #3933 ) ;
#1366 = DIRECTION ( 'NONE',  ( -0.3829140317376896200, 0.0000000000000000000, -0.9237839814038710800 ) ) ;
#1367 = SPHERICAL_SURFACE ( 'NONE', #1710, 0.1123200000000000000 ) ;
#1368 =( NAMED_UNIT ( * ) SI_UNIT ( $, .STERADIAN. ) SOLID_ANGLE_UNIT ( ) );
#1369 = CARTESIAN_POINT ( 'NONE',  ( 0.8376799999999979800, 0.1123200000000000000, -5.287679999999999900 ) ) ;
#1370 =( NAMED_UNIT ( * ) PLANE_ANGLE_UNIT ( ) SI_UNIT ( $, .RADIAN. ) );
#1371 = CARTESIAN_POINT ( 'NONE',  ( 2.880570220824253600, 1.687680000000000100, -2.306340000000000100 ) ) ;
#1372 = SURFACE_SIDE_STYLE ('',( #1958 ) ) ;
#1373 = VECTOR ( 'NONE', #3868, 1000.000000000000000 ) ;
#1374 = LINE ( 'NONE', #653, #4460 ) ;
#1375 = ADVANCED_FACE ( 'NONE', ( #3127 ), #1828, .T. ) ;
#1376 = EDGE_CURVE ( 'NONE', #1738, #1444, #1260, .T. ) ;
#1377 = B_SPLINE_CURVE_WITH_KNOTS ( 'NONE', 3,
 ( #2402, #3856, #2757, #2738, #3105, #257, #3476, #2717, #586, #3091 ),
 .UNSPECIFIED., .F., .F.,
 ( 4, 3, 3, 4 ),
 ( 0.0000000000000000000, 3.535348412143877100E-005, 7.052049924266624600E-005, 8.790586026857304500E-005 ),
 .UNSPECIFIED. ) ;
#1378 = CARTESIAN_POINT ( 'NONE',  ( 5.150942924539806200, 1.635259863643314000, -5.271174982254358100 ) ) ;
#1379 = AXIS2_PLACEMENT_3D ( 'NONE', #82, #1173, #3682 ) ;
#1380 = SURFACE_STYLE_USAGE ( .BOTH. , #3165 ) ;
#1381 = CARTESIAN_POINT ( 'NONE',  ( 6.100000000000000500, 0.1123200000000000000, -5.287679999999999900 ) ) ;
#1382 =( LENGTH_UNIT ( ) NAMED_UNIT ( * ) SI_UNIT ( .MILLI., .METRE. ) );
#1383 = LINE ( 'NONE', #4529, #4257 ) ;
#1384 = CARTESIAN_POINT ( 'NONE',  ( 5.154925775900062800, 1.654782233662872600, -5.254782233662873600 ) ) ;
#1385 = CARTESIAN_POINT ( 'NONE',  ( 2.835311761819845300, 1.692680000000000000, -2.655850391644456500 ) ) ;
#1386 = ORIENTED_EDGE ( 'NONE', *, *, #4650, .F. ) ;
#1387 = FILL_AREA_STYLE ('',( #4254 ) ) ;
#1388 = FILL_AREA_STYLE ('',( #1963 ) ) ;
#1389 = PRESENTATION_STYLE_ASSIGNMENT (( #2420 ) ) ;
#1390 = AXIS2_PLACEMENT_3D ( 'NONE', #3053, #3038, #3449 ) ;
#1391 = ORIENTED_EDGE ( 'NONE', *, *, #3993, .F. ) ;
#1392 = FILL_AREA_STYLE_COLOUR ( '', #445 ) ;
#1393 = LINE ( 'NONE', #1351, #4423 ) ;
#1394 = DIRECTION ( 'NONE',  ( 0.0000000000000000000, 0.0000000000000000000, 1.000000000000000000 ) ) ;
#1395 = VERTEX_POINT ( 'NONE', #1909 ) ;
#1396 = DIRECTION ( 'NONE',  ( -1.000000000000000000, 0.0000000000000000000, 0.0000000000000000000 ) ) ;
#1397 = EDGE_LOOP ( 'NONE', ( #1279, #2382, #328 ) ) ;
#1398 = AXIS2_PLACEMENT_3D ( 'NONE', #695, #3219, #2462 ) ;
#1399 = LINE ( 'NONE', #163, #3992 ) ;
#1400 = PLANE ( 'NONE',  #2065 ) ;
#1401 = DIRECTION ( 'NONE',  ( 1.000000000000000000, -0.0000000000000000000, -0.0000000000000000000 ) ) ;
#1402 = DIRECTION ( 'NONE',  ( 0.0000000000000000000, -1.000000000000000000, 0.0000000000000000000 ) ) ;
#1403 = EDGE_CURVE ( 'NONE', #2050, #3398, #2131, .T. ) ;
#1404 = ORIENTED_EDGE ( 'NONE', *, *, #905, .T. ) ;
#1405 = UNCERTAINTY_MEASURE_WITH_UNIT (LENGTH_MEASURE( 1.000000000000000100E-005 ), #3170, 'distance_accuracy_value', 'NONE');
#1406 = VECTOR ( 'NONE', #359, 1000.000000000000000 ) ;
#1407 = STYLED_ITEM ( 'NONE', ( #1945 ), #3731 ) ;
#1408 = VERTEX_POINT ( 'NONE', #4085 ) ;
#1409 = ORIENTED_EDGE ( 'NONE', *, *, #3927, .T. ) ;
#1410 = ORIENTED_EDGE ( 'NONE', *, *, #521, .T. ) ;
#1411 = VECTOR ( 'NONE', #1768, 1000.000000000000100 ) ;
#1412 = PRESENTATION_STYLE_ASSIGNMENT (( #2038 ) ) ;
#1413 =( LENGTH_UNIT ( ) NAMED_UNIT ( * ) SI_UNIT ( .MILLI., .METRE. ) );
#1414 = VERTEX_POINT ( 'NONE', #1917 ) ;
#1415 = DIRECTION ( 'NONE',  ( 0.0000000000000000000, 0.0000000000000000000, -1.000000000000000000 ) ) ;
#1416 = CARTESIAN_POINT ( 'NONE',  ( 2.198970402625075100, 1.692680000000000000, -2.738018101797654100 ) ) ;
#1417 = DIRECTION ( 'NONE',  ( -0.2755520632520533400, 0.0000000000000000000, 0.9612861490927331300 ) ) ;
#1418 = FILL_AREA_STYLE ('',( #4339 ) ) ;
#1419 = CARTESIAN_POINT ( 'NONE',  ( 5.262320000000001700, 0.1123200000000000000, -5.287679999999999900 ) ) ;
#1420 = AXIS2_PLACEMENT_3D ( 'NONE', #3158, #1048, #2057 ) ;
#1421 = PLANE ( 'NONE',  #3715 ) ;
#1422 = DIRECTION ( 'NONE',  ( 0.0000000000000000000, 1.000000000000000000, -0.0000000000000000000 ) ) ;
#1423 = EDGE_CURVE ( 'NONE', #4535, #1093, #4024, .T. ) ;
#1424 = AXIS2_PLACEMENT_3D ( 'NONE', #2464, #1422, #3941 ) ;
#1425 = MECHANICAL_DESIGN_GEOMETRIC_PRESENTATION_REPRESENTATION (  '', ( #4462 ), #2665 ) ;
#1426 = CARTESIAN_POINT ( 'NONE',  ( 2.858649118835884000, 1.692680000000000000, -2.738018101797654100 ) ) ;
#1427 = COLOUR_RGB ( '',0.7686274509803920900, 0.7686274509803920900, 0.7686274509803920900 ) ;
#1428 = CARTESIAN_POINT ( 'NONE',  ( 3.538711252468075900, 1.692680000000000000, -2.575543894777979000 ) ) ;
#1429 = EDGE_CURVE ( 'NONE', #2859, #1199, #3736, .T. ) ;
#1430 = SPHERICAL_SURFACE ( 'NONE', #3334, 0.1123200000000000000 ) ;
#1431 =( NAMED_UNIT ( * ) SI_UNIT ( $, .STERADIAN. ) SOLID_ANGLE_UNIT ( ) );
#1432 = SURFACE_STYLE_USAGE ( .BOTH. , #2089 ) ;
#1433 = VECTOR ( 'NONE', #3013, 1000.000000000000200 ) ;
#1434 = DIRECTION ( 'NONE',  ( 0.0000000000000000000, 1.000000000000000000, 0.0000000000000000000 ) ) ;
#1435 = CARTESIAN_POINT ( 'NONE',  ( 0.9450742240999389100, 1.654782233662874100, -5.254782233662871800 ) ) ;
#1436 =( NAMED_UNIT ( * ) PLANE_ANGLE_UNIT ( ) SI_UNIT ( $, .RADIAN. ) );
#1437 = SURFACE_STYLE_USAGE ( .BOTH. , #3595 ) ;
#1438 = PRESENTATION_LAYER_ASSIGNMENT (  '', '', ( #1572 ) ) ;
#1439 = COLOUR_RGB ( '',0.7686274509803920900, 0.7686274509803920900, 0.7686274509803920900 ) ;
#1440 = DIRECTION ( 'NONE',  ( -1.000000000000000000, 0.0000000000000000000, 0.0000000000000000000 ) ) ;
#1441 = DIRECTION ( 'NONE',  ( 1.000000000000000000, 0.0000000000000000000, 0.0000000000000000000 ) ) ;
#1442 = DIRECTION ( 'NONE',  ( 0.3725077383644723200, 0.0000000000000000000, 0.9280290862136734200 ) ) ;
#1443 = LINE ( 'NONE', #53, #531 ) ;
#1444 = VERTEX_POINT ( 'NONE', #2271 ) ;
#1445 = PRESENTATION_LAYER_ASSIGNMENT (  '', '', ( #4291 ) ) ;
#1446 = VERTEX_POINT ( 'NONE', #502 ) ;
#1447 = VECTOR ( 'NONE', #855, 1000.000000000000100 ) ;
#1448 = ORIENTED_EDGE ( 'NONE', *, *, #1650, .F. ) ;
#1449 = LINE ( 'NONE', #3113, #3874 ) ;
#1450 = AXIS2_PLACEMENT_3D ( 'NONE', #753, #3276, #1116 ) ;
#1451 = VERTEX_POINT ( 'NONE', #2654 ) ;
#1452 = ORIENTED_EDGE ( 'NONE', *, *, #905, .F. ) ;
#1453 = CARTESIAN_POINT ( 'NONE',  ( 5.150030899689776100, 0.1155294750999380400, -0.1955092100933743000 ) ) ;
#1454 = ORIENTED_EDGE ( 'NONE', *, *, #4350, .T. ) ;
#1455 = DIRECTION ( 'NONE',  ( 1.000000000000000000, 0.0000000000000000000, 0.0000000000000000000 ) ) ;
#1456 = VERTEX_POINT ( 'NONE', #3340 ) ;
#1457 = ORIENTED_EDGE ( 'NONE', *, *, #181, .T. ) ;
#1458 = UNCERTAINTY_MEASURE_WITH_UNIT (LENGTH_MEASURE( 1.000000000000000100E-005 ), #1335, 'distance_accuracy_value', 'NONE');
#1459 = VECTOR ( 'NONE', #4649, 1000.000000000000000 ) ;
#1460 = EDGE_CURVE ( 'NONE', #3312, #1556, #371, .T. ) ;
#1461 = VECTOR ( 'NONE', #1442, 1000.000000000000200 ) ;
#1462 = FACE_OUTER_BOUND ( 'NONE', #4488, .T. ) ;
#1463 = ORIENTED_EDGE ( 'NONE', *, *, #4130, .T. ) ;
#1464 = ORIENTED_EDGE ( 'NONE', *, *, #614, .F. ) ;
#1465 = VECTOR ( 'NONE', #631, 1000.000000000000200 ) ;
#1466 = AXIS2_PLACEMENT_3D ( 'NONE', #2694, #3041, #3404 ) ;
#1467 = LINE ( 'NONE', #340, #2812 ) ;
#1468 = LINE ( 'NONE', #3302, #1952 ) ;
#1469 = VERTEX_POINT ( 'NONE', #1153 ) ;
#1470 =( NAMED_UNIT ( * ) SI_UNIT ( $, .STERADIAN. ) SOLID_ANGLE_UNIT ( ) );
#1471 = FACE_OUTER_BOUND ( 'NONE', #3017, .T. ) ;
#1472 = AXIS2_PLACEMENT_3D ( 'NONE', #1794, #333, #3563 ) ;
#1473 = SURFACE_STYLE_USAGE ( .BOTH. , #3620 ) ;
#1474 = EDGE_CURVE ( 'NONE', #2394, #1827, #2940, .T. ) ;
#1475 = PRESENTATION_STYLE_ASSIGNMENT (( #275 ) ) ;
#1476 = DIRECTION ( 'NONE',  ( 0.0000000000000000000, 1.000000000000000000, 0.0000000000000000000 ) ) ;
#1477 = VECTOR ( 'NONE', #1233, 1000.000000000000000 ) ;
#1478 = AXIS2_PLACEMENT_3D ( 'NONE', #770, #398, #1455 ) ;
#1479 = FACE_OUTER_BOUND ( 'NONE', #3949, .T. ) ;
#1480 = EDGE_CURVE ( 'NONE', #2162, #2559, #1930, .T. ) ;
#1481 = ORIENTED_EDGE ( 'NONE', *, *, #2700, .T. ) ;
#1482 = CARTESIAN_POINT ( 'NONE',  ( 5.987680000000000100, 0.1123200000000000000, -5.287679999999999900 ) ) ;
#1483 =( LENGTH_UNIT ( ) NAMED_UNIT ( * ) SI_UNIT ( .MILLI., .METRE. ) );
#1484 = LINE ( 'NONE', #915, #4308 ) ;
#1485 = ORIENTED_EDGE ( 'NONE', *, *, #2479, .T. ) ;
#1486 = CARTESIAN_POINT ( 'NONE',  ( 0.9500027774523941400, 1.587100840322658700, -5.287218356280759800 ) ) ;
#1487 = CYLINDRICAL_SURFACE ( 'NONE', #1673, 0.1123199999999999500 ) ;
#1488 = PRESENTATION_STYLE_ASSIGNMENT (( #2766 ) ) ;
#1489 = AXIS2_PLACEMENT_3D ( 'NONE', #4089, #1580, #879 ) ;
#1490 = COLOUR_RGB ( '',0.7686274509803920900, 0.7686274509803920900, 0.7686274509803920900 ) ;
#1491 = ORIENTED_EDGE ( 'NONE', *, *, #3702, .F. ) ;
#1492 = DIRECTION ( 'NONE',  ( 0.0000000000000000000, 0.0000000000000000000, -1.000000000000000000 ) ) ;
#1493 = DIRECTION ( 'NONE',  ( 1.000000000000000000, -0.0000000000000000000, -0.0000000000000000000 ) ) ;
#1494 = CARTESIAN_POINT ( 'NONE',  ( 3.221896250738491800, 1.687680000000000100, -2.738018101797654100 ) ) ;
#1495 = EDGE_CURVE ( 'NONE', #2428, #2257, #2312, .T. ) ;
#1496 = ORIENTED_EDGE ( 'NONE', *, *, #1746, .T. ) ;
#1497 = ORIENTED_EDGE ( 'NONE', *, *, #514, .F. ) ;
#1498 = AXIS2_PLACEMENT_3D ( 'NONE', #2440, #4591, #276 ) ;
#1499 = DIRECTION ( 'NONE',  ( -1.000000000000000000, -0.0000000000000000000, -0.0000000000000000000 ) ) ;
#1500 = VERTEX_POINT ( 'NONE', #2368 ) ;
#1501 =( GEOMETRIC_REPRESENTATION_CONTEXT ( 3 ) GLOBAL_UNCERTAINTY_ASSIGNED_CONTEXT ( ( #3031 ) ) GLOBAL_UNIT_ASSIGNED_CONTEXT ( ( #2343, #161, #205 ) ) REPRESENTATION_CONTEXT ( 'NONE', 'WORKASPACE' ) );
#1502 = CARTESIAN_POINT ( 'NONE',  ( 3.288313749777273200, 1.692680000000000000, -2.692502380243609200 ) ) ;
#1503 = VECTOR ( 'NONE', #4331, 1000.000000000000000 ) ;
#1504 = EDGE_CURVE ( 'NONE', #1280, #3986, #870, .T. ) ;
#1505 = EDGE_LOOP ( 'NONE', ( #548, #708, #2279, #4083, #2516, #3863, #245, #4370, #3988, #1114, #263 ) ) ;
#1506 = VERTEX_POINT ( 'NONE', #2671 ) ;
#1507 = ORIENTED_EDGE ( 'NONE', *, *, #3285, .T. ) ;
#1508 = ADVANCED_FACE ( 'NONE', ( #3185 ), #4483, .F. ) ;
#1509 = MANIFOLD_SOLID_BREP ( 'Scale1[2]', #3817 ) ;
#1510 = LINE ( 'NONE', #4256, #2811 ) ;
#1511 = CIRCLE ( 'NONE', #4552, 0.1123200000000000200 ) ;
#1512 = DIRECTION ( 'NONE',  ( 1.000000000000000000, 0.0000000000000000000, 0.0000000000000000000 ) ) ;
#1513 = EDGE_LOOP ( 'NONE', ( #675, #2064, #269, #865 ) ) ;
#1514 = DIRECTION ( 'NONE',  ( 0.8958676361826809500, 0.0000000000000000000, 0.4443210308329503300 ) ) ;
#1515 = DIRECTION ( 'NONE',  ( 0.0000000000000000000, 0.0000000000000000000, -1.000000000000000000 ) ) ;
#1516 = EDGE_CURVE ( 'NONE', #2660, #1162, #77, .T. ) ;
#1517 = FILL_AREA_STYLE ('',( #1894 ) ) ;
#1518 =( GEOMETRIC_REPRESENTATION_CONTEXT ( 3 ) GLOBAL_UNCERTAINTY_ASSIGNED_CONTEXT ( ( #501 ) ) GLOBAL_UNIT_ASSIGNED_CONTEXT ( ( #1772, #741, #2106 ) ) REPRESENTATION_CONTEXT ( 'NONE', 'WORKASPACE' ) );
#1519 = CARTESIAN_POINT ( 'NONE',  ( 2.835311761819845300, 1.692680000000000000, -2.655850391644456500 ) ) ;
#1520 = VECTOR ( 'NONE', #1193, 1000.000000000000000 ) ;
#1521 = FACE_OUTER_BOUND ( 'NONE', #2164, .T. ) ;
#1522 = CARTESIAN_POINT ( 'NONE',  ( 5.150000000000002100, 1.581221478228864900, -0.1123199999999990300 ) ) ;
#1523 = CARTESIAN_POINT ( 'NONE',  ( 3.463233672509940400, 1.687680000000000100, -2.738018101797654100 ) ) ;
#1524 = LINE ( 'NONE', #3024, #177 ) ;
#1525 = DIRECTION ( 'NONE',  ( 0.2793947940814949200, 0.0000000000000000000, -0.9601763114346025800 ) ) ;
#1526 = CARTESIAN_POINT ( 'NONE',  ( 2.074749509818183000, 1.692680000000000000, -2.306340000000000100 ) ) ;
#1527 =( GEOMETRIC_REPRESENTATION_CONTEXT ( 3 ) GLOBAL_UNCERTAINTY_ASSIGNED_CONTEXT ( ( #2259 ) ) GLOBAL_UNIT_ASSIGNED_CONTEXT ( ( #3380, #1230, #1976 ) ) REPRESENTATION_CONTEXT ( 'NONE', 'WORKASPACE' ) );
#1528 = CARTESIAN_POINT ( 'NONE',  ( 3.288313749777273200, 1.687680000000000100, -2.692502380243609200 ) ) ;
#1529 = FACE_OUTER_BOUND ( 'NONE', #2148, .T. ) ;
#1531 = EDGE_CURVE ( 'NONE', #34, #1159, #3865, .T. ) ;
#1530 = UNCERTAINTY_MEASURE_WITH_UNIT (LENGTH_MEASURE( 1.000000000000000100E-005 ), #1744, 'distance_accuracy_value', 'NONE');
#1532 = CARTESIAN_POINT ( 'NONE',  ( 5.150000000000002100, 1.575360000000000100, -0.1123199999999990900 ) ) ;
#1533 = CARTESIAN_POINT ( 'NONE',  ( 5.150000000000002100, 1.687680000000000100, -0.2121806870413389400 ) ) ;
#1534 = ADVANCED_FACE ( 'NONE', ( #2785 ), #3674, .T. ) ;
#1535 = SURFACE_STYLE_USAGE ( .BOTH. , #4446 ) ;
#1536 = MECHANICAL_DESIGN_GEOMETRIC_PRESENTATION_REPRESENTATION (  '', ( #430 ), #2372 ) ;
#1537 = COLOUR_RGB ( '',0.7921568627450980000, 0.8196078431372548800, 0.9333333333333333500 ) ;
#1538 = DIRECTION ( 'NONE',  ( -0.9615454294334440100, 0.0000000000000000000, -0.2746459304917039900 ) ) ;
#1539 = SURFACE_STYLE_FILL_AREA ( #2746 ) ;
#1540 = CARTESIAN_POINT ( 'NONE',  ( 0.9450742240999356900, 0.1452177663371256600, -0.1452177663371273500 ) ) ;
#1541 = ORIENTED_EDGE ( 'NONE', *, *, #3468, .T. ) ;
#1542 = VERTEX_POINT ( 'NONE', #876 ) ;
#1543 = VERTEX_POINT ( 'NONE', #1288 ) ;
#1544 = PRESENTATION_LAYER_ASSIGNMENT (  '', '', ( #3922 ) ) ;
#1545 = ORIENTED_EDGE ( 'NONE', *, *, #84, .T. ) ;
#1546 = FILL_AREA_STYLE_COLOUR ( '', #137 ) ;
#1547 = VERTEX_POINT ( 'NONE', #4118 ) ;
#1548 = DIRECTION ( 'NONE',  ( -1.000000000000000000, 0.0000000000000000000, 0.0000000000000000000 ) ) ;
#1549 = VECTOR ( 'NONE', #3052, 1000.000000000000000 ) ;
#1550 = EDGE_CURVE ( 'NONE', #2859, #8, #1770, .T. ) ;
#1551 = ADVANCED_FACE ( 'NONE', ( #24 ), #1605, .F. ) ;
#1552 = CARTESIAN_POINT ( 'NONE',  ( 0.9493285855785335000, 1.675417221427714100, -0.1736073159615771400 ) ) ;
#1553 = ORIENTED_EDGE ( 'NONE', *, *, #4271, .T. ) ;
#1554 =( GEOMETRIC_REPRESENTATION_CONTEXT ( 3 ) GLOBAL_UNCERTAINTY_ASSIGNED_CONTEXT ( ( #3224 ) ) GLOBAL_UNIT_ASSIGNED_CONTEXT ( ( #2725, #3773, #3430 ) ) REPRESENTATION_CONTEXT ( 'NONE', 'WORKASPACE' ) );
#1555 =( LENGTH_UNIT ( ) NAMED_UNIT ( * ) SI_UNIT ( .MILLI., .METRE. ) );
#1556 = VERTEX_POINT ( 'NONE', #4522 ) ;
#1557 = ORIENTED_EDGE ( 'NONE', *, *, #2976, .F. ) ;
#1558 = CARTESIAN_POINT ( 'NONE',  ( 2.367359014849628600, 1.692680000000000000, -2.306340000000000100 ) ) ;
#1559 = EDGE_LOOP ( 'NONE', ( #1410, #2008, #727 ) ) ;
#1560 = CARTESIAN_POINT ( 'NONE',  ( 2.236013534432060600, 1.692680000000000000, -2.306340000000000100 ) ) ;
#1561 = ORIENTED_EDGE ( 'NONE', *, *, #3825, .T. ) ;
#1562 = SURFACE_STYLE_FILL_AREA ( #1724 ) ;
#1563 = EDGE_CURVE ( 'NONE', #2948, #3264, #2549, .T. ) ;
#1564 = EDGE_LOOP ( 'NONE', ( #2059, #1796, #3256, #3884, #929, #863 ) ) ;
#1565 = ADVANCED_FACE ( 'NONE', ( #2487 ), #1487, .T. ) ;
#1566 = CARTESIAN_POINT ( 'NONE',  ( 2.076056822177556600, 1.687680000000000100, -2.738018101797654100 ) ) ;
#1567 =( LENGTH_UNIT ( ) NAMED_UNIT ( * ) SI_UNIT ( .MILLI., .METRE. ) );
#1568 = DIRECTION ( 'NONE',  ( 0.0000000000000000000, 1.000000000000000000, 0.0000000000000000000 ) ) ;
#1569 = CARTESIAN_POINT ( 'NONE',  ( 5.150000000000002100, 0.0000000000000000000, -0.1123199999999990900 ) ) ;
#1570 = DIRECTION ( 'NONE',  ( -0.2762517575166416100, 0.0000000000000000000, 0.9610853065513833600 ) ) ;
#1571 = LINE ( 'NONE', #292, #635 ) ;
#1572 = STYLED_ITEM ( 'NONE', ( #4242 ), #2613 ) ;
#1573 = DIRECTION ( 'NONE',  ( -0.9610992334305189500, 0.0000000000000000000, -0.2762033010289141600 ) ) ;
#1574 = CARTESIAN_POINT ( 'NONE',  ( 2.367359014849628600, 1.692680000000000000, -2.306340000000000100 ) ) ;
#1575 = EDGE_CURVE ( 'NONE', #2332, #2428, #1443, .T. ) ;
#1576 = CARTESIAN_POINT ( 'NONE',  ( 2.592503494125971900, 1.692680000000000000, -2.495755860006286600 ) ) ;
#1577 = FACE_OUTER_BOUND ( 'NONE', #4002, .T. ) ;
#1578 = DIRECTION ( 'NONE',  ( -0.0000000000000000000, -0.0000000000000000000, 1.000000000000000000 ) ) ;
#1579 =( NAMED_UNIT ( * ) PLANE_ANGLE_UNIT ( ) SI_UNIT ( $, .RADIAN. ) );
#1580 = DIRECTION ( 'NONE',  ( 0.0000000000000000000, 0.0000000000000000000, 1.000000000000000000 ) ) ;
#1581 = PRESENTATION_LAYER_ASSIGNMENT (  '', '', ( #783 ) ) ;
#1582 = PRESENTATION_STYLE_ASSIGNMENT (( #968 ) ) ;
#1583 = CARTESIAN_POINT ( 'NONE',  ( 0.9500000000000000700, 0.1123199999999999500, -0.1123200000000008200 ) ) ;
#1584 = COLOUR_RGB ( '',0.7921568627450980000, 0.8196078431372548800, 0.9333333333333333500 ) ;
#1585 = CARTESIAN_POINT ( 'NONE',  ( 0.9498276882378415800, 1.612216508249768600, -0.1185391979312363900 ) ) ;
#1586 = ORIENTED_EDGE ( 'NONE', *, *, #3268, .T. ) ;
#1587 = DIRECTION ( 'NONE',  ( 0.0000000000000000000, 0.0000000000000000000, 1.000000000000000000 ) ) ;
#1588 = EDGE_CURVE ( 'NONE', #1922, #3882, #3916, .T. ) ;
#1589 = SPHERICAL_SURFACE ( 'NONE', #2933, 0.1123200000000000000 ) ;
#1590 = CARTESIAN_POINT ( 'NONE',  ( 2.901706411273204300, 1.692680000000000000, -2.738018101797654100 ) ) ;
#1591 = SURFACE_STYLE_USAGE ( .BOTH. , #896 ) ;
#1592 = EDGE_LOOP ( 'NONE', ( #2156, #1452, #2680, #2445, #3735, #3078 ) ) ;
#1593 = ORIENTED_EDGE ( 'NONE', *, *, #3504, .F. ) ;
#1594 =( NAMED_UNIT ( * ) SI_UNIT ( $, .STERADIAN. ) SOLID_ANGLE_UNIT ( ) );
#1595 = ORIENTED_EDGE ( 'NONE', *, *, #3875, .T. ) ;
#1596 = ORIENTED_EDGE ( 'NONE', *, *, #2500, .T. ) ;
#1597 = CARTESIAN_POINT ( 'NONE',  ( 0.1123199999999999500, 1.800000000000000000, -5.400000000000000400 ) ) ;
#1598 = CARTESIAN_POINT ( 'NONE',  ( 3.084457079766795000, 1.692680000000000000, -2.306340000000000100 ) ) ;
#1599 = CARTESIAN_POINT ( 'NONE',  ( 5.987680000000000100, 1.687680000000000100, -5.287679999999999900 ) ) ;
#1600 = EDGE_LOOP ( 'NONE', ( #216, #699, #563, #3683, #761, #254, #4375, #2272, #2377, #4081, #2256, #3299, #4671, #2015, #4290, #3826, #3692, #143, #602, #2617, #3196, #1386, #4211 ) ) ;
#1601 = SURFACE_STYLE_USAGE ( .BOTH. , #549 ) ;
#1602 = AXIS2_PLACEMENT_3D ( 'NONE', #3438, #4138, #4473 ) ;
#1603 = ORIENTED_EDGE ( 'NONE', *, *, #2404, .F. ) ;
#1604 = FACE_OUTER_BOUND ( 'NONE', #4603, .T. ) ;
#1605 = PLANE ( 'NONE',  #2629 ) ;
#1606 = ORIENTED_EDGE ( 'NONE', *, *, #3726, .T. ) ;
#1607 = DIRECTION ( 'NONE',  ( 1.000000000000000000, 0.0000000000000000000, 0.0000000000000000000 ) ) ;
#1608 = DIRECTION ( 'NONE',  ( 0.0000000000000000000, 0.0000000000000000000, 1.000000000000000000 ) ) ;
#1609 = CARTESIAN_POINT ( 'NONE',  ( 5.150000000000002100, 0.1123199999999999500, -0.2246400000000007800 ) ) ;
#1610 = CARTESIAN_POINT ( 'NONE',  ( 0.9500000000000004000, 0.0000000000000000000, -5.287679999999999000 ) ) ;
#1611 = ORIENTED_EDGE ( 'NONE', *, *, #1810, .T. ) ;
#1612 = LINE ( 'NONE', #3420, #1890 ) ;
#1613 =( NAMED_UNIT ( * ) SI_UNIT ( $, .STERADIAN. ) SOLID_ANGLE_UNIT ( ) );
#1614 = EDGE_LOOP ( 'NONE', ( #1734, #3389, #4315, #2608 ) ) ;
#1615 = CARTESIAN_POINT ( 'NONE',  ( 2.561933919047046700, 1.692680000000000000, -2.388467020723880300 ) ) ;
#1616 = B_SPLINE_CURVE_WITH_KNOTS ( 'NONE', 3,
 ( #5, #1089, #402, #2904, #3981, #385, #1813, #2152, #3705, #4426 ),
 .UNSPECIFIED., .F., .F.,
 ( 4, 3, 3, 4 ),
 ( 0.0000000000000000000, 3.535348412143818100E-005, 7.052049924266536500E-005, 8.790586026857122900E-005 ),
 .UNSPECIFIED. ) ;
#1617 = FACE_OUTER_BOUND ( 'NONE', #1592, .T. ) ;
#1618 =( GEOMETRIC_REPRESENTATION_CONTEXT ( 3 ) GLOBAL_UNCERTAINTY_ASSIGNED_CONTEXT ( ( #179 ) ) GLOBAL_UNIT_ASSIGNED_CONTEXT ( ( #4005, #1120, #3629 ) ) REPRESENTATION_CONTEXT ( 'NONE', 'WORKASPACE' ) );
#1619 = DIRECTION ( 'NONE',  ( -0.9611638845408937400, 0.0000000000000000000, -0.2759782365590801600 ) ) ;
#1620 = FILL_AREA_STYLE_COLOUR ( '', #3549 ) ;
#1621 = ADVANCED_FACE ( 'NONE', ( #2371 ), #3670, .T. ) ;
#1622 = EDGE_CURVE ( 'NONE', #3809, #3534, #2367, .T. ) ;
#1623 = FILL_AREA_STYLE ('',( #2704 ) ) ;
#1624 = COLOUR_RGB ( '',0.7686274509803920900, 0.7686274509803920900, 0.7686274509803920900 ) ;
#1625 = DIRECTION ( 'NONE',  ( 1.000000000000000000, 0.0000000000000000000, 0.0000000000000000000 ) ) ;
#1626 = DIRECTION ( 'NONE',  ( -0.0000000000000000000, 1.000000000000000000, -0.0000000000000000000 ) ) ;
#1627 = FILL_AREA_STYLE_COLOUR ( '', #4106 ) ;
#1628 = PRESENTATION_STYLE_ASSIGNMENT (( #1535 ) ) ;
#1629 = DIRECTION ( 'NONE',  ( -1.000000000000000000, 0.0000000000000000000, 0.0000000000000000000 ) ) ;
#1630 = CARTESIAN_POINT ( 'NONE',  ( 2.901706411273204300, 1.692680000000000000, -2.738018101797654100 ) ) ;
#1631 = FILL_AREA_STYLE ('',( #2246 ) ) ;
#1632 = CARTESIAN_POINT ( 'NONE',  ( 3.913949177006661000, 1.687680000000000100, -2.306340000000000100 ) ) ;
#1633 = DIRECTION ( 'NONE',  ( 1.000000000000000000, 0.0000000000000000000, 0.0000000000000000000 ) ) ;
#1634 = CARTESIAN_POINT ( 'NONE',  ( 0.1123200000000000000, 1.687680000000000100, -0.1123199999999999900 ) ) ;
#1635 = EDGE_CURVE ( 'NONE', #2319, #3206, #3336, .T. ) ;
#1636 = FILL_AREA_STYLE_COLOUR ( '', #4314 ) ;
#1637 = DIRECTION ( 'NONE',  ( -0.9620200793798756600, 0.0000000000000000000, -0.2729786930695100600 ) ) ;
#1638 = AXIS2_PLACEMENT_3D ( 'NONE', #3522, #4236, #2754 ) ;
#1639 = CARTESIAN_POINT ( 'NONE',  ( 5.152629779276083800, 0.1364827373767552300, -5.244959421310641200 ) ) ;
#1640 = VECTOR ( 'NONE', #2682, 1000.000000000000000 ) ;
#1641 = UNCERTAINTY_MEASURE_WITH_UNIT (LENGTH_MEASURE( 1.000000000000000100E-005 ), #729, 'distance_accuracy_value', 'NONE');
#1642 = ADVANCED_FACE ( 'NONE', ( #759 ), #1108, .F. ) ;
#1643 = ORIENTED_EDGE ( 'NONE', *, *, #28, .T. ) ;
#1644 = DIRECTION ( 'NONE',  ( 0.0000000000000000000, -1.000000000000000000, -7.360257803776688000E-015 ) ) ;
#1645 = AXIS2_PLACEMENT_3D ( 'NONE', #383, #2222, #2963 ) ;
#1646 = CARTESIAN_POINT ( 'NONE',  ( 5.150000000000002100, 0.2246399999999999500, -5.287679999999999000 ) ) ;
#1647 = DIRECTION ( 'NONE',  ( 0.2755265765475200500, 0.0000000000000000000, -0.9612934544747527800 ) ) ;
#1648 = CARTESIAN_POINT ( 'NONE',  ( 2.141930384065831000, 1.692680000000000000, -2.540729493345363900 ) ) ;
#1649 = CARTESIAN_POINT ( 'NONE',  ( 0.1123200000000000000, 1.687680000000000100, -0.1123199999999999900 ) ) ;
#1650 = EDGE_CURVE ( 'NONE', #2861, #85, #2194, .T. ) ;
#1651 = DIRECTION ( 'NONE',  ( 1.000000000000000000, -0.0000000000000000000, -0.0000000000000000000 ) ) ;
#1652 = ORIENTED_EDGE ( 'NONE', *, *, #1480, .F. ) ;
#1653 = CYLINDRICAL_SURFACE ( 'NONE', #302, 0.1123199999999999500 ) ;
#1654 = CARTESIAN_POINT ( 'NONE',  ( 0.8376799999999970900, 0.1123200000000000000, 0.0000000000000000000 ) ) ;
#1655 = ORIENTED_EDGE ( 'NONE', *, *, #404, .F. ) ;
#1656 = SURFACE_SIDE_STYLE ('',( #473 ) ) ;
#1657 = ORIENTED_EDGE ( 'NONE', *, *, #1856, .F. ) ;
#1658 = CARTESIAN_POINT ( 'NONE',  ( 3.701169708740216000, 1.687680000000000100, -2.495755860005379700 ) ) ;
#1659 = ORIENTED_EDGE ( 'NONE', *, *, #2762, .F. ) ;
#1660 = PLANE ( 'NONE',  #4432 ) ;
#1661 = CARTESIAN_POINT ( 'NONE',  ( 4.156214044269768600, 1.692680000000000000, -2.738018101797654100 ) ) ;
#1662 =( GEOMETRIC_REPRESENTATION_CONTEXT ( 3 ) GLOBAL_UNCERTAINTY_ASSIGNED_CONTEXT ( ( #2232 ) ) GLOBAL_UNIT_ASSIGNED_CONTEXT ( ( #2642, #507, #155 ) ) REPRESENTATION_CONTEXT ( 'NONE', 'WORKASPACE' ) );
#1663 =( NAMED_UNIT ( * ) SI_UNIT ( $, .STERADIAN. ) SOLID_ANGLE_UNIT ( ) );
#1664 = ORIENTED_EDGE ( 'NONE', *, *, #1376, .F. ) ;
#1665 = CARTESIAN_POINT ( 'NONE',  ( 3.701169708740216000, 1.687680000000000100, -2.495755860005379700 ) ) ;
#1666 = EDGE_LOOP ( 'NONE', ( #2490, #3243, #268, #48 ) ) ;
#1667 = CARTESIAN_POINT ( 'NONE',  ( 6.100000000000000500, 1.687680000000000100, 0.0000000000000000000 ) ) ;
#1668 = ORIENTED_EDGE ( 'NONE', *, *, #2301, .T. ) ;
#1669 = ADVANCED_FACE ( 'NONE', ( #2995 ), #1044, .T. ) ;
#1670 = COLOUR_RGB ( '',0.7686274509803920900, 0.7686274509803920900, 0.7686274509803920900 ) ;
#1671 = CARTESIAN_POINT ( 'NONE',  ( 2.198970402625075100, 1.692680000000000000, -2.738018101797654100 ) ) ;
#1672 = ORIENTED_EDGE ( 'NONE', *, *, #2667, .T. ) ;
#1673 = AXIS2_PLACEMENT_3D ( 'NONE', #1236, #573, #2151 ) ;
#1674 = CARTESIAN_POINT ( 'NONE',  ( 3.688521858785050300, 1.687680000000000100, -2.388482771469913500 ) ) ;
#1675 = ORIENTED_EDGE ( 'NONE', *, *, #4633, .F. ) ;
#1676 = CYLINDRICAL_SURFACE ( 'NONE', #10, 0.1123200000000000000 ) ;
#1677 = CARTESIAN_POINT ( 'NONE',  ( 5.150399240127527800, 0.1760033854232493100, -0.1226312837360372700 ) ) ;
#1678 = VECTOR ( 'NONE', #633, 1000.000000000000100 ) ;
#1679 = AXIS2_PLACEMENT_3D ( 'NONE', #2928, #831, #416 ) ;
#1680 =( BOUNDED_CURVE ( )  B_SPLINE_CURVE ( 3, ( #4268, #2075, #4642, #294 ),
 .UNSPECIFIED., .F., .F. ) 
 B_SPLINE_CURVE_WITH_KNOTS ( ( 4, 4 ),
 ( 1.570796326794888800, 1.868047688116095000 ),
 .UNSPECIFIED. ) 
 CURVE ( )  GEOMETRIC_REPRESENTATION_ITEM ( )  RATIONAL_B_SPLINE_CURVE ( ( 1.000000000000000000, 0.9926503465430338600, 0.9926503465430338600, 1.000000000000000000 ) ) 
 REPRESENTATION_ITEM ( '' )  );
#1681 = LINE ( 'NONE', #1238, #4396 ) ;
#1682 = FILL_AREA_STYLE ('',( #4608 ) ) ;
#1683 = CARTESIAN_POINT ( 'NONE',  ( 5.150000000000002100, 0.1123200000000000000, 0.0000000000000000000 ) ) ;
#1684 = DIRECTION ( 'NONE',  ( -1.000000000000000000, 0.0000000000000000000, 0.0000000000000000000 ) ) ;
#1685 = DIRECTION ( 'NONE',  ( 0.9984327301130246900, 0.0000000000000000000, 0.05596501978068186400 ) ) ;
#1686 = FILL_AREA_STYLE_COLOUR ( '', #2789 ) ;
#1687 = COLOUR_RGB ( '',0.7686274509803920900, 0.7686274509803920900, 0.7686274509803920900 ) ;
#1688 = EDGE_CURVE ( 'NONE', #34, #3312, #3574, .T. ) ;
#1689 = LINE ( 'NONE', #3559, #740 ) ;
#1690 = CARTESIAN_POINT ( 'NONE',  ( 2.777758531761730200, 1.692680000000000000, -2.495755860006286600 ) ) ;
#1691 = VECTOR ( 'NONE', #4670, 1000.000000000000000 ) ;
#1692 = PLANE ( 'NONE',  #4261 ) ;
#1693 = VECTOR ( 'NONE', #1499, 1000.000000000000000 ) ;
#1694 = LINE ( 'NONE', #4653, #516 ) ;
#1695 = ADVANCED_FACE ( 'NONE', ( #1090 ), #4193, .T. ) ;
#1696 = CARTESIAN_POINT ( 'NONE',  ( 0.1123199999999999500, 1.800000000000000000, -5.287679999999999900 ) ) ;
#1697 = VECTOR ( 'NONE', #1982, 1000.000000000000000 ) ;
#1698 = DIRECTION ( 'NONE',  ( 0.0000000000000000000, 0.0000000000000000000, 1.000000000000000000 ) ) ;
#1699 = FILL_AREA_STYLE ('',( #4611 ) ) ;
#1700 = MECHANICAL_DESIGN_GEOMETRIC_PRESENTATION_REPRESENTATION (  '', ( #4359 ), #3980 ) ;
#1701 =( NAMED_UNIT ( * ) PLANE_ANGLE_UNIT ( ) SI_UNIT ( $, .RADIAN. ) );
#1702 = AXIS2_PLACEMENT_3D ( 'NONE', #1147, #434, #4078 ) ;
#1703 = UNCERTAINTY_MEASURE_WITH_UNIT (LENGTH_MEASURE( 1.000000000000000100E-005 ), #3087, 'distance_accuracy_value', 'NONE');
#1704 = CARTESIAN_POINT ( 'NONE',  ( 5.154925775900062800, 0.1452177663371260800, -0.1452177663371269400 ) ) ;
#1705 = VERTEX_POINT ( 'NONE', #864 ) ;
#1706 = DIRECTION ( 'NONE',  ( -1.000000000000000000, 0.0000000000000000000, 0.0000000000000000000 ) ) ;
#1707 = DIRECTION ( 'NONE',  ( 1.000000000000000000, 0.0000000000000000000, 0.0000000000000000000 ) ) ;
#1708 = VERTEX_POINT ( 'NONE', #1528 ) ;
#1709 = CARTESIAN_POINT ( 'NONE',  ( 2.367359014849628600, 1.687680000000000100, -2.306340000000000100 ) ) ;
#1710 = AXIS2_PLACEMENT_3D ( 'NONE', #2876, #3598, #4267 ) ;
#1711 = CARTESIAN_POINT ( 'NONE',  ( 0.1123199999999999500, 1.687680000000000100, -5.400000000000000400 ) ) ;
#1712 = CARTESIAN_POINT ( 'NONE',  ( 3.913949177006661000, 1.692680000000000000, -2.306340000000000100 ) ) ;
#1713 = CARTESIAN_POINT ( 'NONE',  ( 3.790980468944140600, 1.687680000000000100, -2.306340000000000100 ) ) ;
#1714 = ORIENTED_EDGE ( 'NONE', *, *, #424, .T. ) ;
#1715 = EDGE_CURVE ( 'NONE', #994, #3948, #2773, .T. ) ;
#1716 = ORIENTED_EDGE ( 'NONE', *, *, #3664, .F. ) ;
#1717 = FACE_OUTER_BOUND ( 'NONE', #2454, .T. ) ;
#1718 = ADVANCED_FACE ( 'NONE', ( #3239 ), #700, .T. ) ;
#1719 = VERTEX_POINT ( 'NONE', #2619 ) ;
#1720 = CARTESIAN_POINT ( 'NONE',  ( 2.901706411273204300, 1.687680000000000100, -2.738018101797654100 ) ) ;
#1721 = ORIENTED_EDGE ( 'NONE', *, *, #1531, .F. ) ;
#1722 = DIRECTION ( 'NONE',  ( 0.0000000000000000000, 1.000000000000000000, 0.0000000000000000000 ) ) ;
#1723 = ORIENTED_EDGE ( 'NONE', *, *, #3770, .T. ) ;
#1724 = FILL_AREA_STYLE ('',( #2390 ) ) ;
#1725 = DIRECTION ( 'NONE',  ( 0.9611542233438681300, 0.0000000000000000000, 0.2760118818968593800 ) ) ;
#1726 = COLOUR_RGB ( '',0.7686274509803920900, 0.7686274509803920900, 0.7686274509803920900 ) ;
#1727 = LINE ( 'NONE', #2929, #3760 ) ;
#1728 = DIRECTION ( 'NONE',  ( 1.000000000000000000, 0.0000000000000000000, 0.0000000000000000000 ) ) ;
#1729 = ORIENTED_EDGE ( 'NONE', *, *, #1003, .F. ) ;
#1730 = FILL_AREA_STYLE_COLOUR ( '', #1584 ) ;
#1731 = CARTESIAN_POINT ( 'NONE',  ( 2.800552488001332400, 1.692680000000000000, -2.575558332963582500 ) ) ;
#1732 = MECHANICAL_DESIGN_GEOMETRIC_PRESENTATION_REPRESENTATION (  '', ( #3680 ), #1662 ) ;
#1733 = DIRECTION ( 'NONE',  ( 0.0000000000000000000, -1.000000000000000000, 0.0000000000000000000 ) ) ;
#1734 = ORIENTED_EDGE ( 'NONE', *, *, #1082, .T. ) ;
#1735 = LINE ( 'NONE', #1056, #439 ) ;
#1736 = DIRECTION ( 'NONE',  ( 1.000000000000000000, 0.0000000000000000000, 0.0000000000000000000 ) ) ;
#1737 = VECTOR ( 'NONE', #262, 1000.000000000000100 ) ;
#1738 = VERTEX_POINT ( 'NONE', #2999 ) ;
#1739 = EDGE_CURVE ( 'NONE', #2861, #3873, #2202, .T. ) ;
#1740 = CARTESIAN_POINT ( 'NONE',  ( 3.485318844781000600, 1.692680000000000000, -2.388482771469913500 ) ) ;
#1741 = AXIS2_PLACEMENT_3D ( 'NONE', #4328, #2816, #3173 ) ;
#1742 = UNCERTAINTY_MEASURE_WITH_UNIT (LENGTH_MEASURE( 1.000000000000000100E-005 ), #802, 'distance_accuracy_value', 'NONE');
#1743 =( GEOMETRIC_REPRESENTATION_CONTEXT ( 3 ) GLOBAL_UNCERTAINTY_ASSIGNED_CONTEXT ( ( #4169 ) ) GLOBAL_UNIT_ASSIGNED_CONTEXT ( ( #266, #1320, #623 ) ) REPRESENTATION_CONTEXT ( 'NONE', 'WORKASPACE' ) );
#1744 =( LENGTH_UNIT ( ) NAMED_UNIT ( * ) SI_UNIT ( .MILLI., .METRE. ) );
#1745 = CARTESIAN_POINT ( 'NONE',  ( 6.100000000000000500, 1.687680000000000100, -5.287679999999999900 ) ) ;
#1746 = EDGE_CURVE ( 'NONE', #1762, #2269, #4538, .T. ) ;
#1747 = CARTESIAN_POINT ( 'NONE',  ( 2.858649118835884000, 1.692680000000000000, -2.738018101797654100 ) ) ;
#1748 = LINE ( 'NONE', #3982, #967 ) ;
#1749 = CARTESIAN_POINT ( 'NONE',  ( 2.969375558335646500, 1.692680000000000000, -2.306340000000000100 ) ) ;
#1750 = CARTESIAN_POINT ( 'NONE',  ( 0.9500000000000000700, 0.2246399999999999500, -5.175359999999999500 ) ) ;
#1751 = EDGE_CURVE ( 'NONE', #3358, #2451, #3463, .T. ) ;
#1752 =( LENGTH_UNIT ( ) NAMED_UNIT ( * ) SI_UNIT ( .MILLI., .METRE. ) );
#1753 = FACE_OUTER_BOUND ( 'NONE', #3531, .T. ) ;
#1754 =( GEOMETRIC_REPRESENTATION_CONTEXT ( 3 ) GLOBAL_UNCERTAINTY_ASSIGNED_CONTEXT ( ( #4346 ) ) GLOBAL_UNIT_ASSIGNED_CONTEXT ( ( #1555, #3673, #2698 ) ) REPRESENTATION_CONTEXT ( 'NONE', 'WORKASPACE' ) );
#1755 = ORIENTED_EDGE ( 'NONE', *, *, #2349, .F. ) ;
#1756 = DIRECTION ( 'NONE',  ( 1.000000000000000000, -0.0000000000000000000, -0.0000000000000000000 ) ) ;
#1757 = DIRECTION ( 'NONE',  ( 0.0000000000000000000, -1.000000000000000000, 0.0000000000000000000 ) ) ;
#1758 = AXIS2_PLACEMENT_3D ( 'NONE', #964, #3485, #247 ) ;
#1759 = PLANE ( 'NONE',  #4125 ) ;
#1760 =( LENGTH_UNIT ( ) NAMED_UNIT ( * ) SI_UNIT ( .MILLI., .METRE. ) );
#1761 = CARTESIAN_POINT ( 'NONE',  ( 3.411227330224759300, 1.692680000000000000, -2.738018101797654100 ) ) ;
#1762 = VERTEX_POINT ( 'NONE', #1630 ) ;
#1763 = AXIS2_PLACEMENT_3D ( 'NONE', #4194, #3909, #3182 ) ;
#1764 = FACE_OUTER_BOUND ( 'NONE', #136, .T. ) ;
#1765 = CARTESIAN_POINT ( 'NONE',  ( 0.9493285855785306100, 0.1736073159615751900, -0.1245827785722864900 ) ) ;
#1766 = CARTESIAN_POINT ( 'NONE',  ( 5.151654082231210900, 0.1345373754723363000, -5.265462624527664600 ) ) ;
#1767 = COLOUR_RGB ( '',0.7686274509803920900, 0.7686274509803920900, 0.7686274509803920900 ) ;
#1768 = DIRECTION ( 'NONE',  ( -0.2765379750249969400, 0.0000000000000000000, 0.9610029908221275900 ) ) ;
#1769 = AXIS2_PLACEMENT_3D ( 'NONE', #4532, #567, #512 ) ;
#1770 = CIRCLE ( 'NONE', #3124, 0.1123199999999999500 ) ;
#1771 = ORIENTED_EDGE ( 'NONE', *, *, #3210, .F. ) ;
#1772 =( LENGTH_UNIT ( ) NAMED_UNIT ( * ) SI_UNIT ( .MILLI., .METRE. ) );
#1773 =( LENGTH_UNIT ( ) NAMED_UNIT ( * ) SI_UNIT ( .MILLI., .METRE. ) );
#1774 = SURFACE_STYLE_USAGE ( .BOTH. , #3956 ) ;
#1775 = ORIENTED_EDGE ( 'NONE', *, *, #3702, .T. ) ;
#1776 = CLOSED_SHELL ( 'NONE', ( #3418, #1022, #4239, #547, #4127, #3644, #151, #2801, #3679, #1214, #3443, #751, #610 ) ) ;
#1777 = CARTESIAN_POINT ( 'NONE',  ( 2.800552488001332400, 1.687680000000000100, -2.575558332963582500 ) ) ;
#1778 = FACE_OUTER_BOUND ( 'NONE', #3631, .T. ) ;
#1779 = CARTESIAN_POINT ( 'NONE',  ( 0.8376799999999977600, 1.015922146779545200E-014, -5.287679999999999900 ) ) ;
#1780 = EDGE_CURVE ( 'NONE', #1353, #3597, #806, .T. ) ;
#1781 = ORIENTED_EDGE ( 'NONE', *, *, #3621, .T. ) ;
#1782 = ORIENTED_EDGE ( 'NONE', *, *, #1474, .F. ) ;
#1783 = CARTESIAN_POINT ( 'NONE',  ( 2.471723465759438000, 1.687680000000000100, -2.738018101797654100 ) ) ;
#1784 =( GEOMETRIC_REPRESENTATION_CONTEXT ( 3 ) GLOBAL_UNCERTAINTY_ASSIGNED_CONTEXT ( ( #1350 ) ) GLOBAL_UNIT_ASSIGNED_CONTEXT ( ( #566, #3513, #2770 ) ) REPRESENTATION_CONTEXT ( 'NONE', 'WORKASPACE' ) );
#1785 = ORIENTED_EDGE ( 'NONE', *, *, #353, .T. ) ;
#1786 = PLANE ( 'NONE',  #560 ) ;
#1787 = ORIENTED_EDGE ( 'NONE', *, *, #3095, .T. ) ;
#1788 = ORIENTED_EDGE ( 'NONE', *, *, #2040, .T. ) ;
#1789 = VECTOR ( 'NONE', #1795, 1000.000000000000000 ) ;
#1790 = CARTESIAN_POINT ( 'NONE',  ( -0.0004046433776270716400, 1.692679999999999500, -0.8546536584304120800 ) ) ;
#1791 = EDGE_CURVE ( 'NONE', #382, #3597, #1865, .T. ) ;
#1792 = SPHERICAL_SURFACE ( 'NONE', #2921, 0.1123200000000000000 ) ;
#1793 = ORIENTED_EDGE ( 'NONE', *, *, #4465, .T. ) ;
#1794 = CARTESIAN_POINT ( 'NONE',  ( 0.1123200000000000000, 0.1123200000000000000, -5.287679999999999900 ) ) ;
#1795 = DIRECTION ( 'NONE',  ( 1.000000000000000000, 0.0000000000000000000, -0.0000000000000000000 ) ) ;
#1796 = ORIENTED_EDGE ( 'NONE', *, *, #3016, .T. ) ;
#1797 = COLOUR_RGB ( '',0.7686274509803920900, 0.7686274509803920900, 0.7686274509803920900 ) ;
#1798 = CARTESIAN_POINT ( 'NONE',  ( 6.100000000000000500, 0.1123200000000000000, -5.400000000000000400 ) ) ;
#1799 = AXIS2_PLACEMENT_3D ( 'NONE', #3996, #711, #757 ) ;
#1800 = FILL_AREA_STYLE_COLOUR ( '', #2080 ) ;
#1801 = VECTOR ( 'NONE', #3833, 1000.000000000000000 ) ;
#1802 = EDGE_CURVE ( 'NONE', #1197, #2109, #3387, .T. ) ;
#1803 = AXIS2_PLACEMENT_3D ( 'NONE', #1967, #3830, #4506 ) ;
#1804 = CARTESIAN_POINT ( 'NONE',  ( 0.9487412343930143900, 1.636877533923820800, -5.270069581109933800 ) ) ;
#1805 = DIRECTION ( 'NONE',  ( 0.0000000000000000000, 0.0000000000000000000, 1.000000000000000000 ) ) ;
#1806 = LINE ( 'NONE', #1016, #2024 ) ;
#1807 = LINE ( 'NONE', #2543, #2291 ) ;
#1808 = CARTESIAN_POINT ( 'NONE',  ( 5.150008434677455500, 0.1136964791315136500, -0.2071095243275095900 ) ) ;
#1809 = DIRECTION ( 'NONE',  ( 0.0000000000000000000, -1.000000000000000000, 0.0000000000000000000 ) ) ;
#1810 = EDGE_CURVE ( 'NONE', #3258, #1543, #3332, .T. ) ;
#1811 = SURFACE_STYLE_FILL_AREA ( #882 ) ;
#1812 = CARTESIAN_POINT ( 'NONE',  ( 2.801232395251704900, 1.692680000000000000, -2.388467020723880300 ) ) ;
#1813 = CARTESIAN_POINT ( 'NONE',  ( 0.9499915653225429200, 0.1136964791315134300, -5.192890475672488300 ) ) ;
#1814 =( LENGTH_UNIT ( ) NAMED_UNIT ( * ) SI_UNIT ( .MILLI., .METRE. ) );
#1815 = VECTOR ( 'NONE', #849, 1000.000000000000000 ) ;
#1816 =( GEOMETRIC_REPRESENTATION_CONTEXT ( 3 ) GLOBAL_UNCERTAINTY_ASSIGNED_CONTEXT ( ( #2356 ) ) GLOBAL_UNIT_ASSIGNED_CONTEXT ( ( #4380, #1158, #444 ) ) REPRESENTATION_CONTEXT ( 'NONE', 'WORKASPACE' ) );
#1817 = ORIENTED_EDGE ( 'NONE', *, *, #2595, .T. ) ;
#1818 = CARTESIAN_POINT ( 'NONE',  ( 0.1123200000000000000, 0.1123200000000000000, -0.1123199999999999900 ) ) ;
#1819 = DIRECTION ( 'NONE',  ( 1.000000000000000000, 0.0000000000000000000, 0.0000000000000000000 ) ) ;
#1820 = CARTESIAN_POINT ( 'NONE',  ( 5.150086068518853600, 1.680746604300920900, -5.215943630607957200 ) ) ;
#1821 = EDGE_CURVE ( 'NONE', #4366, #2660, #2241, .T. ) ;
#1822 = DIRECTION ( 'NONE',  ( -1.000000000000000000, 0.0000000000000000000, 0.0000000000000000000 ) ) ;
#1823 =( BOUNDED_CURVE ( )  B_SPLINE_CURVE ( 3, ( #4063, #2362, #470, #3709 ),
 .UNSPECIFIED., .F., .T. ) 
 B_SPLINE_CURVE_WITH_KNOTS ( ( 4, 4 ),
 ( 1.570796326794901200, 1.868047688116109700 ),
 .UNSPECIFIED. ) 
 CURVE ( )  GEOMETRIC_REPRESENTATION_ITEM ( )  RATIONAL_B_SPLINE_CURVE ( ( 1.000000000000000000, 0.9926503465430337500, 0.9926503465430337500, 1.000000000000000000 ) ) 
 REPRESENTATION_ITEM ( '' )  );
#1824 = ORIENTED_EDGE ( 'NONE', *, *, #3026, .T. ) ;
#1825 = FACE_OUTER_BOUND ( 'NONE', #3271, .T. ) ;
#1826 = MECHANICAL_DESIGN_GEOMETRIC_PRESENTATION_REPRESENTATION (  '', ( #52 ), #3756 ) ;
#1827 = VERTEX_POINT ( 'NONE', #899 ) ;
#1828 = SPHERICAL_SURFACE ( 'NONE', #1859, 0.1123200000000000000 ) ;
#1829 = DIRECTION ( 'NONE',  ( 0.0000000000000000000, 0.0000000000000000000, 1.000000000000000000 ) ) ;
#1830 = ORIENTED_EDGE ( 'NONE', *, *, #3397, .F. ) ;
#1831 = EDGE_LOOP ( 'NONE', ( #3402, #762, #3417, #1457 ) ) ;
#1832 = VECTOR ( 'NONE', #971, 1000.000000000000000 ) ;
#1833 = ORIENTED_EDGE ( 'NONE', *, *, #4406, .T. ) ;
#1834 = EDGE_CURVE ( 'NONE', #1949, #3954, #2305, .T. ) ;
#1835 = ORIENTED_EDGE ( 'NONE', *, *, #2180, .T. ) ;
#1836 = ORIENTED_EDGE ( 'NONE', *, *, #2524, .T. ) ;
#1837 = ORIENTED_EDGE ( 'NONE', *, *, #1264, .F. ) ;
#1838 = CARTESIAN_POINT ( 'NONE',  ( 5.151258765606987900, 1.670069581109934200, -5.236877533923820500 ) ) ;
#1839 = VECTOR ( 'NONE', #2386, 1000.000000000000000 ) ;
#1840 = SURFACE_STYLE_FILL_AREA ( #1078 ) ;
#1841 = SURFACE_SIDE_STYLE ('',( #1912 ) ) ;
#1842 = EDGE_CURVE ( 'NONE', #3685, #3086, #646, .T. ) ;
#1843 = VECTOR ( 'NONE', #2755, 1000.000000000000000 ) ;
#1844 = ORIENTED_EDGE ( 'NONE', *, *, #2031, .F. ) ;
#1845 = VERTEX_POINT ( 'NONE', #1661 ) ;
#1846 = VECTOR ( 'NONE', #584, 1000.000000000000100 ) ;
#1847 = FACE_OUTER_BOUND ( 'NONE', #2381, .T. ) ;
#1848 = ORIENTED_EDGE ( 'NONE', *, *, #1916, .F. ) ;
#1849 = UNCERTAINTY_MEASURE_WITH_UNIT (LENGTH_MEASURE( 1.000000000000000100E-005 ), #1850, 'distance_accuracy_value', 'NONE');
#1850 =( LENGTH_UNIT ( ) NAMED_UNIT ( * ) SI_UNIT ( .MILLI., .METRE. ) );
#1851 = VECTOR ( 'NONE', #4111, 1000.000000000000000 ) ;
#1852 = DIRECTION ( 'NONE',  ( 0.0000000000000000000, 0.0000000000000000000, 1.000000000000000000 ) ) ;
#1853 =( GEOMETRIC_REPRESENTATION_CONTEXT ( 3 ) GLOBAL_UNCERTAINTY_ASSIGNED_CONTEXT ( ( #3751 ) ) GLOBAL_UNIT_ASSIGNED_CONTEXT ( ( #401, #1206, #629 ) ) REPRESENTATION_CONTEXT ( 'NONE', 'WORKASPACE' ) );
#1854 = CARTESIAN_POINT ( 'NONE',  ( 6.100000000000000500, 0.0000000000000000000, 0.0000000000000000000 ) ) ;
#1855 = FACE_OUTER_BOUND ( 'NONE', #4443, .T. ) ;
#1856 = EDGE_CURVE ( 'NONE', #1469, #3265, #1039, .T. ) ;
#1857 = FACE_OUTER_BOUND ( 'NONE', #2663, .T. ) ;
#1858 = COLOUR_RGB ( '',0.7686274509803920900, 0.7686274509803920900, 0.7686274509803920900 ) ;
#1859 = AXIS2_PLACEMENT_3D ( 'NONE', #4046, #811, #86 ) ;
#1860 = EDGE_CURVE ( 'NONE', #1556, #4135, #593, .T. ) ;
#1861 = CARTESIAN_POINT ( 'NONE',  ( 3.790980468944140600, 1.692680000000000000, -2.306340000000000100 ) ) ;
#1862 = CARTESIAN_POINT ( 'NONE',  ( 2.592503494125971900, 1.692680000000000000, -2.495755860006286600 ) ) ;
#1863 = CARTESIAN_POINT ( 'NONE',  ( 5.153984155148904700, 1.657856139314829000, -0.1482916719885588900 ) ) ;
#1864 =( GEOMETRIC_REPRESENTATION_CONTEXT ( 3 ) GLOBAL_UNCERTAINTY_ASSIGNED_CONTEXT ( ( #2866 ) ) GLOBAL_UNIT_ASSIGNED_CONTEXT ( ( #1567, #1579, #4088 ) ) REPRESENTATION_CONTEXT ( 'NONE', 'WORKASPACE' ) );
#1865 = LINE ( 'NONE', #540, #4413 ) ;
#1866 = ORIENTED_EDGE ( 'NONE', *, *, #4398, .T. ) ;
#1867 = ADVANCED_FACE ( 'NONE', ( #415 ), #1295, .F. ) ;
#1868 = CARTESIAN_POINT ( 'NONE',  ( 5.262320000000001700, 1.687680000000000100, -5.400000000000000400 ) ) ;
#1869 = UNCERTAINTY_MEASURE_WITH_UNIT (LENGTH_MEASURE( 1.000000000000000100E-005 ), #4288, 'distance_accuracy_value', 'NONE');
#1870 = LINE ( 'NONE', #2052, #3530 ) ;
#1871 = AXIS2_PLACEMENT_3D ( 'NONE', #4658, #4675, #3211 ) ;
#1872 = ORIENTED_EDGE ( 'NONE', *, *, #3244, .F. ) ;
#1873 = COLOUR_RGB ( '',0.6470588235294118000, 0.5176470588235293500, 0.0000000000000000000 ) ;
#1874 = CARTESIAN_POINT ( 'NONE',  ( 5.150942924539806200, 1.671174982254358000, -0.1647401363566849400 ) ) ;
#1875 = EDGE_CURVE ( 'NONE', #1845, #4567, #1383, .T. ) ;
#1876 = DIRECTION ( 'NONE',  ( -2.459231407381526200E-015, 0.0000000000000000000, -1.000000000000000000 ) ) ;
#1877 = VERTEX_POINT ( 'NONE', #524 ) ;
#1878 = ORIENTED_EDGE ( 'NONE', *, *, #2836, .F. ) ;
#1879 = CARTESIAN_POINT ( 'NONE',  ( 6.100000000000000500, 1.687680000000000100, -5.400000000000000400 ) ) ;
#1880 =( NAMED_UNIT ( * ) SI_UNIT ( $, .STERADIAN. ) SOLID_ANGLE_UNIT ( ) );
#1881 = ORIENTED_EDGE ( 'NONE', *, *, #4493, .T. ) ;
#1882 = VERTEX_POINT ( 'NONE', #2344 ) ;
#1883 = AXIS2_PLACEMENT_3D ( 'NONE', #105, #2978, #2627 ) ;
#1884 = ADVANCED_FACE ( 'NONE', ( #2545 ), #3102, .T. ) ;
#1885 = VECTOR ( 'NONE', #4436, 1000.000000000000000 ) ;
#1886 = EDGE_CURVE ( 'NONE', #767, #1121, #1484, .T. ) ;
#1887 = ORIENTED_EDGE ( 'NONE', *, *, #821, .F. ) ;
#1888 = ORIENTED_EDGE ( 'NONE', *, *, #2852, .T. ) ;
#1889 = ORIENTED_EDGE ( 'NONE', *, *, #4226, .F. ) ;
#1890 = VECTOR ( 'NONE', #4103, 1000.000000000000000 ) ;
#1891 = LINE ( 'NONE', #3890, #1352 ) ;
#1892 = CARTESIAN_POINT ( 'NONE',  ( 1.952000000000000400, 1.692680000000000000, -2.306340000000000100 ) ) ;
#1893 = ORIENTED_EDGE ( 'NONE', *, *, #2119, .F. ) ;
#1894 = FILL_AREA_STYLE_COLOUR ( '', #3971 ) ;
#1895 = CARTESIAN_POINT ( 'NONE',  ( 0.1123199999999999500, 0.1123200000000000000, -5.400000000000000400 ) ) ;
#1896 = DIRECTION ( 'NONE',  ( -1.000000000000000000, 0.0000000000000000000, 0.0000000000000000000 ) ) ;
#1897 = ORIENTED_EDGE ( 'NONE', *, *, #2017, .T. ) ;
#1898 = LINE ( 'NONE', #1671, #4104 ) ;
#1899 = CARTESIAN_POINT ( 'NONE',  ( 6.100000000000000500, 1.687680000000000100, -5.287679999999999900 ) ) ;
#1900 =( LENGTH_UNIT ( ) NAMED_UNIT ( * ) SI_UNIT ( .MILLI., .METRE. ) );
#1901 = SURFACE_STYLE_USAGE ( .BOTH. , #2213 ) ;
#1902 = STYLED_ITEM ( 'NONE', ( #2387 ), #392 ) ;
#1903 = CARTESIAN_POINT ( 'NONE',  ( 0.1123199999999999500, 1.687680000000000100, 0.0000000000000000000 ) ) ;
#1904 = UNCERTAINTY_MEASURE_WITH_UNIT (LENGTH_MEASURE( 1.000000000000000100E-005 ), #3191, 'distance_accuracy_value', 'NONE');
#1905 = AXIS2_PLACEMENT_3D ( 'NONE', #847, #4400, #4470 ) ;
#1906 = CARTESIAN_POINT ( 'NONE',  ( 0.9500000000000004000, 1.587819312958660200, -0.1123199999999990900 ) ) ;
#1907 = PLANE ( 'NONE',  #64 ) ;
#1908 = FACE_OUTER_BOUND ( 'NONE', #1935, .T. ) ;
#1909 = CARTESIAN_POINT ( 'NONE',  ( 2.236013534432060600, 1.687680000000000100, -2.306340000000000100 ) ) ;
#1910 = APPLICATION_PROTOCOL_DEFINITION ( 'draft international standard', 'automotive_design', 1998, #2053 ) ;
#1911 = DIRECTION ( 'NONE',  ( 0.0000000000000000000, 0.0000000000000000000, 1.000000000000000000 ) ) ;
#1912 = SURFACE_STYLE_FILL_AREA ( #2888 ) ;
#1913 = CARTESIAN_POINT ( 'NONE',  ( 0.1123199999999999500, 0.1123200000000000000, -0.1123200000000000000 ) ) ;
#1914 = AXIS2_PLACEMENT_3D ( 'NONE', #4178, #3408, #1644 ) ;
#1915 =( LENGTH_UNIT ( ) NAMED_UNIT ( * ) SI_UNIT ( .MILLI., .METRE. ) );
#1916 = EDGE_CURVE ( 'NONE', #3206, #1949, #917, .T. ) ;
#1917 = CARTESIAN_POINT ( 'NONE',  ( 2.471723465759438000, 1.692680000000000000, -2.738018101797654100 ) ) ;
#1918 = DIRECTION ( 'NONE',  ( -1.000000000000000000, 0.0000000000000000000, 0.0000000000000000000 ) ) ;
#1919 = DIRECTION ( 'NONE',  ( 0.7083077534943993400, 0.0000000000000000000, 0.7059037656364479700 ) ) ;
#1920 = DIRECTION ( 'NONE',  ( -1.000000000000000000, 0.0000000000000000000, 0.0000000000000000000 ) ) ;
#1921 =( GEOMETRIC_REPRESENTATION_CONTEXT ( 3 ) GLOBAL_UNCERTAINTY_ASSIGNED_CONTEXT ( ( #3788 ) ) GLOBAL_UNIT_ASSIGNED_CONTEXT ( ( #3030, #2304, #3432 ) ) REPRESENTATION_CONTEXT ( 'NONE', 'WORKASPACE' ) );
#1922 = VERTEX_POINT ( 'NONE', #189 ) ;
#1923 = DIRECTION ( 'NONE',  ( 0.9999891854650020400, 0.0000000000000000000, 0.004650693823683971700 ) ) ;
#1924 = CARTESIAN_POINT ( 'NONE',  ( 0.9499999999999968500, 0.1234902608961254000, -0.1234902608961264600 ) ) ;
#1925 = ORIENTED_EDGE ( 'NONE', *, *, #443, .F. ) ;
#1926 = VECTOR ( 'NONE', #4247, 1000.000000000000000 ) ;
#1927 = CARTESIAN_POINT ( 'NONE',  ( 5.150000000000002100, 0.1123200000000000000, 0.0000000000000000000 ) ) ;
#1928 = CARTESIAN_POINT ( 'NONE',  ( 0.0000000000000000000, 1.687680000000000100, -0.1123199999999999900 ) ) ;
#1929 = ORIENTED_EDGE ( 'NONE', *, *, #506, .F. ) ;
#1930 = LINE ( 'NONE', #4070, #2149 ) ;
#1931 = ORIENTED_EDGE ( 'NONE', *, *, #1978, .T. ) ;
#1932 = CARTESIAN_POINT ( 'NONE',  ( 5.262320000000001700, 0.1123200000000000000, -5.287679999999999900 ) ) ;
#1933 = LINE ( 'NONE', #1252, #3738 ) ;
#1934 =( GEOMETRIC_REPRESENTATION_CONTEXT ( 3 ) GLOBAL_UNCERTAINTY_ASSIGNED_CONTEXT ( ( #705 ) ) GLOBAL_UNIT_ASSIGNED_CONTEXT ( ( #1752, #4292, #2102 ) ) REPRESENTATION_CONTEXT ( 'NONE', 'WORKASPACE' ) );
#1935 = EDGE_LOOP ( 'NONE', ( #3605, #3938, #1872, #3125 ) ) ;
#1936 = DIRECTION ( 'NONE',  ( 0.2793947940878428500, 0.0000000000000000000, -0.9601763114327555000 ) ) ;
#1937 = ORIENTED_EDGE ( 'NONE', *, *, #3825, .F. ) ;
#1938 = CARTESIAN_POINT ( 'NONE',  ( 3.688521858785050300, 1.687680000000000100, -2.388482771469913500 ) ) ;
#1939 = PLANE ( 'NONE',  #1141 ) ;
#1940 = AXIS2_PLACEMENT_3D ( 'NONE', #2934, #3698, #3313 ) ;
#1941 = DIRECTION ( 'NONE',  ( 0.0000000000000000000, -1.000000000000000000, 0.0000000000000000000 ) ) ;
#1942 = EDGE_LOOP ( 'NONE', ( #2776, #3343, #4371, #4329 ) ) ;
#1943 = DIRECTION ( 'NONE',  ( -0.2740217765953990600, 0.0000000000000000000, 0.9617234872620619200 ) ) ;
#1944 = LINE ( 'NONE', #1428, #208 ) ;
#1945 = PRESENTATION_STYLE_ASSIGNMENT (( #4120 ) ) ;
#1946 = PRESENTATION_LAYER_ASSIGNMENT (  '', '', ( #1084 ) ) ;
#1947 = ORIENTED_EDGE ( 'NONE', *, *, #1376, .T. ) ;
#1948 = CARTESIAN_POINT ( 'NONE',  ( 0.9499999999999977400, 9.942381033298350800E-015, -5.287679999999999900 ) ) ;
#1949 = VERTEX_POINT ( 'NONE', #1355 ) ;
#1950 = CARTESIAN_POINT ( 'NONE',  ( 3.463233672509940400, 1.692680000000000000, -2.738018101797654100 ) ) ;
#1951 = EDGE_CURVE ( 'NONE', #4039, #1456, #525, .T. ) ;
#1952 = VECTOR ( 'NONE', #1548, 1000.000000000000000 ) ;
#1953 = EDGE_LOOP ( 'NONE', ( #3626, #2651, #2653, #2791, #3984, #990 ) ) ;
#1954 = SURFACE_STYLE_FILL_AREA ( #679 ) ;
#1955 = CARTESIAN_POINT ( 'NONE',  ( 3.085542842605907100, 1.692680000000000000, -2.738018101797654100 ) ) ;
#1956 = SURFACE_STYLE_USAGE ( .BOTH. , #175 ) ;
#1957 = VECTOR ( 'NONE', #3915, 1000.000000000000000 ) ;
#1958 = SURFACE_STYLE_FILL_AREA ( #3223 ) ;
#1959 = AXIS2_PLACEMENT_3D ( 'NONE', #2393, #3536, #639 ) ;
#1960 = CARTESIAN_POINT ( 'NONE',  ( 3.085542842605907100, 1.687680000000000100, -2.738018101797654100 ) ) ;
#1961 = LINE ( 'NONE', #4214, #1373 ) ;
#1962 = CARTESIAN_POINT ( 'NONE',  ( 2.777758531761730200, 1.687680000000000100, -2.495755860006286600 ) ) ;
#1963 = FILL_AREA_STYLE_COLOUR ( '', #51 ) ;
#1964 = VECTOR ( 'NONE', #1002, 1000.000000000000000 ) ;
#1965 = EDGE_CURVE ( 'NONE', #3728, #1408, #4645, .T. ) ;
#1966 = DIRECTION ( 'NONE',  ( 0.2763139702539146300, 0.0000000000000000000, -0.9610674221107063900 ) ) ;
#1967 = CARTESIAN_POINT ( 'NONE',  ( -0.0004046433776270716400, 1.692679999999999500, -0.8546536584304120800 ) ) ;
#1968 = AXIS2_PLACEMENT_3D ( 'NONE', #182, #4148, #194 ) ;
#1969 =( NAMED_UNIT ( * ) SI_UNIT ( $, .STERADIAN. ) SOLID_ANGLE_UNIT ( ) );
#1970 = ADVANCED_FACE ( 'NONE', ( #3175 ), #651, .F. ) ;
#1971 = DIRECTION ( 'NONE',  ( -0.3725077383644723700, 0.0000000000000000000, -0.9280290862136734200 ) ) ;
#1972 = VECTOR ( 'NONE', #3646, 1000.000000000000000 ) ;
#1973 =( NAMED_UNIT ( * ) SI_UNIT ( $, .STERADIAN. ) SOLID_ANGLE_UNIT ( ) );
#1974 = DIRECTION ( 'NONE',  ( 0.0000000000000000000, -1.000000000000000000, 0.0000000000000000000 ) ) ;
#1975 = EDGE_CURVE ( 'NONE', #2383, #725, #3665, .T. ) ;
#1976 =( NAMED_UNIT ( * ) SI_UNIT ( $, .STERADIAN. ) SOLID_ANGLE_UNIT ( ) );
#1977 = EDGE_LOOP ( 'NONE', ( #1848, #2961, #487, #3556 ) ) ;
#1978 = EDGE_CURVE ( 'NONE', #3307, #3754, #2365, .T. ) ;
#1979 = DIRECTION ( 'NONE',  ( 0.0000000000000000000, 0.0000000000000000000, 1.000000000000000000 ) ) ;
#1980 = VECTOR ( 'NONE', #3247, 1000.000000000000000 ) ;
#1981 = ADVANCED_FACE ( 'NONE', ( #4126 ), #3137, .F. ) ;
#1982 = DIRECTION ( 'NONE',  ( 1.000000000000000000, 0.0000000000000000000, 0.0000000000000000000 ) ) ;
#1983 = CARTESIAN_POINT ( 'NONE',  ( 2.146202774573641400, 1.692680000000000000, -2.553933869701296500 ) ) ;
#1984 = UNCERTAINTY_MEASURE_WITH_UNIT (LENGTH_MEASURE( 1.000000000000000100E-005 ), #1086, 'distance_accuracy_value', 'NONE');
#1985 = MANIFOLD_SOLID_BREP ( 'Scale1[3]', #1776 ) ;
#1986 = VECTOR ( 'NONE', #4188, 1000.000000000000000 ) ;
#1987 = EDGE_LOOP ( 'NONE', ( #1172, #2436, #4390, #4204 ) ) ;
#1988 = DIRECTION ( 'NONE',  ( -1.000000000000000000, -0.0000000000000000000, 0.0000000000000000000 ) ) ;
#1989 = CYLINDRICAL_SURFACE ( 'NONE', #3131, 0.1123200000000000000 ) ;
#1990 = FILL_AREA_STYLE_COLOUR ( '', #2634 ) ;
#1991 = CARTESIAN_POINT ( 'NONE',  ( 3.538711252468075900, 1.687680000000000100, -2.575543894777979000 ) ) ;
#1992 = DIRECTION ( 'NONE',  ( 0.0000000000000000000, 1.000000000000000000, 0.0000000000000000000 ) ) ;
#1993 = ORIENTED_EDGE ( 'NONE', *, *, #1875, .T. ) ;
#1994 = ORIENTED_EDGE ( 'NONE', *, *, #3528, .F. ) ;
#1995 = CARTESIAN_POINT ( 'NONE',  ( 3.891128969522361600, 1.687680000000000100, -2.654669085608133600 ) ) ;
#1996 = SPHERICAL_SURFACE ( 'NONE', #1940, 0.1123200000000000000 ) ;
#1997 = ADVANCED_FACE ( 'NONE', ( #2090 ), #4249, .F. ) ;
#1998 = ORIENTED_EDGE ( 'NONE', *, *, #3037, .F. ) ;
#1999 = DIRECTION ( 'NONE',  ( 1.000000000000000000, 0.0000000000000000000, -0.0000000000000000000 ) ) ;
#2000 =( GEOMETRIC_REPRESENTATION_CONTEXT ( 3 ) GLOBAL_UNCERTAINTY_ASSIGNED_CONTEXT ( ( #1405 ) ) GLOBAL_UNIT_ASSIGNED_CONTEXT ( ( #3170, #1370, #2037 ) ) REPRESENTATION_CONTEXT ( 'NONE', 'WORKASPACE' ) );
#2001 = VECTOR ( 'NONE', #231, 1000.000000000000000 ) ;
#2002 = DIRECTION ( 'NONE',  ( -0.9985542843760947300, 0.0000000000000000000, -0.05375259206908434400 ) ) ;
#2003 = VECTOR ( 'NONE', #2666, 1000.000000000000000 ) ;
#2004 = CARTESIAN_POINT ( 'NONE',  ( 5.262320000000001700, 1.687680000000000100, -0.1123199999999999900 ) ) ;
#2005 = VERTEX_POINT ( 'NONE', #2781 ) ;
#2006 = FILL_AREA_STYLE_COLOUR ( '', #4045 ) ;
#2007 = STYLED_ITEM ( 'NONE', ( #2497 ), #456 ) ;
#2008 = ORIENTED_EDGE ( 'NONE', *, *, #3397, .T. ) ;
#2009 = CARTESIAN_POINT ( 'NONE',  ( 2.415520223519360700, 1.692680000000000000, -2.306340000000000100 ) ) ;
#2010 = ORIENTED_EDGE ( 'NONE', *, *, #4493, .F. ) ;
#2011 = ORIENTED_EDGE ( 'NONE', *, *, #481, .F. ) ;
#2012 = DIRECTION ( 'NONE',  ( 0.0000000000000000000, 0.0000000000000000000, -1.000000000000000000 ) ) ;
#2013 = DIRECTION ( 'NONE',  ( 0.0000000000000000000, 0.0000000000000000000, -1.000000000000000000 ) ) ;
#2014 = CARTESIAN_POINT ( 'NONE',  ( 0.8376800000000009800, 1.687680000000000100, -5.287679999999999900 ) ) ;
#2015 = ORIENTED_EDGE ( 'NONE', *, *, #1423, .F. ) ;
#2016 = DIRECTION ( 'NONE',  ( 1.000000000000000000, -1.930559423941426000E-015, 0.0000000000000000000 ) ) ;
#2017 = EDGE_CURVE ( 'NONE', #2150, #3534, #3518, .T. ) ;
#2018 = CARTESIAN_POINT ( 'NONE',  ( 3.085542842605907100, 1.687680000000000100, -2.738018101797654100 ) ) ;
#2019 = MECHANICAL_DESIGN_GEOMETRIC_PRESENTATION_REPRESENTATION (  '', ( #2981 ), #2338 ) ;
#2020 = DIRECTION ( 'NONE',  ( -1.000000000000000000, 0.0000000000000000000, 0.0000000000000000000 ) ) ;
#2021 = VECTOR ( 'NONE', #2292, 1000.000000000000000 ) ;
#2022 = DIRECTION ( 'NONE',  ( 0.0000000000000000000, 0.0000000000000000000, 1.000000000000000000 ) ) ;
#2023 = ADVANCED_FACE ( 'NONE', ( #3662 ), #1400, .F. ) ;
#2024 = VECTOR ( 'NONE', #2087, 1000.000000000000100 ) ;
#2025 = DIRECTION ( 'NONE',  ( 0.0000000000000000000, 0.0000000000000000000, 1.000000000000000000 ) ) ;
#2026 = CARTESIAN_POINT ( 'NONE',  ( 2.858649118835884000, 1.692680000000000000, -2.738018101797654100 ) ) ;
#2027 = DIRECTION ( 'NONE',  ( 1.930559423941425200E-015, 1.000000000000000000, 0.0000000000000000000 ) ) ;
#2028 = CARTESIAN_POINT ( 'NONE',  ( 5.150000000000002100, 1.575360000000000100, -5.287679999999999000 ) ) ;
#2029 = PRESENTATION_LAYER_ASSIGNMENT (  '', '', ( #4359 ) ) ;
#2030 = PRESENTATION_STYLE_ASSIGNMENT (( #1222 ) ) ;
#2031 = EDGE_CURVE ( 'NONE', #4000, #4599, #643, .T. ) ;
#2032 = CARTESIAN_POINT ( 'NONE',  ( 0.8376800000000002000, 1.687680000000000100, -0.1123199999999999900 ) ) ;
#2033 = FACE_OUTER_BOUND ( 'NONE', #4201, .T. ) ;
#2034 = PRESENTATION_LAYER_ASSIGNMENT (  '', '', ( #4462 ) ) ;
#2035 = SURFACE_STYLE_USAGE ( .BOTH. , #966 ) ;
#2036 = PRESENTATION_STYLE_ASSIGNMENT (( #2281 ) ) ;
#2037 =( NAMED_UNIT ( * ) SI_UNIT ( $, .STERADIAN. ) SOLID_ANGLE_UNIT ( ) );
#2038 = SURFACE_STYLE_USAGE ( .BOTH. , #1311 ) ;
#2040 = EDGE_CURVE ( 'NONE', #2269, #1882, #1194, .T. ) ;
#2039 = ORIENTED_EDGE ( 'NONE', *, *, #282, .T. ) ;
#2041 =( NAMED_UNIT ( * ) SI_UNIT ( $, .STERADIAN. ) SOLID_ANGLE_UNIT ( ) );
#2042 = ADVANCED_FACE ( 'NONE', ( #797 ), #183, .T. ) ;
#2043 = ORIENTED_EDGE ( 'NONE', *, *, #62, .T. ) ;
#2044 = VECTOR ( 'NONE', #2326, 1000.000000000000000 ) ;
#2045 = UNCERTAINTY_MEASURE_WITH_UNIT (LENGTH_MEASURE( 1.000000000000000100E-005 ), #3128, 'distance_accuracy_value', 'NONE');
#2046 = ORIENTED_EDGE ( 'NONE', *, *, #1516, .T. ) ;
#2047 = CARTESIAN_POINT ( 'NONE',  ( 5.150942924539805300, 0.1647401363566856600, -0.1288250177456411700 ) ) ;
#2048 = ORIENTED_EDGE ( 'NONE', *, *, #2180, .F. ) ;
#2049 = CARTESIAN_POINT ( 'NONE',  ( 0.9450742240999389100, 1.654782233662873900, -0.1452177663371267400 ) ) ;
#2050 = VERTEX_POINT ( 'NONE', #87 ) ;
#2051 = EDGE_LOOP ( 'NONE', ( #4437, #1721, #3474, #4107 ) ) ;
#2052 = CARTESIAN_POINT ( 'NONE',  ( 6.100000000000000500, 0.0000000000000000000, -0.1123199999999999900 ) ) ;
#2053 = APPLICATION_CONTEXT ( 'automotive_design' ) ;
#2054 = ORIENTED_EDGE ( 'NONE', *, *, #2558, .T. ) ;
#2055 = CARTESIAN_POINT ( 'NONE',  ( 5.150000000000002100, 1.687680000000000100, -0.2246400000000007800 ) ) ;
#2056 = VECTOR ( 'NONE', #3003, 1000.000000000000000 ) ;
#2057 = DIRECTION ( 'NONE',  ( 0.2762033010252067400, 0.0000000000000000000, -0.9610992334315843200 ) ) ;
#2058 = CARTESIAN_POINT ( 'NONE',  ( 0.9499691003102229700, 0.1955092100933719700, -0.1155294750999380500 ) ) ;
#2059 = ORIENTED_EDGE ( 'NONE', *, *, #587, .T. ) ;
#2060 = VERTEX_POINT ( 'NONE', #3272 ) ;
#2061 = EDGE_CURVE ( 'NONE', #1359, #3258, #356, .T. ) ;
#2062 = CYLINDRICAL_SURFACE ( 'NONE', #1799, 0.1123199999999999500 ) ;
#2063 = CARTESIAN_POINT ( 'NONE',  ( 0.9467686591984267900, 0.1392136124212916800, -0.1515815489451592700 ) ) ;
#2064 = ORIENTED_EDGE ( 'NONE', *, *, #57, .F. ) ;
#2065 = AXIS2_PLACEMENT_3D ( 'NONE', #4569, #2374, #684 ) ;
#2066 = ORIENTED_EDGE ( 'NONE', *, *, #4536, .F. ) ;
#2067 = DIRECTION ( 'NONE',  ( 1.000000000000000000, 0.0000000000000000000, 0.0000000000000000000 ) ) ;
#2068 = PRESENTATION_LAYER_ASSIGNMENT (  '', '', ( #3761 ) ) ;
#2069 = ORIENTED_EDGE ( 'NONE', *, *, #786, .T. ) ;
#2070 = CARTESIAN_POINT ( 'NONE',  ( 0.9500000000000001800, 1.676509739103875200, -0.1234902608961256100 ) ) ;
#2071 =( NAMED_UNIT ( * ) SI_UNIT ( $, .STERADIAN. ) SOLID_ANGLE_UNIT ( ) );
#2072 = EDGE_CURVE ( 'NONE', #2890, #1719, #3914, .T. ) ;
#2073 = PLANE ( 'NONE',  #612 ) ;
#2074 = DIRECTION ( 'NONE',  ( 1.000000000000000000, 0.0000000000000000000, 0.0000000000000000000 ) ) ;
#2075 = CARTESIAN_POINT ( 'NONE',  ( 5.150000000000003000, 1.676509739103875200, -0.1234902608961257500 ) ) ;
#2076 = UNCERTAINTY_MEASURE_WITH_UNIT (LENGTH_MEASURE( 1.000000000000000100E-005 ), #670, 'distance_accuracy_value', 'NONE');
#2077 = EDGE_CURVE ( 'NONE', #1444, #946, #4069, .T. ) ;
#2078 = SPHERICAL_SURFACE ( 'NONE', #1478, 0.1123200000000000000 ) ;
#2079 = ADVANCED_FACE ( 'NONE', ( #2927 ), #400, .F. ) ;
#2080 = COLOUR_RGB ( '',0.7686274509803920900, 0.7686274509803920900, 0.7686274509803920900 ) ;
#2081 = CARTESIAN_POINT ( 'NONE',  ( 5.153984155148903800, 1.651708328011440200, -5.257856139314827500 ) ) ;
#2082 = AXIS2_PLACEMENT_3D ( 'NONE', #2777, #246, #3902 ) ;
#2083 = DIRECTION ( 'NONE',  ( -1.000000000000000000, 0.0000000000000000000, 0.0000000000000000000 ) ) ;
#2084 = CIRCLE ( 'NONE', #1424, 0.1123200000000000000 ) ;
#2085 = EDGE_LOOP ( 'NONE', ( #2492, #2307, #4654, #332 ) ) ;
#2086 = LINE ( 'NONE', #2295, #233 ) ;
#2087 = DIRECTION ( 'NONE',  ( -0.2764273280489743000, 0.0000000000000000000, 0.9610348236706641700 ) ) ;
#2088 = CARTESIAN_POINT ( 'NONE',  ( 0.8376800000000002000, 1.687680000000000100, -0.1123199999999999900 ) ) ;
#2089 = SURFACE_SIDE_STYLE ('',( #4638 ) ) ;
#2090 = FACE_OUTER_BOUND ( 'NONE', #2400, .T. ) ;
#2091 =( GEOMETRIC_REPRESENTATION_CONTEXT ( 3 ) GLOBAL_UNCERTAINTY_ASSIGNED_CONTEXT ( ( #1742 ) ) GLOBAL_UNIT_ASSIGNED_CONTEXT ( ( #802, #490, #1880 ) ) REPRESENTATION_CONTEXT ( 'NONE', 'WORKASPACE' ) );
#2092 = PRESENTATION_LAYER_ASSIGNMENT (  '', '', ( #3561 ) ) ;
#2093 = CARTESIAN_POINT ( 'NONE',  ( 5.153984155148903800, 0.1482916719885585300, -0.1421438606851711000 ) ) ;
#2094 = VERTEX_POINT ( 'NONE', #1523 ) ;
#2095 = LINE ( 'NONE', #381, #4420 ) ;
#2096 = PLANE ( 'NONE',  #1420 ) ;
#2097 = CARTESIAN_POINT ( 'NONE',  ( 0.9500000000000004000, 0.2246399999999999500, -0.1123199999999990900 ) ) ;
#2098 = EDGE_CURVE ( 'NONE', #1041, #479, #66, .T. ) ;
#2099 = ORIENTED_EDGE ( 'NONE', *, *, #2461, .T. ) ;
#2100 = UNCERTAINTY_MEASURE_WITH_UNIT (LENGTH_MEASURE( 1.000000000000000100E-005 ), #2183, 'distance_accuracy_value', 'NONE');
#2101 = ORIENTED_EDGE ( 'NONE', *, *, #1474, .T. ) ;
#2102 =( NAMED_UNIT ( * ) SI_UNIT ( $, .STERADIAN. ) SOLID_ANGLE_UNIT ( ) );
#2103 =( GEOMETRIC_REPRESENTATION_CONTEXT ( 3 ) GLOBAL_UNCERTAINTY_ASSIGNED_CONTEXT ( ( #4640 ) ) GLOBAL_UNIT_ASSIGNED_CONTEXT ( ( #2237, #60, #4445 ) ) REPRESENTATION_CONTEXT ( 'NONE', 'WORKASPACE' ) );
#2104 = ORIENTED_EDGE ( 'NONE', *, *, #4321, .F. ) ;
#2105 = VERTEX_POINT ( 'NONE', #789 ) ;
#2106 =( NAMED_UNIT ( * ) SI_UNIT ( $, .STERADIAN. ) SOLID_ANGLE_UNIT ( ) );
#2107 = FACE_OUTER_BOUND ( 'NONE', #2784, .T. ) ;
#2108 = VECTOR ( 'NONE', #4149, 999.9999999999998900 ) ;
#2109 = VERTEX_POINT ( 'NONE', #2593 ) ;
#2110 = CARTESIAN_POINT ( 'NONE',  ( 2.198970402625075100, 1.692680000000000000, -2.738018101797654100 ) ) ;
#2111 = EDGE_LOOP ( 'NONE', ( #3008, #2506, #368 ) ) ;
#2112 = AXIS2_PLACEMENT_3D ( 'NONE', #1482, #746, #2508 ) ;
#2113 = FILL_AREA_STYLE ('',( #4298 ) ) ;
#2114 = ORIENTED_EDGE ( 'NONE', *, *, #2500, .F. ) ;
#2115 = LINE ( 'NONE', #703, #1789 ) ;
#2116 = CARTESIAN_POINT ( 'NONE',  ( 0.9500000000000004000, 1.575360000000000100, -0.1123199999999990900 ) ) ;
#2117 = SURFACE_STYLE_FILL_AREA ( #88 ) ;
#2118 = ORIENTED_EDGE ( 'NONE', *, *, #792, .T. ) ;
#2119 = EDGE_CURVE ( 'NONE', #2060, #187, #3110, .T. ) ;
#2120 = ORIENTED_EDGE ( 'NONE', *, *, #2946, .T. ) ;
#2121 = CARTESIAN_POINT ( 'NONE',  ( 5.987680000000000100, 1.687680000000000100, -0.1123200000000000000 ) ) ;
#2122 = CYLINDRICAL_SURFACE ( 'NONE', #3501, 0.1123199999999999500 ) ;
#2123 = PRESENTATION_LAYER_ASSIGNMENT (  '', '', ( #4401 ) ) ;
#2124 = SURFACE_STYLE_FILL_AREA ( #3406 ) ;
#2125 = AXIS2_PLACEMENT_3D ( 'NONE', #4459, #2280, #1227 ) ;
#2126 = PLANE ( 'NONE',  #2249 ) ;
#2127 =( NAMED_UNIT ( * ) SI_UNIT ( $, .STERADIAN. ) SOLID_ANGLE_UNIT ( ) );
#2128 = EDGE_CURVE ( 'NONE', #1170, #1280, #1035, .T. ) ;
#2129 = PLANE ( 'NONE',  #2522 ) ;
#2130 = CARTESIAN_POINT ( 'NONE',  ( 0.9450742240999358000, 0.1452177663371254900, -5.254782233662870900 ) ) ;
#2131 = B_SPLINE_CURVE_WITH_KNOTS ( 'NONE', 3,
 ( #3361, #2942, #4109, #120, #2609, #132, #466, #2638, #1522, #1532 ),
 .UNSPECIFIED., .F., .F.,
 ( 4, 3, 3, 4 ),
 ( 0.0000000000000000000, 3.535348412143798500E-005, 7.052049924266494500E-005, 8.790586026857494200E-005 ),
 .UNSPECIFIED. ) ;
#2132 = CARTESIAN_POINT ( 'NONE',  ( 2.638634807381589300, 1.692680000000000000, -2.655850391644456500 ) ) ;
#2133 = PRESENTATION_STYLE_ASSIGNMENT (( #2035 ) ) ;
#2134 =( NAMED_UNIT ( * ) PLANE_ANGLE_UNIT ( ) SI_UNIT ( $, .RADIAN. ) );
#2135 = SURFACE_SIDE_STYLE ('',( #4624 ) ) ;
#2136 = PRESENTATION_LAYER_ASSIGNMENT (  '', '', ( #1902 ) ) ;
#2137 = SURFACE_SIDE_STYLE ('',( #3899 ) ) ;
#2138 = CARTESIAN_POINT ( 'NONE',  ( 5.262320000000001700, 0.1123200000000000000, 0.0000000000000000000 ) ) ;
#2139 = PLANE ( 'NONE',  #1398 ) ;
#2140 = PRESENTATION_STYLE_ASSIGNMENT (( #291 ) ) ;
#2141 = DIRECTION ( 'NONE',  ( -1.000000000000000000, 0.0000000000000000000, 0.0000000000000000000 ) ) ;
#2142 =( NAMED_UNIT ( * ) SI_UNIT ( $, .STERADIAN. ) SOLID_ANGLE_UNIT ( ) );
#2143 = MECHANICAL_DESIGN_GEOMETRIC_PRESENTATION_REPRESENTATION (  '', ( #1191 ), #391 ) ;
#2144 = CARTESIAN_POINT ( 'NONE',  ( 0.9490570754601956900, 1.671174982254358200, -5.235259863643313400 ) ) ;
#2145 = CLOSED_SHELL ( 'NONE', ( #4427, #3111, #1565, #3507, #1621, #456, #3731, #3328, #4518, #2760, #4097, #4573, #2023, #1884, #1981, #2990, #3789, #3659, #2691, #2395, #2588, #2703, #3790, #3350, #1046, #2296, #3777, #4158, #1270, #1695, #2366, #260, #1534, #235, #3077, #1297, #99, #2686, #601, #919, #214, #972, #360, #1137, #2613, #4500, #1155, #3189, #3143, #2042, #4010, #947, #3452, #1323, #805, #1375, #2869, #505, #1718, #2196, #627, #1283, #730, #1669, #2592, #578, #4049, #3388 ) ) ;
#2146 =( GEOMETRIC_REPRESENTATION_CONTEXT ( 3 ) GLOBAL_UNCERTAINTY_ASSIGNED_CONTEXT ( ( #868 ) ) GLOBAL_UNIT_ASSIGNED_CONTEXT ( ( #2308, #3044, #4545 ) ) REPRESENTATION_CONTEXT ( 'NONE', 'WORKASPACE' ) );
#2147 = ORIENTED_EDGE ( 'NONE', *, *, #734, .T. ) ;
#2148 = EDGE_LOOP ( 'NONE', ( #2114, #4597, #3177 ) ) ;
#2149 = VECTOR ( 'NONE', #1966, 1000.000000000000100 ) ;
#2150 = VERTEX_POINT ( 'NONE', #2191 ) ;
#2151 = DIRECTION ( 'NONE',  ( 1.000000000000000000, 0.0000000000000000000, 0.0000000000000000000 ) ) ;
#2152 = CARTESIAN_POINT ( 'NONE',  ( 0.9500027774523902600, 0.1127816437192396800, -5.187100840322655100 ) ) ;
#2154 = EDGE_CURVE ( 'NONE', #3357, #3983, #3059, .T. ) ;
#2153 = UNCERTAINTY_MEASURE_WITH_UNIT (LENGTH_MEASURE( 1.000000000000000100E-005 ), #346, 'distance_accuracy_value', 'NONE');
#2155 = EDGE_LOOP ( 'NONE', ( #3298, #2210, #324, #2908, #1334, #1060, #3876, #2664 ) ) ;
#2156 = ORIENTED_EDGE ( 'NONE', *, *, #1588, .F. ) ;
#2157 = VECTOR ( 'NONE', #901, 1000.000000000000100 ) ;
#2158 = AXIS2_PLACEMENT_3D ( 'NONE', #1983, #1919, #1249 ) ;
#2159 = ORIENTED_EDGE ( 'NONE', *, *, #2579, .F. ) ;
#2160 = ORIENTED_EDGE ( 'NONE', *, *, #57, .T. ) ;
#2161 = CARTESIAN_POINT ( 'NONE',  ( 0.9500000000000008400, 1.581221478228865400, -5.287679999999999000 ) ) ;
#2162 = VERTEX_POINT ( 'NONE', #812 ) ;
#2163 = FACE_OUTER_BOUND ( 'NONE', #3994, .T. ) ;
#2164 = EDGE_LOOP ( 'NONE', ( #1716, #4476, #3287 ) ) ;
#2165 = ORIENTED_EDGE ( 'NONE', *, *, #2243, .F. ) ;
#2166 = PRESENTATION_STYLE_ASSIGNMENT (( #3928 ) ) ;
#2167 = FILL_AREA_STYLE_COLOUR ( '', #900 ) ;
#2168 = ORIENTED_EDGE ( 'NONE', *, *, #3144, .F. ) ;
#2169 = DIRECTION ( 'NONE',  ( 1.000000000000000000, 0.0000000000000000000, 0.0000000000000000000 ) ) ;
#2170 = MECHANICAL_DESIGN_GEOMETRIC_PRESENTATION_REPRESENTATION (  '', ( #4221 ), #3183 ) ;
#2171 = CARTESIAN_POINT ( 'NONE',  ( 5.154925775900062800, 1.654782233662872600, -5.254782233662873600 ) ) ;
#2172 =( NAMED_UNIT ( * ) PLANE_ANGLE_UNIT ( ) SI_UNIT ( $, .RADIAN. ) );
#2173 = VECTOR ( 'NONE', #2535, 1000.000000000000000 ) ;
#2174 = EDGE_CURVE ( 'NONE', #1762, #3699, #2236, .T. ) ;
#2175 = CARTESIAN_POINT ( 'NONE',  ( 3.701169708740216000, 1.692680000000000000, -2.495755860005379700 ) ) ;
#2176 = FACE_OUTER_BOUND ( 'NONE', #4626, .T. ) ;
#2177 =( GEOMETRIC_REPRESENTATION_CONTEXT ( 3 ) GLOBAL_UNCERTAINTY_ASSIGNED_CONTEXT ( ( #2179 ) ) GLOBAL_UNIT_ASSIGNED_CONTEXT ( ( #3888, #3472, #2424 ) ) REPRESENTATION_CONTEXT ( 'NONE', 'WORKASPACE' ) );
#2178 = LINE ( 'NONE', #2511, #290 ) ;
#2179 = UNCERTAINTY_MEASURE_WITH_UNIT (LENGTH_MEASURE( 1.000000000000000100E-005 ), #3888, 'distance_accuracy_value', 'NONE');
#2180 = EDGE_CURVE ( 'NONE', #2621, #2618, #850, .T. ) ;
#2181 = CYLINDRICAL_SURFACE ( 'NONE', #358, 0.1123199999999999500 ) ;
#2182 = CARTESIAN_POINT ( 'NONE',  ( 3.688521858785050300, 1.692680000000000000, -2.388482771469913500 ) ) ;
#2183 =( LENGTH_UNIT ( ) NAMED_UNIT ( * ) SI_UNIT ( .MILLI., .METRE. ) );
#2184 = VECTOR ( 'NONE', #1736, 1000.000000000000000 ) ;
#2185 = FILL_AREA_STYLE ('',( #1145 ) ) ;
#2186 = FILL_AREA_STYLE_COLOUR ( '', #1726 ) ;
#2187 = PRESENTATION_STYLE_ASSIGNMENT (( #3115 ) ) ;
#2188 =( GEOMETRIC_REPRESENTATION_CONTEXT ( 3 ) GLOBAL_UNCERTAINTY_ASSIGNED_CONTEXT ( ( #1869 ) ) GLOBAL_UNIT_ASSIGNED_CONTEXT ( ( #4288, #3207, #1050 ) ) REPRESENTATION_CONTEXT ( 'NONE', 'WORKASPACE' ) );
#2189 = ORIENTED_EDGE ( 'NONE', *, *, #701, .T. ) ;
#2190 = SURFACE_STYLE_USAGE ( .BOTH. , #1136 ) ;
#2191 = CARTESIAN_POINT ( 'NONE',  ( 0.0000000000000000000, 0.1123200000000000000, -5.287679999999999900 ) ) ;
#2192 = DIRECTION ( 'NONE',  ( 1.000000000000000000, 0.0000000000000000000, 0.0000000000000000000 ) ) ;
#2193 = EDGE_CURVE ( 'NONE', #1444, #1542, #2418, .T. ) ;
#2194 = CIRCLE ( 'NONE', #3301, 0.1123199999999999500 ) ;
#2195 = AXIS2_PLACEMENT_3D ( 'NONE', #1019, #295, #3910 ) ;
#2196 = ADVANCED_FACE ( 'NONE', ( #2359 ), #691, .T. ) ;
#2197 =( LENGTH_UNIT ( ) NAMED_UNIT ( * ) SI_UNIT ( .MILLI., .METRE. ) );
#2198 = ORIENTED_EDGE ( 'NONE', *, *, #3171, .F. ) ;
#2199 = LINE ( 'NONE', #4511, #2044 ) ;
#2200 = PRESENTATION_LAYER_ASSIGNMENT (  '', '', ( #1029 ) ) ;
#2201 = FILL_AREA_STYLE ('',( #2219 ) ) ;
#2202 =( BOUNDED_CURVE ( )  B_SPLINE_CURVE ( 3, ( #1583, #1924, #2229, #2599 ),
 .UNSPECIFIED., .F., .F. ) 
 B_SPLINE_CURVE_WITH_KNOTS ( ( 4, 4 ),
 ( 1.570796326794897400, 1.868047688116096300 ),
 .UNSPECIFIED. ) 
 CURVE ( )  GEOMETRIC_REPRESENTATION_ITEM ( )  RATIONAL_B_SPLINE_CURVE ( ( 1.000000000000000000, 0.9926503465430341900, 0.9926503465430341900, 1.000000000000000000 ) ) 
 REPRESENTATION_ITEM ( '' )  );
#2203 = ORIENTED_EDGE ( 'NONE', *, *, #1135, .T. ) ;
#2204 = EDGE_CURVE ( 'NONE', #42, #3685, #3455, .T. ) ;
#2205 = EDGE_LOOP ( 'NONE', ( #2844, #3401, #4478 ) ) ;
#2206 = SURFACE_STYLE_FILL_AREA ( #2201 ) ;
#2207 = ORIENTED_EDGE ( 'NONE', *, *, #3329, .T. ) ;
#2208 = FILL_AREA_STYLE ('',( #2996 ) ) ;
#2209 = EDGE_CURVE ( 'NONE', #987, #1414, #3618, .T. ) ;
#2210 = ORIENTED_EDGE ( 'NONE', *, *, #2154, .T. ) ;
#2211 = ORIENTED_EDGE ( 'NONE', *, *, #50, .T. ) ;
#2212 = VERTEX_POINT ( 'NONE', #3704 ) ;
#2213 = SURFACE_SIDE_STYLE ('',( #21 ) ) ;
#2214 = LINE ( 'NONE', #819, #1846 ) ;
#2215 =( GEOMETRIC_REPRESENTATION_CONTEXT ( 3 ) GLOBAL_UNCERTAINTY_ASSIGNED_CONTEXT ( ( #1984 ) ) GLOBAL_UNIT_ASSIGNED_CONTEXT ( ( #1086, #4307, #2127 ) ) REPRESENTATION_CONTEXT ( 'NONE', 'WORKASPACE' ) );
#2216 = LINE ( 'NONE', #49, #1461 ) ;
#2217 = FACE_OUTER_BOUND ( 'NONE', #197, .T. ) ;
#2218 = ORIENTED_EDGE ( 'NONE', *, *, #1504, .F. ) ;
#2219 = FILL_AREA_STYLE_COLOUR ( '', #3136 ) ;
#2220 = AXIS2_PLACEMENT_3D ( 'NONE', #3216, #1756, #1394 ) ;
#2221 = COLOUR_RGB ( '',0.7686274509803920900, 0.7686274509803920900, 0.7686274509803920900 ) ;
#2222 = DIRECTION ( 'NONE',  ( 0.0000000000000000000, 1.000000000000000000, 0.0000000000000000000 ) ) ;
#2223 = AXIS2_PLACEMENT_3D ( 'NONE', #2807, #4215, #4581 ) ;
#2224 = CARTESIAN_POINT ( 'NONE',  ( 6.100000000000000500, 0.1123200000000000000, -5.400000000000000400 ) ) ;
#2225 = ADVANCED_FACE ( 'NONE', ( #299 ), #467, .F. ) ;
#2226 = FILL_AREA_STYLE ('',( #3317 ) ) ;
#2227 = DIRECTION ( 'NONE',  ( 1.000000000000000000, 7.722237695765704100E-015, 0.0000000000000000000 ) ) ;
#2228 = EDGE_CURVE ( 'NONE', #4032, #775, #4408, .T. ) ;
#2229 = CARTESIAN_POINT ( 'NONE',  ( 0.9483459177687878500, 0.1345373754723353000, -0.1345373754723363500 ) ) ;
#2230 = VECTOR ( 'NONE', #4546, 1000.000000000000000 ) ;
#2231 = VECTOR ( 'NONE', #1402, 1000.000000000000000 ) ;
#2232 = UNCERTAINTY_MEASURE_WITH_UNIT (LENGTH_MEASURE( 1.000000000000000100E-005 ), #2642, 'distance_accuracy_value', 'NONE');
#2233 = LINE ( 'NONE', #2692, #4600 ) ;
#2234 = EDGE_CURVE ( 'NONE', #2319, #3414, #236, .T. ) ;
#2235 = DIRECTION ( 'NONE',  ( -0.0000000000000000000, -0.0000000000000000000, 1.000000000000000000 ) ) ;
#2236 = LINE ( 'NONE', #1590, #3232 ) ;
#2237 =( LENGTH_UNIT ( ) NAMED_UNIT ( * ) SI_UNIT ( .MILLI., .METRE. ) );
#2238 =( NAMED_UNIT ( * ) PLANE_ANGLE_UNIT ( ) SI_UNIT ( $, .RADIAN. ) );
#2239 = MECHANICAL_DESIGN_GEOMETRIC_PRESENTATION_REPRESENTATION (  '', ( #3174 ), #3570 ) ;
#2240 = DIRECTION ( 'NONE',  ( 1.000000000000000000, -0.0000000000000000000, -0.0000000000000000000 ) ) ;
#2241 = LINE ( 'NONE', #3411, #3286 ) ;
#2242 = CARTESIAN_POINT ( 'NONE',  ( 5.987680000000000100, 0.0000000000000000000, -5.287679999999999900 ) ) ;
#2243 = EDGE_CURVE ( 'NONE', #4667, #3414, #2474, .T. ) ;
#2244 = SURFACE_STYLE_USAGE ( .BOTH. , #3295 ) ;
#2245 = CARTESIAN_POINT ( 'NONE',  ( 0.9500543735329204400, 1.600449019974530500, -0.1144514952914930400 ) ) ;
#2246 = FILL_AREA_STYLE_COLOUR ( '', #1670 ) ;
#2247 = SURFACE_STYLE_FILL_AREA ( #3886 ) ;
#2248 = ORIENTED_EDGE ( 'NONE', *, *, #1504, .T. ) ;
#2249 = AXIS2_PLACEMENT_3D ( 'NONE', #3179, #4306, #1077 ) ;
#2250 = VERTEX_POINT ( 'NONE', #856 ) ;
#2251 = SURFACE_STYLE_USAGE ( .BOTH. , #3716 ) ;
#2252 = CARTESIAN_POINT ( 'NONE',  ( 5.987680000000000100, 0.0000000000000000000, -5.400000000000000400 ) ) ;
#2253 = CARTESIAN_POINT ( 'NONE',  ( 0.9500000000000000700, 1.687680000000000100, -5.287679999999999000 ) ) ;
#2254 = EDGE_CURVE ( 'NONE', #1451, #92, #352, .T. ) ;
#2255 = SURFACE_STYLE_USAGE ( .BOTH. , #2945 ) ;
#2256 = ORIENTED_EDGE ( 'NONE', *, *, #1516, .F. ) ;
#2257 = VERTEX_POINT ( 'NONE', #1938 ) ;
#2258 = STYLED_ITEM ( 'NONE', ( #2030 ), #2196 ) ;
#2259 = UNCERTAINTY_MEASURE_WITH_UNIT (LENGTH_MEASURE( 1.000000000000000100E-005 ), #3380, 'distance_accuracy_value', 'NONE');
#2260 = FILL_AREA_STYLE_COLOUR ( '', #242 ) ;
#2261 = ORIENTED_EDGE ( 'NONE', *, *, #452, .T. ) ;
#2262 = ORIENTED_EDGE ( 'NONE', *, *, #3373, .F. ) ;
#2263 = MECHANICAL_DESIGN_GEOMETRIC_PRESENTATION_REPRESENTATION (  '', ( #1229 ), #997 ) ;
#2264 = FACE_OUTER_BOUND ( 'NONE', #3349, .T. ) ;
#2265 = DIRECTION ( 'NONE',  ( 0.0000000000000000000, -0.0000000000000000000, 1.000000000000000000 ) ) ;
#2266 = EDGE_CURVE ( 'NONE', #3742, #3936, #4527, .T. ) ;
#2267 = ORIENTED_EDGE ( 'NONE', *, *, #3188, .F. ) ;
#2268 = ORIENTED_EDGE ( 'NONE', *, *, #1179, .F. ) ;
#2269 = VERTEX_POINT ( 'NONE', #4454 ) ;
#2270 = LINE ( 'NONE', #742, #4038 ) ;
#2271 = CARTESIAN_POINT ( 'NONE',  ( 3.068941737194691700, 1.692680000000000000, -2.429621719490298500 ) ) ;
#2272 = ORIENTED_EDGE ( 'NONE', *, *, #2228, .F. ) ;
#2273 = CARTESIAN_POINT ( 'NONE',  ( 3.177420614523705400, 1.692680000000000000, -2.306340000000000100 ) ) ;
#2274 = CARTESIAN_POINT ( 'NONE',  ( 2.539739803763988700, 1.692680000000000000, -2.738018101797654100 ) ) ;
#2275 = DIRECTION ( 'NONE',  ( 1.000000000000000000, 0.0000000000000000000, 0.0000000000000000000 ) ) ;
#2276 = EDGE_CURVE ( 'NONE', #2212, #1051, #748, .T. ) ;
#2277 = ORIENTED_EDGE ( 'NONE', *, *, #3734, .T. ) ;
#2278 = VECTOR ( 'NONE', #1401, 1000.000000000000000 ) ;
#2279 = ORIENTED_EDGE ( 'NONE', *, *, #2863, .F. ) ;
#2280 = DIRECTION ( 'NONE',  ( 1.539402763017535000E-015, 0.0000000000000000000, -1.000000000000000000 ) ) ;
#2281 = SURFACE_STYLE_USAGE ( .BOTH. , #459 ) ;
#2282 = ADVANCED_FACE ( 'NONE', ( #1479 ), #4424, .F. ) ;
#2283 = CARTESIAN_POINT ( 'NONE',  ( 5.987680000000000100, 0.1123200000000000000, -0.1123199999999999900 ) ) ;
#2284 = AXIS2_PLACEMENT_3D ( 'NONE', #4050, #1876, #469 ) ;
#2285 = CARTESIAN_POINT ( 'NONE',  ( 3.411227330224759300, 1.687680000000000100, -2.738018101797654100 ) ) ;
#2286 =( NAMED_UNIT ( * ) PLANE_ANGLE_UNIT ( ) SI_UNIT ( $, .RADIAN. ) );
#2287 = EDGE_CURVE ( 'NONE', #2860, #2394, #13, .T. ) ;
#2288 =( NAMED_UNIT ( * ) SI_UNIT ( $, .STERADIAN. ) SOLID_ANGLE_UNIT ( ) );
#2289 = DIRECTION ( 'NONE',  ( 0.0000000000000000000, -1.000000000000000000, 0.0000000000000000000 ) ) ;
#2290 = AXIS2_PLACEMENT_3D ( 'NONE', #4358, #3279, #1819 ) ;
#2291 = VECTOR ( 'NONE', #2920, 1000.000000000000000 ) ;
#2292 = DIRECTION ( 'NONE',  ( 0.0000000000000000000, -1.000000000000000000, 0.0000000000000000000 ) ) ;
#2293 = COLOUR_RGB ( '',0.7686274509803920900, 0.7686274509803920900, 0.7686274509803920900 ) ;
#2294 = PRESENTATION_LAYER_ASSIGNMENT (  '', '', ( #1253 ) ) ;
#2295 = CARTESIAN_POINT ( 'NONE',  ( 3.288313749777273200, 1.692680000000000000, -2.692502380243609200 ) ) ;
#2296 = ADVANCED_FACE ( 'NONE', ( #1529 ), #975, .T. ) ;
#2297 = EDGE_CURVE ( 'NONE', #624, #2389, #2879, .T. ) ;
#2298 = CARTESIAN_POINT ( 'NONE',  ( 0.9500000000000004000, 1.575360000000000100, -0.1123199999999990900 ) ) ;
#2299 = CARTESIAN_POINT ( 'NONE',  ( 0.9500000000000004000, 1.575360000000000100, -0.1123199999999990900 ) ) ;
#2300 = CARTESIAN_POINT ( 'NONE',  ( 2.801232395251704900, 1.687680000000000100, -2.388467020723880300 ) ) ;
#2301 = EDGE_CURVE ( 'NONE', #1199, #42, #4584, .T. ) ;
#2302 = FILL_AREA_STYLE_COLOUR ( '', #3627 ) ;
#2303 = DIRECTION ( 'NONE',  ( 0.0000000000000000000, 0.0000000000000000000, 1.000000000000000000 ) ) ;
#2304 =( NAMED_UNIT ( * ) PLANE_ANGLE_UNIT ( ) SI_UNIT ( $, .RADIAN. ) );
#2305 = LINE ( 'NONE', #2713, #2832 ) ;
#2306 = STYLED_ITEM ( 'NONE', ( #559 ), #4158 ) ;
#2307 = ORIENTED_EDGE ( 'NONE', *, *, #3095, .F. ) ;
#2308 =( LENGTH_UNIT ( ) NAMED_UNIT ( * ) SI_UNIT ( .MILLI., .METRE. ) );
#2309 = SURFACE_SIDE_STYLE ('',( #1811 ) ) ;
#2310 = CARTESIAN_POINT ( 'NONE',  ( 5.262320000000001700, 0.0000000000000000000, 0.0000000000000000000 ) ) ;
#2311 = DIRECTION ( 'NONE',  ( 0.0000000000000000000, 0.0000000000000000000, 1.000000000000000000 ) ) ;
#2312 = LINE ( 'NONE', #552, #1049 ) ;
#2313 = ADVANCED_FACE ( 'NONE', ( #1577 ), #1303, .F. ) ;
#2314 = DIRECTION ( 'NONE',  ( 0.0000000000000000000, 0.0000000000000000000, -1.000000000000000000 ) ) ;
#2315 = ORIENTED_EDGE ( 'NONE', *, *, #2349, .T. ) ;
#2316 = CARTESIAN_POINT ( 'NONE',  ( 0.0000000000000000000, 1.687680000000000100, -5.287679999999999900 ) ) ;
#2317 = DIRECTION ( 'NONE',  ( 0.0000000000000000000, 0.0000000000000000000, 1.000000000000000000 ) ) ;
#2318 = MECHANICAL_DESIGN_GEOMETRIC_PRESENTATION_REPRESENTATION (  '', ( #325 ), #4342 ) ;
#2319 = VERTEX_POINT ( 'NONE', #3403 ) ;
#2320 =( NAMED_UNIT ( * ) PLANE_ANGLE_UNIT ( ) SI_UNIT ( $, .RADIAN. ) );
#2321 = VERTEX_POINT ( 'NONE', #554 ) ;
#2322 = DIRECTION ( 'NONE',  ( 1.000000000000000000, -0.0000000000000000000, -0.0000000000000000000 ) ) ;
#2323 = VECTOR ( 'NONE', #851, 1000.000000000000000 ) ;
#2324 = EDGE_CURVE ( 'NONE', #1339, #3640, #2233, .T. ) ;
#2325 = VERTEX_POINT ( 'NONE', #911 ) ;
#2326 = DIRECTION ( 'NONE',  ( 0.0000000000000000000, -1.000000000000000000, 0.0000000000000000000 ) ) ;
#2327 = FILL_AREA_STYLE_COLOUR ( '', #68 ) ;
#2328 = CARTESIAN_POINT ( 'NONE',  ( 0.9500000000000000700, 1.687680000000000100, -5.287679999999999000 ) ) ;
#2329 = ORIENTED_EDGE ( 'NONE', *, *, #6, .T. ) ;
#2330 = SURFACE_STYLE_USAGE ( .BOTH. , #3722 ) ;
#2331 = ORIENTED_EDGE ( 'NONE', *, *, #1834, .T. ) ;
#2332 = VERTEX_POINT ( 'NONE', #4523 ) ;
#2333 = VECTOR ( 'NONE', #3439, 1000.000000000000000 ) ;
#2334 = EDGE_CURVE ( 'NONE', #3954, #4338, #458, .T. ) ;
#2335 = SURFACE_STYLE_USAGE ( .BOTH. , #4466 ) ;
#2336 = EDGE_LOOP ( 'NONE', ( #872, #1362, #2952, #2248, #2147, #4429, #1112, #78, #1226, #1672, #1069, #4213, #835, #830, #4162, #4222, #3645 ) ) ;
#2337 = DIRECTION ( 'NONE',  ( 1.000000000000000000, 0.0000000000000000000, 7.360257803776688000E-015 ) ) ;
#2338 =( GEOMETRIC_REPRESENTATION_CONTEXT ( 3 ) GLOBAL_UNCERTAINTY_ASSIGNED_CONTEXT ( ( #4295 ) ) GLOBAL_UNIT_ASSIGNED_CONTEXT ( ( #3440, #2756, #980 ) ) REPRESENTATION_CONTEXT ( 'NONE', 'WORKASPACE' ) );
#2339 = FILL_AREA_STYLE ('',( #3774 ) ) ;
#2340 =( NAMED_UNIT ( * ) PLANE_ANGLE_UNIT ( ) SI_UNIT ( $, .RADIAN. ) );
#2341 = ADVANCED_FACE ( 'NONE', ( #1764 ), #199, .F. ) ;
#2342 =( NAMED_UNIT ( * ) SI_UNIT ( $, .STERADIAN. ) SOLID_ANGLE_UNIT ( ) );
#2343 =( LENGTH_UNIT ( ) NAMED_UNIT ( * ) SI_UNIT ( .MILLI., .METRE. ) );
#2344 = CARTESIAN_POINT ( 'NONE',  ( 2.561933919047046700, 1.692680000000000000, -2.388467020723880300 ) ) ;
#2345 = DIRECTION ( 'NONE',  ( 0.0000000000000000000, 0.0000000000000000000, 1.000000000000000000 ) ) ;
#2346 = CIRCLE ( 'NONE', #3275, 0.1123199999999999500 ) ;
#2347 = AXIS2_PLACEMENT_3D ( 'NONE', #3525, #697, #4286 ) ;
#2348 = VECTOR ( 'NONE', #3837, 1000.000000000000000 ) ;
#2349 = EDGE_CURVE ( 'NONE', #4567, #2094, #4351, .T. ) ;
#2350 = CARTESIAN_POINT ( 'NONE',  ( 0.9500000000000000700, 0.1123199999999999500, -5.287679999999999000 ) ) ;
#2351 = ADVANCED_FACE ( 'NONE', ( #411 ), #3399, .F. ) ;
#2352 = SURFACE_SIDE_STYLE ('',( #3057 ) ) ;
#2353 = PLANE ( 'NONE',  #816 ) ;
#2354 = CARTESIAN_POINT ( 'NONE',  ( 5.149945626467080700, 0.1144514952914938700, -5.200449019974529500 ) ) ;
#2355 = PLANE ( 'NONE',  #1959 ) ;
#2356 = UNCERTAINTY_MEASURE_WITH_UNIT (LENGTH_MEASURE( 1.000000000000000100E-005 ), #4380, 'distance_accuracy_value', 'NONE');
#2357 = CARTESIAN_POINT ( 'NONE',  ( 0.9500000000000004000, 0.2246399999999999500, -0.2246399999999990900 ) ) ;
#2358 = AXIS2_PLACEMENT_3D ( 'NONE', #1369, #2733, #4248 ) ;
#2359 = FACE_OUTER_BOUND ( 'NONE', #4076, .T. ) ;
#2360 = CARTESIAN_POINT ( 'NONE',  ( 0.1123199999999999500, 1.687680000000000100, 0.0000000000000000000 ) ) ;
#2361 = DIRECTION ( 'NONE',  ( 0.2793947940814949200, 0.0000000000000000000, -0.9601763114346025800 ) ) ;
#2362 = CARTESIAN_POINT ( 'NONE',  ( 0.9499999999999972900, 0.1234902608961261800, -5.276509739103872200 ) ) ;
#2363 = DIRECTION ( 'NONE',  ( 0.05596501978068185700, 0.0000000000000000000, -0.9984327301130245800 ) ) ;
#2364 = EDGE_CURVE ( 'NONE', #3353, #364, #2430, .T. ) ;
#2365 = LINE ( 'NONE', #1683, #464 ) ;
#2366 = ADVANCED_FACE ( 'NONE', ( #2033 ), #4521, .T. ) ;
#2367 = CIRCLE ( 'NONE', #2880, 0.1123199999999999500 ) ;
#2368 = CARTESIAN_POINT ( 'NONE',  ( 5.154925775900062800, 0.1452177663371273500, -5.254782233662873600 ) ) ;
#2369 = VECTOR ( 'NONE', #3176, 1000.000000000000100 ) ;
#2370 = FILL_AREA_STYLE_COLOUR ( '', #2513 ) ;
#2371 = FACE_OUTER_BOUND ( 'NONE', #2858, .T. ) ;
#2372 =( GEOMETRIC_REPRESENTATION_CONTEXT ( 3 ) GLOBAL_UNCERTAINTY_ASSIGNED_CONTEXT ( ( #843 ) ) GLOBAL_UNIT_ASSIGNED_CONTEXT ( ( #1413, #3931, #4260 ) ) REPRESENTATION_CONTEXT ( 'NONE', 'WORKASPACE' ) );
#2373 = EDGE_LOOP ( 'NONE', ( #284, #1409, #4550, #4322 ) ) ;
#2374 = DIRECTION ( 'NONE',  ( -0.0000000000000000000, 0.0000000000000000000, 1.000000000000000000 ) ) ;
#2375 = AXIS2_PLACEMENT_3D ( 'NONE', #1750, #2473, #3999 ) ;
#2376 = DIRECTION ( 'NONE',  ( 0.0000000000000000000, 0.0000000000000000000, -1.000000000000000000 ) ) ;
#2377 = ORIENTED_EDGE ( 'NONE', *, *, #2515, .F. ) ;
#2378 = VECTOR ( 'NONE', #1188, 1000.000000000000000 ) ;
#2379 = ORIENTED_EDGE ( 'NONE', *, *, #1333, .F. ) ;
#2380 = DIRECTION ( 'NONE',  ( -1.000000000000000000, 0.0000000000000000000, 0.0000000000000000000 ) ) ;
#2381 = EDGE_LOOP ( 'NONE', ( #2557, #1251, #1714, #3012 ) ) ;
#2382 = ORIENTED_EDGE ( 'NONE', *, *, #4266, .T. ) ;
#2383 = VERTEX_POINT ( 'NONE', #2316 ) ;
#2384 = MECHANICAL_DESIGN_GEOMETRIC_PRESENTATION_REPRESENTATION (  '', ( #4291 ), #634 ) ;
#2385 = LINE ( 'NONE', #476, #658 ) ;
#2386 = DIRECTION ( 'NONE',  ( -1.000000000000000000, 0.0000000000000000000, 0.0000000000000000000 ) ) ;
#2387 = PRESENTATION_STYLE_ASSIGNMENT (( #2909 ) ) ;
#2388 = DIRECTION ( 'NONE',  ( -1.000000000000000000, 1.930559423941426000E-015, 0.0000000000000000000 ) ) ;
#2389 = VERTEX_POINT ( 'NONE', #1962 ) ;
#2390 = FILL_AREA_STYLE_COLOUR ( '', #3023 ) ;
#2391 = MECHANICAL_DESIGN_GEOMETRIC_PRESENTATION_REPRESENTATION (  '', ( #1029 ), #3864 ) ;
#2392 = VERTEX_POINT ( 'NONE', #3422 ) ;
#2393 = CARTESIAN_POINT ( 'NONE',  ( 2.539739803763988700, 1.692680000000000000, -2.738018101797654100 ) ) ;
#2394 = VERTEX_POINT ( 'NONE', #2635 ) ;
#2395 = ADVANCED_FACE ( 'NONE', ( #1300 ), #4519, .F. ) ;
#2396 =( LENGTH_UNIT ( ) NAMED_UNIT ( * ) SI_UNIT ( .MILLI., .METRE. ) );
#2397 = ORIENTED_EDGE ( 'NONE', *, *, #1429, .T. ) ;
#2398 = SURFACE_SIDE_STYLE ('',( #522 ) ) ;
#2399 = PLANE ( 'NONE',  #3241 ) ;
#2400 = EDGE_LOOP ( 'NONE', ( #4283, #4421, #671, #661 ) ) ;
#2401 = VECTOR ( 'NONE', #1626, 1000.000000000000000 ) ;
#2402 = CARTESIAN_POINT ( 'NONE',  ( 5.154925775900062800, 0.1452177663371273500, -5.254782233662873600 ) ) ;
#2403 = ORIENTED_EDGE ( 'NONE', *, *, #3944, .T. ) ;
#2404 = EDGE_CURVE ( 'NONE', #3312, #495, #1524, .T. ) ;
#2405 = MECHANICAL_DESIGN_GEOMETRIC_PRESENTATION_REPRESENTATION (  '', ( #2495 ), #2103 ) ;
#2406 = DIRECTION ( 'NONE',  ( -1.000000000000000000, 0.0000000000000000000, -0.0000000000000000000 ) ) ;
#2407 = FACE_OUTER_BOUND ( 'NONE', #3697, .T. ) ;
#2408 = CARTESIAN_POINT ( 'NONE',  ( 5.987680000000000100, 1.687680000000000100, -0.1123199999999999900 ) ) ;
#2409 = CARTESIAN_POINT ( 'NONE',  ( 0.9500000000000002900, 1.800000000000000000, -0.1123200000000008200 ) ) ;
#2410 = CYLINDRICAL_SURFACE ( 'NONE', #2624, 0.1123199999999999500 ) ;
#2411 = SURFACE_STYLE_USAGE ( .BOTH. , #2769 ) ;
#2412 =( NAMED_UNIT ( * ) SI_UNIT ( $, .STERADIAN. ) SOLID_ANGLE_UNIT ( ) );
#2413 =( NAMED_UNIT ( * ) PLANE_ANGLE_UNIT ( ) SI_UNIT ( $, .RADIAN. ) );
#2414 = VECTOR ( 'NONE', #595, 1000.000000000000000 ) ;
#2415 = MECHANICAL_DESIGN_GEOMETRIC_PRESENTATION_REPRESENTATION (  '', ( #4641 ), #3651 ) ;
#2416 = CIRCLE ( 'NONE', #3660, 0.1123199999999999500 ) ;
#2417 = CARTESIAN_POINT ( 'NONE',  ( 0.9473702207239153000, 0.1364827373767560600, -0.1550405786893559500 ) ) ;
#2418 = LINE ( 'NONE', #3995, #3717 ) ;
#2419 = STYLED_ITEM ( 'NONE', ( #663 ), #214 ) ;
#2420 = SURFACE_STYLE_USAGE ( .BOTH. , #243 ) ;
#2421 = ORIENTED_EDGE ( 'NONE', *, *, #973, .F. ) ;
#2422 = FILL_AREA_STYLE_COLOUR ( '', #2575 ) ;
#2423 = FILL_AREA_STYLE ('',( #995 ) ) ;
#2424 =( NAMED_UNIT ( * ) SI_UNIT ( $, .STERADIAN. ) SOLID_ANGLE_UNIT ( ) );
#2425 = SURFACE_SIDE_STYLE ('',( #3172 ) ) ;
#2426 = DIRECTION ( 'NONE',  ( -1.000000000000000000, 0.0000000000000000000, 0.0000000000000000000 ) ) ;
#2427 = CARTESIAN_POINT ( 'NONE',  ( 6.100000000000000500, 1.687680000000000100, -5.400000000000000400 ) ) ;
#2429 = EDGE_CURVE ( 'NONE', #279, #213, #848, .T. ) ;
#2428 = VERTEX_POINT ( 'NONE', #569 ) ;
#2430 = LINE ( 'NONE', #3372, #121 ) ;
#2431 = PRESENTATION_STYLE_ASSIGNMENT (( #924 ) ) ;
#2432 = CARTESIAN_POINT ( 'NONE',  ( 0.8376800000000002000, 1.687680000000000100, -0.1123200000000000000 ) ) ;
#2433 = ORIENTED_EDGE ( 'NONE', *, *, #4406, .F. ) ;
#2434 = LINE ( 'NONE', #3743, #3250 ) ;
#2435 =( NAMED_UNIT ( * ) PLANE_ANGLE_UNIT ( ) SI_UNIT ( $, .RADIAN. ) );
#2436 = ORIENTED_EDGE ( 'NONE', *, *, #1965, .T. ) ;
#2437 = CARTESIAN_POINT ( 'NONE',  ( 2.592503494125971900, 1.687680000000000100, -2.495755860006286600 ) ) ;
#2438 = ORIENTED_EDGE ( 'NONE', *, *, #1860, .F. ) ;
#2439 = LINE ( 'NONE', #1948, #2898 ) ;
#2440 = CARTESIAN_POINT ( 'NONE',  ( 0.1123200000000000000, 0.1123200000000000000, -5.287679999999999900 ) ) ;
#2441 = DIRECTION ( 'NONE',  ( 0.2762437428917283700, 0.0000000000000000000, -0.9610876102172832800 ) ) ;
#2442 = STYLED_ITEM ( 'NONE', ( #678 ), #2990 ) ;
#2443 = FILL_AREA_STYLE_COLOUR ( '', #4289 ) ;
#2444 = FILL_AREA_STYLE_COLOUR ( '', #1126 ) ;
#2445 = ORIENTED_EDGE ( 'NONE', *, *, #809, .F. ) ;
#2446 = VECTOR ( 'NONE', #2141, 1000.000000000000000 ) ;
#2447 = EDGE_CURVE ( 'NONE', #766, #2552, #2416, .T. ) ;
#2448 = B_SPLINE_CURVE_WITH_KNOTS ( 'NONE', 3,
 ( #4310, #413, #18, #4324, #2877, #351, #2919, #771, #3600, #2130 ),
 .UNSPECIFIED., .F., .F.,
 ( 4, 3, 3, 4 ),
 ( 0.0000000000000000000, 3.737793887600347000E-005, 7.483306597327674800E-005, 8.800504568266412200E-005 ),
 .UNSPECIFIED. ) ;
#2449 = LINE ( 'NONE', #2274, #782 ) ;
#2450 = CARTESIAN_POINT ( 'NONE',  ( 0.9490570754601924700, 0.1288250177456423400, -0.1647401363566842500 ) ) ;
#2451 = VERTEX_POINT ( 'NONE', #515 ) ;
#2452 = STYLED_ITEM ( 'NONE', ( #4300 ), #2588 ) ;
#2453 = EDGE_LOOP ( 'NONE', ( #2885, #1104, #152 ) ) ;
#2454 = EDGE_LOOP ( 'NONE', ( #1062, #3019, #2438, #44 ) ) ;
#2455 = CARTESIAN_POINT ( 'NONE',  ( 5.152629779276083800, 1.644959421310642200, -5.263517262623244300 ) ) ;
#2456 = LINE ( 'NONE', #1177, #40 ) ;
#2457 = AXIS2_PLACEMENT_3D ( 'NONE', #3880, #1722, #2067 ) ;
#2458 = ORIENTED_EDGE ( 'NONE', *, *, #1886, .F. ) ;
#2459 = CARTESIAN_POINT ( 'NONE',  ( 5.151258765606987900, 0.1299304188900642100, -0.1631224660761808600 ) ) ;
#2460 = DIRECTION ( 'NONE',  ( -0.0000000000000000000, 1.000000000000000000, 0.0000000000000000000 ) ) ;
#2461 = EDGE_CURVE ( 'NONE', #803, #1446, #907, .T. ) ;
#2462 = DIRECTION ( 'NONE',  ( 0.0000000000000000000, 0.0000000000000000000, -1.000000000000000000 ) ) ;
#2463 = CARTESIAN_POINT ( 'NONE',  ( 4.014068801214898800, 1.687680000000000100, -2.654669085607061600 ) ) ;
#2464 = CARTESIAN_POINT ( 'NONE',  ( 5.262320000000001700, 1.687680000000000100, -0.1123200000000008200 ) ) ;
#2465 = EDGE_CURVE ( 'NONE', #946, #4129, #2827, .T. ) ;
#2466 = SURFACE_STYLE_FILL_AREA ( #2208 ) ;
#2467 = ADVANCED_FACE ( 'NONE', ( #297 ), #1245, .F. ) ;
#2468 = SURFACE_STYLE_USAGE ( .BOTH. , #2137 ) ;
#2469 = LINE ( 'NONE', #1066, #1130 ) ;
#2470 = DIRECTION ( 'NONE',  ( -1.000000000000000000, 0.0000000000000000000, 0.0000000000000000000 ) ) ;
#2471 = MECHANICAL_DESIGN_GEOMETRIC_PRESENTATION_REPRESENTATION (  '', ( #3524 ), #1816 ) ;
#2472 = CARTESIAN_POINT ( 'NONE',  ( 4.014068801214898800, 1.692680000000000000, -2.654669085607061600 ) ) ;
#2473 = DIRECTION ( 'NONE',  ( -1.000000000000000000, 0.0000000000000000000, 0.0000000000000000000 ) ) ;
#2474 = LINE ( 'NONE', #2252, #588 ) ;
#2475 = AXIS2_PLACEMENT_3D ( 'NONE', #2175, #779, #406 ) ;
#2476 = DIRECTION ( 'NONE',  ( 0.0000000000000000000, 0.0000000000000000000, 1.000000000000000000 ) ) ;
#2477 = DIRECTION ( 'NONE',  ( -0.05596501978068185700, 0.0000000000000000000, 0.9984327301130245800 ) ) ;
#2478 = ADVANCED_FACE ( 'NONE', ( #4245 ), #3965, .F. ) ;
#2479 = EDGE_CURVE ( 'NONE', #3873, #4039, #904, .T. ) ;
#2480 = VECTOR ( 'NONE', #4547, 1000.000000000000100 ) ;
#2481 = VECTOR ( 'NONE', #3392, 1000.000000000000200 ) ;
#2482 = LINE ( 'NONE', #289, #1980 ) ;
#2483 = DIRECTION ( 'NONE',  ( -0.9612861490927331300, 0.0000000000000000000, -0.2755520632520533400 ) ) ;
#2484 = DIRECTION ( 'NONE',  ( 0.0000000000000000000, 0.0000000000000000000, -1.000000000000000000 ) ) ;
#2485 = DIRECTION ( 'NONE',  ( 0.4668459304955247000, 0.0000000000000000000, -0.8843386665637592600 ) ) ;
#2486 = CARTESIAN_POINT ( 'NONE',  ( 0.8376799999999968700, 0.1123200000000000000, 0.0000000000000000000 ) ) ;
#2487 = FACE_OUTER_BOUND ( 'NONE', #1564, .T. ) ;
#2488 = DIRECTION ( 'NONE',  ( 1.000000000000000000, 0.0000000000000000000, 0.0000000000000000000 ) ) ;
#2489 = EDGE_CURVE ( 'NONE', #3640, #3129, #1694, .T. ) ;
#2490 = ORIENTED_EDGE ( 'NONE', *, *, #842, .T. ) ;
#2491 = COLOUR_RGB ( '',0.7686274509803920900, 0.7686274509803920900, 0.7686274509803920900 ) ;
#2492 = ORIENTED_EDGE ( 'NONE', *, *, #1856, .T. ) ;
#2493 = ORIENTED_EDGE ( 'NONE', *, *, #3927, .F. ) ;
#2494 = CARTESIAN_POINT ( 'NONE',  ( 5.150000000000002100, 0.1123199999999999500, -0.1123200000000008200 ) ) ;
#2495 = STYLED_ITEM ( 'NONE', ( #3953 ), #3507 ) ;
#2496 = ORIENTED_EDGE ( 'NONE', *, *, #2254, .T. ) ;
#2497 = PRESENTATION_STYLE_ASSIGNMENT (( #4219 ) ) ;
#2498 = DIRECTION ( 'NONE',  ( 0.0000000000000000000, 1.000000000000000000, 0.0000000000000000000 ) ) ;
#2499 = ORIENTED_EDGE ( 'NONE', *, *, #1480, .T. ) ;
#2500 = EDGE_CURVE ( 'NONE', #2383, #1070, #3228, .T. ) ;
#2501 = ORIENTED_EDGE ( 'NONE', *, *, #1531, .T. ) ;
#2502 = SURFACE_STYLE_USAGE ( .BOTH. , #3969 ) ;
#2503 = LINE ( 'NONE', #4012, #4616 ) ;
#2504 = ORIENTED_EDGE ( 'NONE', *, *, #4644, .T. ) ;
#2505 = DIRECTION ( 'NONE',  ( 0.0000000000000000000, 0.0000000000000000000, 1.000000000000000000 ) ) ;
#2506 = ORIENTED_EDGE ( 'NONE', *, *, #1087, .T. ) ;
#2507 = PRESENTATION_LAYER_ASSIGNMENT (  '', '', ( #4117 ) ) ;
#2508 = DIRECTION ( 'NONE',  ( 0.0000000000000000000, 0.0000000000000000000, -1.000000000000000000 ) ) ;
#2509 = ORIENTED_EDGE ( 'NONE', *, *, #1622, .F. ) ;
#2510 = LINE ( 'NONE', #2523, #3950 ) ;
#2511 = CARTESIAN_POINT ( 'NONE',  ( 3.339067907317992300, 1.692680000000000000, -2.306340000000000100 ) ) ;
#2512 = FACE_OUTER_BOUND ( 'NONE', #3065, .T. ) ;
#2513 = COLOUR_RGB ( '',0.6470588235294118000, 0.5176470588235293500, 0.0000000000000000000 ) ;
#2514 = ORIENTED_EDGE ( 'NONE', *, *, #4411, .T. ) ;
#2515 = EDGE_CURVE ( 'NONE', #1324, #4032, #1374, .T. ) ;
#2516 = ORIENTED_EDGE ( 'NONE', *, *, #2530, .F. ) ;
#2517 =( NAMED_UNIT ( * ) PLANE_ANGLE_UNIT ( ) SI_UNIT ( $, .RADIAN. ) );
#2518 = FACE_OUTER_BOUND ( 'NONE', #206, .T. ) ;
#2519 = ORIENTED_EDGE ( 'NONE', *, *, #3007, .T. ) ;
#2520 = FILL_AREA_STYLE ('',( #2186 ) ) ;
#2521 = LINE ( 'NONE', #4279, #1124 ) ;
#2522 = AXIS2_PLACEMENT_3D ( 'NONE', #2110, #2483, #1417 ) ;
#2523 = CARTESIAN_POINT ( 'NONE',  ( 3.759893744335364400, 1.692680000000000000, -2.655279427059919600 ) ) ;
#2524 = EDGE_CURVE ( 'NONE', #93, #479, #408, .T. ) ;
#2525 = FILL_AREA_STYLE ('',( #2167 ) ) ;
#2526 =( NAMED_UNIT ( * ) PLANE_ANGLE_UNIT ( ) SI_UNIT ( $, .RADIAN. ) );
#2527 = CARTESIAN_POINT ( 'NONE',  ( 2.858649118835884000, 1.692680000000000000, -2.738018101797654100 ) ) ;
#2528 = FACE_OUTER_BOUND ( 'NONE', #4337, .T. ) ;
#2529 = COLOUR_RGB ( '',0.7686274509803920900, 0.7686274509803920900, 0.7686274509803920900 ) ;
#2530 = EDGE_CURVE ( 'NONE', #3305, #138, #2581, .T. ) ;
#2531 = DIRECTION ( 'NONE',  ( -0.0000000000000000000, -0.0000000000000000000, 1.000000000000000000 ) ) ;
#2532 = LINE ( 'NONE', #4568, #3446 ) ;
#2533 = CARTESIAN_POINT ( 'NONE',  ( 0.9500000000000004000, 1.575360000000000100, -5.287679999999999000 ) ) ;
#2534 = VECTOR ( 'NONE', #3466, 1000.000000000000000 ) ;
#2535 = DIRECTION ( 'NONE',  ( 0.0000000000000000000, -1.000000000000000000, 0.0000000000000000000 ) ) ;
#2536 = UNCERTAINTY_MEASURE_WITH_UNIT (LENGTH_MEASURE( 1.000000000000000100E-005 ), #513, 'distance_accuracy_value', 'NONE');
#2537 = AXIS2_PLACEMENT_3D ( 'NONE', #4632, #3894, #4643 ) ;
#2538 = B_SPLINE_CURVE_WITH_KNOTS ( 'NONE', 3,
 ( #301, #4230, #3517, #2796, #3847, #1378, #2455, #4258, #2081, #2775 ),
 .UNSPECIFIED., .F., .F.,
 ( 4, 3, 3, 4 ),
 ( 0.0000000000000000000, 3.737793887600303000E-005, 7.483306597327539300E-005, 8.800504568266092300E-005 ),
 .UNSPECIFIED. ) ;
#2539 = DIRECTION ( 'NONE',  ( 0.0000000000000000000, 1.000000000000000000, 0.0000000000000000000 ) ) ;
#2540 = CARTESIAN_POINT ( 'NONE',  ( 5.150000000000003000, 1.676509739103874100, -5.276509739103874000 ) ) ;
#2541 = DIRECTION ( 'NONE',  ( -1.000000000000000000, 0.0000000000000000000, 0.0000000000000000000 ) ) ;
#2542 = EDGE_CURVE ( 'NONE', #8, #1199, #2084, .T. ) ;
#2543 = CARTESIAN_POINT ( 'NONE',  ( 2.415520223519360700, 1.692680000000000000, -2.306340000000000100 ) ) ;
#2544 = STYLED_ITEM ( 'NONE', ( #4349 ), #2395 ) ;
#2545 = FACE_OUTER_BOUND ( 'NONE', #4003, .T. ) ;
#2546 = CARTESIAN_POINT ( 'NONE',  ( 5.987680000000000100, 0.0000000000000000000, 0.0000000000000000000 ) ) ;
#2547 = ORIENTED_EDGE ( 'NONE', *, *, #4299, .T. ) ;
#2548 = AXIS2_PLACEMENT_3D ( 'NONE', #4163, #2681, #3045 ) ;
#2549 = LINE ( 'NONE', #2707, #366 ) ;
#2550 = ORIENTED_EDGE ( 'NONE', *, *, #1688, .F. ) ;
#2551 = EDGE_CURVE ( 'NONE', #2860, #3936, #2924, .T. ) ;
#2552 = VERTEX_POINT ( 'NONE', #2849 ) ;
#2553 = EDGE_LOOP ( 'NONE', ( #1775, #4606, #147 ) ) ;
#2554 =( NAMED_UNIT ( * ) PLANE_ANGLE_UNIT ( ) SI_UNIT ( $, .RADIAN. ) );
#2555 = VECTOR ( 'NONE', #2702, 1000.000000000000100 ) ;
#2556 = CARTESIAN_POINT ( 'NONE',  ( 4.132258281751670200, 1.687680000000000100, -2.654659702724873100 ) ) ;
#2557 = ORIENTED_EDGE ( 'NONE', *, *, #2276, .F. ) ;
#2558 = EDGE_CURVE ( 'NONE', #3986, #364, #2469, .T. ) ;
#2559 = VERTEX_POINT ( 'NONE', #1761 ) ;
#2560 = ORIENTED_EDGE ( 'NONE', *, *, #2790, .T. ) ;
#2561 = PRESENTATION_LAYER_ASSIGNMENT (  '', '', ( #4578 ) ) ;
#2562 = ORIENTED_EDGE ( 'NONE', *, *, #4200, .T. ) ;
#2563 = SURFACE_STYLE_FILL_AREA ( #4022 ) ;
#2564 = VECTOR ( 'NONE', #3337, 1000.000000000000000 ) ;
#2565 = VERTEX_POINT ( 'NONE', #2116 ) ;
#2566 = ORIENTED_EDGE ( 'NONE', *, *, #2364, .F. ) ;
#2567 = SURFACE_STYLE_FILL_AREA ( #2339 ) ;
#2568 = CARTESIAN_POINT ( 'NONE',  ( 0.9500000000000000700, 0.1123199999999999500, -0.2246399999999990300 ) ) ;
#2569 = ORIENTED_EDGE ( 'NONE', *, *, #973, .T. ) ;
#2570 = PRESENTATION_LAYER_ASSIGNMENT (  '', '', ( #4520 ) ) ;
#2571 = CARTESIAN_POINT ( 'NONE',  ( 5.150399240127528700, 1.677368716263962100, -0.1760033854232485000 ) ) ;
#2572 = CARTESIAN_POINT ( 'NONE',  ( 0.9499691003102257400, 1.684470524900062000, -0.1955092100933743200 ) ) ;
#2573 = AXIS2_PLACEMENT_3D ( 'NONE', #739, #12, #344 ) ;
#2574 = CARTESIAN_POINT ( 'NONE',  ( 0.9500000000000000700, 1.687680000000000100, -5.187819312958660100 ) ) ;
#2575 = COLOUR_RGB ( '',0.7686274509803920900, 0.7686274509803920900, 0.7686274509803920900 ) ;
#2576 = SURFACE_STYLE_USAGE ( .BOTH. , #2955 ) ;
#2577 = FACE_OUTER_BOUND ( 'NONE', #1163, .T. ) ;
#2578 = SURFACE_STYLE_FILL_AREA ( #3366 ) ;
#2579 = EDGE_CURVE ( 'NONE', #2618, #4366, #583, .T. ) ;
#2580 = SURFACE_SIDE_STYLE ('',( #844 ) ) ;
#2581 = LINE ( 'NONE', #309, #3036 ) ;
#2582 = CARTESIAN_POINT ( 'NONE',  ( 0.9499139314811478900, 1.680746604300922000, -0.1840563693920448700 ) ) ;
#2583 = PRESENTATION_LAYER_ASSIGNMENT (  '', '', ( #1407 ) ) ;
#2584 = COLOUR_RGB ( '',0.7686274509803920900, 0.7686274509803920900, 0.7686274509803920900 ) ;
#2585 = CARTESIAN_POINT ( 'NONE',  ( 0.1123199999999999500, 0.1123200000000000000, 0.0000000000000000000 ) ) ;
#2586 = VECTOR ( 'NONE', #220, 1000.000000000000000 ) ;
#2587 = CARTESIAN_POINT ( 'NONE',  ( 0.1123199999999999500, 1.800000000000000000, 0.0000000000000000000 ) ) ;
#2588 = ADVANCED_FACE ( 'NONE', ( #3781 ), #4613, .F. ) ;
#2589 =( GEOMETRIC_REPRESENTATION_CONTEXT ( 3 ) GLOBAL_UNCERTAINTY_ASSIGNED_CONTEXT ( ( #1904 ) ) GLOBAL_UNIT_ASSIGNED_CONTEXT ( ( #3191, #1038, #354 ) ) REPRESENTATION_CONTEXT ( 'NONE', 'WORKASPACE' ) );
#2590 = ORIENTED_EDGE ( 'NONE', *, *, #542, .T. ) ;
#2591 =( LENGTH_UNIT ( ) NAMED_UNIT ( * ) SI_UNIT ( .MILLI., .METRE. ) );
#2592 = ADVANCED_FACE ( 'NONE', ( #3615 ), #4061, .T. ) ;
#2593 = CARTESIAN_POINT ( 'NONE',  ( 2.146202774573641400, 1.687680000000000100, -2.553933869701296500 ) ) ;
#2594 = DIRECTION ( 'NONE',  ( -1.000000000000000000, -0.0000000000000000000, 0.0000000000000000000 ) ) ;
#2595 = EDGE_CURVE ( 'NONE', #2948, #1324, #1807, .T. ) ;
#2596 = CARTESIAN_POINT ( 'NONE',  ( 2.198970402625075100, 1.692680000000000000, -2.738018101797654100 ) ) ;
#2597 = CARTESIAN_POINT ( 'NONE',  ( 2.969375558335646500, 1.687680000000000100, -2.306340000000000100 ) ) ;
#2598 = SURFACE_STYLE_USAGE ( .BOTH. , #472 ) ;
#2599 = CARTESIAN_POINT ( 'NONE',  ( 0.9450742240999356900, 0.1452177663371256600, -0.1452177663371273500 ) ) ;
#2600 = ORIENTED_EDGE ( 'NONE', *, *, #2017, .F. ) ;
#2601 = MECHANICAL_DESIGN_GEOMETRIC_PRESENTATION_REPRESENTATION (  '', ( #3907 ), #1618 ) ;
#2602 =( LENGTH_UNIT ( ) NAMED_UNIT ( * ) SI_UNIT ( .MILLI., .METRE. ) );
#2603 = PLANE ( 'NONE',  #628 ) ;
#2604 = ORIENTED_EDGE ( 'NONE', *, *, #2542, .F. ) ;
#2605 = EDGE_CURVE ( 'NONE', #4156, #93, #1748, .T. ) ;
#2606 = ORIENTED_EDGE ( 'NONE', *, *, #3803, .T. ) ;
#2607 = LINE ( 'NONE', #3818, #3345 ) ;
#2608 = ORIENTED_EDGE ( 'NONE', *, *, #550, .T. ) ;
#2609 = CARTESIAN_POINT ( 'NONE',  ( 5.150086068518853600, 1.615943630607956900, -0.1192533956990779000 ) ) ;
#2610 = CARTESIAN_POINT ( 'NONE',  ( 0.9500000000000000700, 0.1123199999999999500, -5.400000000000000400 ) ) ;
#2611 = CARTESIAN_POINT ( 'NONE',  ( 5.150000000000002100, 1.687680000000000100, -0.2246400000000007800 ) ) ;
#2612 = SPHERICAL_SURFACE ( 'NONE', #3719, 0.1123200000000000000 ) ;
#2613 = ADVANCED_FACE ( 'NONE', ( #3775 ), #3845, .T. ) ;
#2614 = LINE ( 'NONE', #853, #660 ) ;
#2615 = CARTESIAN_POINT ( 'NONE',  ( 0.9487412343930139400, 1.670069581109935800, -0.1631224660761808300 ) ) ;
#2616 = ORIENTED_EDGE ( 'NONE', *, *, #2040, .F. ) ;
#2617 = ORIENTED_EDGE ( 'NONE', *, *, #3274, .F. ) ;
#2618 = VERTEX_POINT ( 'NONE', #760 ) ;
#2619 = CARTESIAN_POINT ( 'NONE',  ( 3.759893744335364400, 1.692680000000000000, -2.655279427059919600 ) ) ;
#2620 = COLOUR_RGB ( '',0.7686274509803920900, 0.7686274509803920900, 0.7686274509803920900 ) ;
#2621 = VERTEX_POINT ( 'NONE', #2132 ) ;
#2622 = PLANE ( 'NONE',  #20 ) ;
#2623 = SURFACE_STYLE_USAGE ( .BOTH. , #3951 ) ;
#2624 = AXIS2_PLACEMENT_3D ( 'NONE', #1779, #3237, #2878 ) ;
#2625 = ORIENTED_EDGE ( 'NONE', *, *, #2154, .F. ) ;
#2626 = CARTESIAN_POINT ( 'NONE',  ( 0.9467686591984302300, 1.648418451054840300, -0.1392136124212912900 ) ) ;
#2627 = DIRECTION ( 'NONE',  ( 0.0000000000000000000, 0.0000000000000000000, 1.000000000000000000 ) ) ;
#2628 = CARTESIAN_POINT ( 'NONE',  ( 3.177420614523705400, 1.687680000000000100, -2.306340000000000100 ) ) ;
#2629 = AXIS2_PLACEMENT_3D ( 'NONE', #590, #184, #3428 ) ;
#2630 = VECTOR ( 'NONE', #2966, 1000.000000000000100 ) ;
#2631 =( GEOMETRIC_REPRESENTATION_CONTEXT ( 3 ) GLOBAL_UNCERTAINTY_ASSIGNED_CONTEXT ( ( #2045 ) ) GLOBAL_UNIT_ASSIGNED_CONTEXT ( ( #3128, #1026, #961 ) ) REPRESENTATION_CONTEXT ( 'NONE', 'WORKASPACE' ) );
#2632 = DIRECTION ( 'NONE',  ( 1.000000000000000000, 0.0000000000000000000, 0.0000000000000000000 ) ) ;
#2633 = CARTESIAN_POINT ( 'NONE',  ( 3.221896250738491800, 1.692680000000000000, -2.738018101797654100 ) ) ;
#2634 = COLOUR_RGB ( '',0.7686274509803920900, 0.7686274509803920900, 0.7686274509803920900 ) ;
#2635 = CARTESIAN_POINT ( 'NONE',  ( 1.952000000000000400, 1.692680000000000000, -2.306340000000000100 ) ) ;
#2636 = SURFACE_STYLE_FILL_AREA ( #1262 ) ;
#2637 = EDGE_CURVE ( 'NONE', #85, #3601, #2922, .T. ) ;
#2638 = CARTESIAN_POINT ( 'NONE',  ( 5.149997222547607800, 1.587100840322658100, -0.1127816437192389700 ) ) ;
#2639 = VECTOR ( 'NONE', #4071, 1000.000000000000100 ) ;
#2640 = CARTESIAN_POINT ( 'NONE',  ( 5.987680000000000100, 0.1123200000000000000, -5.287679999999999900 ) ) ;
#2641 = CARTESIAN_POINT ( 'NONE',  ( 2.901706411273204300, 1.687680000000000100, -2.738018101797654100 ) ) ;
#2642 =( LENGTH_UNIT ( ) NAMED_UNIT ( * ) SI_UNIT ( .MILLI., .METRE. ) );
#2643 = AXIS2_PLACEMENT_3D ( 'NONE', #3839, #4196, #2027 ) ;
#2644 = SURFACE_STYLE_FILL_AREA ( #1418 ) ;
#2645 = CARTESIAN_POINT ( 'NONE',  ( 4.132258281751670200, 1.692680000000000000, -2.654659702724873100 ) ) ;
#2646 = FILL_AREA_STYLE ('',( #2260 ) ) ;
#2647 = B_SPLINE_CURVE_WITH_KNOTS ( 'NONE', 3,
 ( #2611, #1533, #1192, #4048, #2571, #1874, #4060, #4029, #1863, #4409 ),
 .UNSPECIFIED., .F., .F.,
 ( 4, 3, 3, 4 ),
 ( 1.694445322777763000E-018, 3.737793887600292100E-005, 7.483306597327546000E-005, 8.800504568266050300E-005 ),
 .UNSPECIFIED. ) ;
#2648 = DIRECTION ( 'NONE',  ( -1.930559423941426400E-015, -1.000000000000000000, 0.0000000000000000000 ) ) ;
#2649 = SURFACE_STYLE_FILL_AREA ( #3457 ) ;
#2650 = DIRECTION ( 'NONE',  ( 0.0000000000000000000, -1.000000000000000000, 0.0000000000000000000 ) ) ;
#2651 = ORIENTED_EDGE ( 'NONE', *, *, #452, .F. ) ;
#2652 =( GEOMETRIC_REPRESENTATION_CONTEXT ( 3 ) GLOBAL_UNCERTAINTY_ASSIGNED_CONTEXT ( ( #3000 ) ) GLOBAL_UNIT_ASSIGNED_CONTEXT ( ( #1773, #4662, #1085 ) ) REPRESENTATION_CONTEXT ( 'NONE', 'WORKASPACE' ) );
#2653 = ORIENTED_EDGE ( 'NONE', *, *, #1403, .F. ) ;
#2654 = CARTESIAN_POINT ( 'NONE',  ( 3.177420614523705400, 1.687680000000000100, -2.306340000000000100 ) ) ;
#2655 = FACE_OUTER_BOUND ( 'NONE', #376, .T. ) ;
#2656 = DIRECTION ( 'NONE',  ( -0.8843386665637592600, 0.0000000000000000000, -0.4668459304955247000 ) ) ;
#2657 = DIRECTION ( 'NONE',  ( 0.0000000000000000000, 0.0000000000000000000, -1.000000000000000000 ) ) ;
#2658 = MECHANICAL_DESIGN_GEOMETRIC_PRESENTATION_REPRESENTATION (  '', ( #3561 ), #3231 ) ;
#2659 = EDGE_LOOP ( 'NONE', ( #4225, #535, #4385 ) ) ;
#2660 = VERTEX_POINT ( 'NONE', #774 ) ;
#2661 = DIRECTION ( 'NONE',  ( 0.0000000000000000000, 0.0000000000000000000, 1.000000000000000000 ) ) ;
#2662 = CARTESIAN_POINT ( 'NONE',  ( 2.777758531761730200, 1.692680000000000000, -2.495755860006286600 ) ) ;
#2663 = EDGE_LOOP ( 'NONE', ( #810, #500, #1261, #2814 ) ) ;
#2664 = ORIENTED_EDGE ( 'NONE', *, *, #1032, .F. ) ;
#2665 =( GEOMETRIC_REPRESENTATION_CONTEXT ( 3 ) GLOBAL_UNCERTAINTY_ASSIGNED_CONTEXT ( ( #1641 ) ) GLOBAL_UNIT_ASSIGNED_CONTEXT ( ( #729, #4376, #1470 ) ) REPRESENTATION_CONTEXT ( 'NONE', 'WORKASPACE' ) );
#2666 = DIRECTION ( 'NONE',  ( -0.2762033010252067400, 0.0000000000000000000, 0.9610992334315843200 ) ) ;
#2667 = EDGE_CURVE ( 'NONE', #1339, #2332, #2178, .T. ) ;
#2668 = EDGE_LOOP ( 'NONE', ( #1586, #1497, #493, #2740 ) ) ;
#2669 = CARTESIAN_POINT ( 'NONE',  ( 3.085542842605907100, 1.692680000000000000, -2.738018101797654100 ) ) ;
#2670 = SURFACE_STYLE_FILL_AREA ( #2520 ) ;
#2671 = CARTESIAN_POINT ( 'NONE',  ( 3.288313749777273200, 1.692680000000000000, -2.692502380243609200 ) ) ;
#2672 = VERTEX_POINT ( 'NONE', #33 ) ;
#2673 = CARTESIAN_POINT ( 'NONE',  ( 5.262320000000001700, 0.1123200000000000000, -5.287679999999999900 ) ) ;
#2674 = ORIENTED_EDGE ( 'NONE', *, *, #603, .T. ) ;
#2675 = UNCERTAINTY_MEASURE_WITH_UNIT (LENGTH_MEASURE( 1.000000000000000100E-005 ), #249, 'distance_accuracy_value', 'NONE');
#2676 = VECTOR ( 'NONE', #111, 1000.000000000000200 ) ;
#2677 = VECTOR ( 'NONE', #1316, 1000.000000000000000 ) ;
#2678 = DIRECTION ( 'NONE',  ( 0.9280290862136735300, 0.0000000000000000000, -0.3725077383644724300 ) ) ;
#2679 = FACE_OUTER_BOUND ( 'NONE', #35, .T. ) ;
#2680 = ORIENTED_EDGE ( 'NONE', *, *, #3448, .F. ) ;
#2681 = DIRECTION ( 'NONE',  ( -0.0000000000000000000, -0.0000000000000000000, -1.000000000000000000 ) ) ;
#2682 = DIRECTION ( 'NONE',  ( 0.0000000000000000000, -1.000000000000000000, 0.0000000000000000000 ) ) ;
#2683 = FACE_OUTER_BOUND ( 'NONE', #2855, .T. ) ;
#2684 = MECHANICAL_DESIGN_GEOMETRIC_PRESENTATION_REPRESENTATION (  '', ( #2442 ), #2925 ) ;
#2685 = DIRECTION ( 'NONE',  ( -1.000000000000000000, 0.0000000000000000000, 0.0000000000000000000 ) ) ;
#2686 = ADVANCED_FACE ( 'NONE', ( #902 ), #2410, .T. ) ;
#2687 = DIRECTION ( 'NONE',  ( 0.0000000000000000000, -1.000000000000000000, 0.0000000000000000000 ) ) ;
#2688 = VECTOR ( 'NONE', #3042, 1000.000000000000000 ) ;
#2689 = EDGE_CURVE ( 'NONE', #4135, #2890, #4347, .T. ) ;
#2690 = DIRECTION ( 'NONE',  ( -7.360257803776686400E-015, 0.0000000000000000000, 1.000000000000000000 ) ) ;
#2691 = ADVANCED_FACE ( 'NONE', ( #1471 ), #3688, .F. ) ;
#2692 = CARTESIAN_POINT ( 'NONE',  ( 3.339067907317992300, 1.692680000000000000, -2.306340000000000100 ) ) ;
#2693 = PRESENTATION_LAYER_ASSIGNMENT (  '', '', ( #2258 ) ) ;
#2694 = CARTESIAN_POINT ( 'NONE',  ( 3.287116692994519300, 1.692680000000000000, -2.306340000000000100 ) ) ;
#2695 = DIRECTION ( 'NONE',  ( -1.000000000000000000, 0.0000000000000000000, 0.0000000000000000000 ) ) ;
#2696 = CYLINDRICAL_SURFACE ( 'NONE', #3836, 0.1123200000000000000 ) ;
#2697 = FILL_AREA_STYLE_COLOUR ( '', #2491 ) ;
#2698 =( NAMED_UNIT ( * ) SI_UNIT ( $, .STERADIAN. ) SOLID_ANGLE_UNIT ( ) );
#2699 = FILL_AREA_STYLE ('',( #2006 ) ) ;
#2700 = EDGE_CURVE ( 'NONE', #2731, #2392, #4403, .T. ) ;
#2701 = SURFACE_STYLE_FILL_AREA ( #523 ) ;
#2702 = DIRECTION ( 'NONE',  ( -0.2763173343569956800, 0.0000000000000000000, 0.9610664548998910700 ) ) ;
#2703 = ADVANCED_FACE ( 'NONE', ( #2870 ), #3671, .F. ) ;
#2704 = FILL_AREA_STYLE_COLOUR ( '', #3521 ) ;
#2705 = DIRECTION ( 'NONE',  ( 0.0000000000000000000, 1.000000000000000000, 0.0000000000000000000 ) ) ;
#2706 = EDGE_CURVE ( 'NONE', #1105, #279, #4057, .T. ) ;
#2707 = CARTESIAN_POINT ( 'NONE',  ( 2.415520223519360700, 1.692680000000000000, -2.306340000000000100 ) ) ;
#2708 = SURFACE_SIDE_STYLE ('',( #2986 ) ) ;
#2709 = SURFACE_STYLE_FILL_AREA ( #3852 ) ;
#2710 = CARTESIAN_POINT ( 'NONE',  ( 5.262320000000001700, 1.800000000000000000, -0.1123199999999999900 ) ) ;
#2711 = AXIS2_PLACEMENT_3D ( 'NONE', #1045, #2874, #422 ) ;
#2712 = ORIENTED_EDGE ( 'NONE', *, *, #3281, .T. ) ;
#2713 = CARTESIAN_POINT ( 'NONE',  ( 6.100000000000000500, 0.1123200000000000000, 0.0000000000000000000 ) ) ;
#2714 = DIRECTION ( 'NONE',  ( -7.722237695765704100E-015, 1.000000000000000000, 0.0000000000000000000 ) ) ;
#2715 = AXIS2_PLACEMENT_3D ( 'NONE', #2673, #4509, #2695 ) ;
#2716 = SURFACE_STYLE_USAGE ( .BOTH. , #3458 ) ;
#2717 = CARTESIAN_POINT ( 'NONE',  ( 5.149997222547607800, 0.2128991596773441000, -5.287218356280758900 ) ) ;
#2718 = ORIENTED_EDGE ( 'NONE', *, *, #1563, .F. ) ;
#2719 = COLOUR_RGB ( '',0.7686274509803920900, 0.7686274509803920900, 0.7686274509803920900 ) ;
#2720 = AXIS2_PLACEMENT_3D ( 'NONE', #1615, #3088, #1943 ) ;
#2721 = CARTESIAN_POINT ( 'NONE',  ( 5.262320000000001700, 0.1123200000000000000, 0.0000000000000000000 ) ) ;
#2722 = ORIENTED_EDGE ( 'NONE', *, *, #2447, .F. ) ;
#2723 = CARTESIAN_POINT ( 'NONE',  ( 3.515943547474217600, 1.692680000000000000, -2.495755860005379700 ) ) ;
#2724 = ORIENTED_EDGE ( 'NONE', *, *, #286, .F. ) ;
#2725 =( LENGTH_UNIT ( ) NAMED_UNIT ( * ) SI_UNIT ( .MILLI., .METRE. ) );
#2726 = CARTESIAN_POINT ( 'NONE',  ( 2.801232395251704900, 1.692680000000000000, -2.388467020723880300 ) ) ;
#2727 = LINE ( 'NONE', #4168, #4431 ) ;
#2728 = AXIS2_PLACEMENT_3D ( 'NONE', #2283, #3800, #866 ) ;
#2729 = CARTESIAN_POINT ( 'NONE',  ( 0.9499999999999968500, 0.1123200000000000000, 0.0000000000000000000 ) ) ;
#2730 = ADVANCED_FACE ( 'NONE', ( #2176 ), #4030, .F. ) ;
#2731 = VERTEX_POINT ( 'NONE', #90 ) ;
#2732 =( LENGTH_UNIT ( ) NAMED_UNIT ( * ) SI_UNIT ( .MILLI., .METRE. ) );
#2733 = DIRECTION ( 'NONE',  ( -1.930559423941440600E-015, -1.000000000000000000, -0.0000000000000000000 ) ) ;
#2734 = PRESENTATION_STYLE_ASSIGNMENT (( #3624 ) ) ;
#2735 = SURFACE_SIDE_STYLE ('',( #2649 ) ) ;
#2736 = CARTESIAN_POINT ( 'NONE',  ( 0.1123199999999999500, 0.0000000000000000000, -5.287679999999999900 ) ) ;
#2737 = ORIENTED_EDGE ( 'NONE', *, *, #809, .T. ) ;
#2738 = CARTESIAN_POINT ( 'NONE',  ( 5.150671414421468700, 0.1736073159615780200, -5.275417221427714400 ) ) ;
#2739 = EDGE_LOOP ( 'NONE', ( #2458, #1404, #1348, #1553 ) ) ;
#2740 = ORIENTED_EDGE ( 'NONE', *, *, #3993, .T. ) ;
#2741 = EDGE_CURVE ( 'NONE', #4228, #382, #738, .T. ) ;
#2742 = CYLINDRICAL_SURFACE ( 'NONE', #486, 0.1123199999999999500 ) ;
#2743 = ORIENTED_EDGE ( 'NONE', *, *, #3568, .F. ) ;
#2744 = UNCERTAINTY_MEASURE_WITH_UNIT (LENGTH_MEASURE( 1.000000000000000100E-005 ), #3469, 'distance_accuracy_value', 'NONE');
#2745 = VERTEX_POINT ( 'NONE', #2596 ) ;
#2746 = FILL_AREA_STYLE ('',( #1636 ) ) ;
#2747 = AXIS2_PLACEMENT_3D ( 'NONE', #4237, #4592, #3512 ) ;
#2748 = LINE ( 'NONE', #4598, #4388 ) ;
#2749 = CARTESIAN_POINT ( 'NONE',  ( 0.9483459177687912900, 1.665462624527664900, -0.1345373754723358000 ) ) ;
#2750 = FILL_AREA_STYLE_COLOUR ( '', #1873 ) ;
#2751 = EDGE_CURVE ( 'NONE', #4614, #1339, #4451, .T. ) ;
#2752 = VECTOR ( 'NONE', #2022, 1000.000000000000000 ) ;
#2753 = DIRECTION ( 'NONE',  ( 1.000000000000000000, 0.0000000000000000000, 0.0000000000000000000 ) ) ;
#2754 = DIRECTION ( 'NONE',  ( -0.9999999968487352000, 0.0000000000000000000, -7.938847109670269700E-005 ) ) ;
#2755 = DIRECTION ( 'NONE',  ( -1.930559423941426400E-015, -1.000000000000000000, 0.0000000000000000000 ) ) ;
#2756 =( NAMED_UNIT ( * ) PLANE_ANGLE_UNIT ( ) SI_UNIT ( $, .RADIAN. ) );
#2757 = CARTESIAN_POINT ( 'NONE',  ( 5.151258765606987900, 0.1631224660761815500, -5.270069581109935600 ) ) ;
#2758 = PRESENTATION_STYLE_ASSIGNMENT (( #2255 ) ) ;
#2759 = MECHANICAL_DESIGN_GEOMETRIC_PRESENTATION_REPRESENTATION (  '', ( #2989 ), #2589 ) ;
#2760 = ADVANCED_FACE ( 'NONE', ( #343 ), #3966, .T. ) ;
#2761 = SURFACE_SIDE_STYLE ('',( #2817 ) ) ;
#2762 = EDGE_CURVE ( 'NONE', #4139, #4156, #2346, .T. ) ;
#2763 = CARTESIAN_POINT ( 'NONE',  ( 2.801232395251704900, 1.687680000000000100, -2.388467020723880300 ) ) ;
#2764 = CYLINDRICAL_SURFACE ( 'NONE', #3032, 0.1123200000000000000 ) ;
#2765 = CARTESIAN_POINT ( 'NONE',  ( 2.146202774573641400, 1.687680000000000100, -2.553933869701296500 ) ) ;
#2766 = SURFACE_STYLE_USAGE ( .BOTH. , #3153 ) ;
#2767 = MECHANICAL_DESIGN_GEOMETRIC_PRESENTATION_REPRESENTATION (  '', ( #26 ), #113 ) ;
#2768 = SURFACE_STYLE_FILL_AREA ( #153 ) ;
#2769 = SURFACE_SIDE_STYLE ('',( #4448 ) ) ;
#2770 =( NAMED_UNIT ( * ) SI_UNIT ( $, .STERADIAN. ) SOLID_ANGLE_UNIT ( ) );
#2771 = EDGE_CURVE ( 'NONE', #2389, #425, #4175, .T. ) ;
#2772 = UNCERTAINTY_MEASURE_WITH_UNIT (LENGTH_MEASURE( 1.000000000000000100E-005 ), #1269, 'distance_accuracy_value', 'NONE');
#2773 = LINE ( 'NONE', #1558, #1815 ) ;
#2774 = EDGE_CURVE ( 'NONE', #754, #138, #2975, .T. ) ;
#2775 = CARTESIAN_POINT ( 'NONE',  ( 5.154925775900062800, 1.654782233662872600, -5.254782233662873600 ) ) ;
#2776 = ORIENTED_EDGE ( 'NONE', *, *, #3750, .T. ) ;
#2777 = CARTESIAN_POINT ( 'NONE',  ( 0.9500000000000004000, 1.575360000000000100, -5.175359999999999500 ) ) ;
#2778 = COLOUR_RGB ( '',0.7686274509803920900, 0.7686274509803920900, 0.7686274509803920900 ) ;
#2779 = EDGE_LOOP ( 'NONE', ( #2504, #1925, #2724, #2674 ) ) ;
#2780 = LINE ( 'NONE', #3106, #426 ) ;
#2781 = CARTESIAN_POINT ( 'NONE',  ( 6.100000000000000500, 1.687680000000000100, -0.1123199999999999900 ) ) ;
#2782 = DIRECTION ( 'NONE',  ( 0.0000000000000000000, -1.000000000000000000, 0.0000000000000000000 ) ) ;
#2783 = DIRECTION ( 'NONE',  ( 0.0000000000000000000, 0.0000000000000000000, -1.000000000000000000 ) ) ;
#2784 = EDGE_LOOP ( 'NONE', ( #861, #377, #1217, #2850 ) ) ;
#2785 = FACE_OUTER_BOUND ( 'NONE', #4502, .T. ) ;
#2786 =( LENGTH_UNIT ( ) NAMED_UNIT ( * ) SI_UNIT ( .MILLI., .METRE. ) );
#2787 = ORIENTED_EDGE ( 'NONE', *, *, #2771, .T. ) ;
#2788 = ORIENTED_EDGE ( 'NONE', *, *, #3210, .T. ) ;
#2789 = COLOUR_RGB ( '',0.7686274509803920900, 0.7686274509803920900, 0.7686274509803920900 ) ;
#2790 = EDGE_CURVE ( 'NONE', #3086, #2552, #1080, .T. ) ;
#2791 = ORIENTED_EDGE ( 'NONE', *, *, #3641, .F. ) ;
#2792 = DIRECTION ( 'NONE',  ( 0.2763139702539146300, 0.0000000000000000000, -0.9610674221107063900 ) ) ;
#2793 = ORIENTED_EDGE ( 'NONE', *, *, #1635, .T. ) ;
#2794 = AXIS2_PLACEMENT_3D ( 'NONE', #3785, #4131, #4501 ) ;
#2795 = PRESENTATION_STYLE_ASSIGNMENT (( #2576 ) ) ;
#2796 = CARTESIAN_POINT ( 'NONE',  ( 5.150172311762160500, 1.612216508249768400, -5.281460802068761700 ) ) ;
#2797 = ORIENTED_EDGE ( 'NONE', *, *, #2985, .T. ) ;
#2798 = MECHANICAL_DESIGN_GEOMETRIC_PRESENTATION_REPRESENTATION (  '', ( #1253 ), #1501 ) ;
#2799 = SURFACE_STYLE_USAGE ( .BOTH. , #288 ) ;
#2800 = LINE ( 'NONE', #3108, #1549 ) ;
#2801 = ADVANCED_FACE ( 'NONE', ( #4297 ), #858, .F. ) ;
#2802 =( NAMED_UNIT ( * ) PLANE_ANGLE_UNIT ( ) SI_UNIT ( $, .RADIAN. ) );
#2803 = LINE ( 'NONE', #1017, #1843 ) ;
#2804 = EDGE_CURVE ( 'NONE', #187, #1105, #962, .T. ) ;
#2805 = ORIENTED_EDGE ( 'NONE', *, *, #3539, .F. ) ;
#2806 = CARTESIAN_POINT ( 'NONE',  ( 2.270203156228399500, 1.692680000000000000, -2.540729493345370100 ) ) ;
#2807 = CARTESIAN_POINT ( 'NONE',  ( 6.100000000000000500, 0.0000000000000000000, 0.0000000000000000000 ) ) ;
#2808 = CARTESIAN_POINT ( 'NONE',  ( 2.076056822177556600, 1.687680000000000100, -2.738018101797654100 ) ) ;
#2809 = SURFACE_STYLE_USAGE ( .BOTH. , #308 ) ;
#2810 = ORIENTED_EDGE ( 'NONE', *, *, #3274, .T. ) ;
#2811 = VECTOR ( 'NONE', #3193, 1000.000000000000000 ) ;
#2812 = VECTOR ( 'NONE', #4302, 1000.000000000000000 ) ;
#2813 = LINE ( 'NONE', #2224, #3551 ) ;
#2814 = ORIENTED_EDGE ( 'NONE', *, *, #240, .F. ) ;
#2815 = EDGE_CURVE ( 'NONE', #706, #93, #1180, .T. ) ;
#2816 = DIRECTION ( 'NONE',  ( -0.9601763114346026900, 0.0000000000000000000, -0.2793947940814949200 ) ) ;
#2817 = SURFACE_STYLE_FILL_AREA ( #1388 ) ;
#2818 = DIRECTION ( 'NONE',  ( 9.652797119707130600E-015, 0.0000000000000000000, -1.000000000000000000 ) ) ;
#2819 = VECTOR ( 'NONE', #928, 1000.000000000000000 ) ;
#2820 = CARTESIAN_POINT ( 'NONE',  ( 3.665213378139388300, 1.687680000000000100, -2.306340000000000100 ) ) ;
#2821 = CARTESIAN_POINT ( 'NONE',  ( 6.100000000000000500, 1.687680000000000100, -0.1123199999999999900 ) ) ;
#2822 = DIRECTION ( 'NONE',  ( 0.0000000000000000000, 0.0000000000000000000, -1.000000000000000000 ) ) ;
#2823 = FILL_AREA_STYLE_COLOUR ( '', #4588 ) ;
#2824 = SURFACE_STYLE_USAGE ( .BOTH. , #4593 ) ;
#2825 = DIRECTION ( 'NONE',  ( 1.000000000000000000, 0.0000000000000000000, 0.0000000000000000000 ) ) ;
#2826 = FACE_OUTER_BOUND ( 'NONE', #1266, .T. ) ;
#2827 = LINE ( 'NONE', #2669, #1477 ) ;
#2828 = CARTESIAN_POINT ( 'NONE',  ( 0.9460158448510943600, 0.1421438606851707400, -0.1482916719885590000 ) ) ;
#2829 = AXIS2_PLACEMENT_3D ( 'NONE', #2987, #3650, #4065 ) ;
#2830 = DIRECTION ( 'NONE',  ( -1.000000000000000000, -0.0000000000000000000, 0.0000000000000000000 ) ) ;
#2831 = CARTESIAN_POINT ( 'NONE',  ( 5.151654082231210900, 0.1345373754723354100, -0.1345373754723362400 ) ) ;
#2832 = VECTOR ( 'NONE', #2013, 1000.000000000000000 ) ;
#2833 = PLANE ( 'NONE',  #2847 ) ;
#2834 = CARTESIAN_POINT ( 'NONE',  ( 0.9500000000000004000, 1.575360000000000100, -5.287679999999999000 ) ) ;
#2836 = EDGE_CURVE ( 'NONE', #2212, #4101, #3963, .T. ) ;
#2835 = ORIENTED_EDGE ( 'NONE', *, *, #3033, .F. ) ;
#2837 = CARTESIAN_POINT ( 'NONE',  ( 5.150000000000003000, 0.1234902608961262100, -5.276509739103874900 ) ) ;
#2838 = STYLED_ITEM ( 'NONE', ( #3427 ), #4010 ) ;
#2839 = LINE ( 'NONE', #115, #4362 ) ;
#2840 = EDGE_LOOP ( 'NONE', ( #1541, #3294, #4086, #4320 ) ) ;
#2841 = LINE ( 'NONE', #580, #3123 ) ;
#2842 =( LENGTH_UNIT ( ) NAMED_UNIT ( * ) SI_UNIT ( .MILLI., .METRE. ) );
#2843 = ORIENTED_EDGE ( 'NONE', *, *, #734, .F. ) ;
#2844 = ORIENTED_EDGE ( 'NONE', *, *, #2605, .F. ) ;
#2845 = CARTESIAN_POINT ( 'NONE',  ( 3.515943547474217600, 1.687680000000000100, -2.495755860005379700 ) ) ;
#2846 = CYLINDRICAL_SURFACE ( 'NONE', #2829, 0.1123199999999999500 ) ;
#2847 = AXIS2_PLACEMENT_3D ( 'NONE', #4006, #3236, #3974 ) ;
#2848 = CARTESIAN_POINT ( 'NONE',  ( 0.8376800000000009800, 1.687680000000000100, -5.400000000000000400 ) ) ;
#2849 = CARTESIAN_POINT ( 'NONE',  ( 5.150000000000002100, 0.1123199999999999500, -5.287679999999999000 ) ) ;
#2850 = ORIENTED_EDGE ( 'NONE', *, *, #2193, .T. ) ;
#2851 = FACE_OUTER_BOUND ( 'NONE', #2668, .T. ) ;
#2852 = EDGE_CURVE ( 'NONE', #4338, #1408, #1076, .T. ) ;
#2853 = LINE ( 'NONE', #164, #545 ) ;
#2854 = DIRECTION ( 'NONE',  ( -1.930559423941426400E-015, -1.000000000000000000, 0.0000000000000000000 ) ) ;
#2855 = EDGE_LOOP ( 'NONE', ( #3866, #1994, #1221, #615 ) ) ;
#2856 = DIRECTION ( 'NONE',  ( 0.0000000000000000000, 1.000000000000000000, 0.0000000000000000000 ) ) ;
#2857 = STYLED_ITEM ( 'NONE', ( #460 ), #2296 ) ;
#2858 = EDGE_LOOP ( 'NONE', ( #3997, #3599, #954 ) ) ;
#2859 = VERTEX_POINT ( 'NONE', #2710 ) ;
#2860 = VERTEX_POINT ( 'NONE', #1250 ) ;
#2861 = VERTEX_POINT ( 'NONE', #173 ) ;
#2862 = LINE ( 'NONE', #3130, #4229 ) ;
#2863 = EDGE_CURVE ( 'NONE', #2109, #3742, #1681, .T. ) ;
#2864 = SURFACE_STYLE_USAGE ( .BOTH. , #3908 ) ;
#2865 = SURFACE_STYLE_USAGE ( .BOTH. , #1841 ) ;
#2866 = UNCERTAINTY_MEASURE_WITH_UNIT (LENGTH_MEASURE( 1.000000000000000100E-005 ), #1567, 'distance_accuracy_value', 'NONE');
#2867 = FACE_OUTER_BOUND ( 'NONE', #2453, .T. ) ;
#2868 = SURFACE_STYLE_USAGE ( .BOTH. , #1054 ) ;
#2869 = ADVANCED_FACE ( 'NONE', ( #2867 ), #958, .T. ) ;
#2870 = FACE_OUTER_BOUND ( 'NONE', #3529, .T. ) ;
#2871 = AXIS2_PLACEMENT_3D ( 'NONE', #3690, #1538, #3320 ) ;
#2872 = LINE ( 'NONE', #1798, #3441 ) ;
#2873 = DIRECTION ( 'NONE',  ( 0.2760118818968593200, 0.0000000000000000000, -0.9611542233438680200 ) ) ;
#2874 = DIRECTION ( 'NONE',  ( 0.0000000000000000000, 1.000000000000000000, 0.0000000000000000000 ) ) ;
#2875 = AXIS2_PLACEMENT_3D ( 'NONE', #222, #3811, #3132 ) ;
#2876 = CARTESIAN_POINT ( 'NONE',  ( 5.262320000000001700, 0.1123200000000000000, -0.1123199999999999900 ) ) ;
#2877 = CARTESIAN_POINT ( 'NONE',  ( 0.9496007598724711700, 0.1760033854232489200, -5.277368716263961100 ) ) ;
#2878 = DIRECTION ( 'NONE',  ( 1.000000000000000000, -1.930559423941426000E-015, 0.0000000000000000000 ) ) ;
#2879 = LINE ( 'NONE', #4133, #1697 ) ;
#2880 = AXIS2_PLACEMENT_3D ( 'NONE', #2923, #3649, #1829 ) ;
#2881 = PRESENTATION_LAYER_ASSIGNMENT (  '', '', ( #931 ) ) ;
#2882 = CARTESIAN_POINT ( 'NONE',  ( 3.177420614523705400, 1.692680000000000000, -2.306340000000000100 ) ) ;
#2883 = DIRECTION ( 'NONE',  ( 0.2732148821746424600, 0.0000000000000000000, -0.9619530280415443700 ) ) ;
#2884 = UNCERTAINTY_MEASURE_WITH_UNIT (LENGTH_MEASURE( 1.000000000000000100E-005 ), #3284, 'distance_accuracy_value', 'NONE');
#2885 = ORIENTED_EDGE ( 'NONE', *, *, #1550, .T. ) ;
#2886 = CARTESIAN_POINT ( 'NONE',  ( 5.149997222547607800, 1.687218356280760100, -5.187100840322658600 ) ) ;
#2887 = PRESENTATION_STYLE_ASSIGNMENT (( #3772 ) ) ;
#2888 = FILL_AREA_STYLE ('',( #1800 ) ) ;
#2889 = EDGE_CURVE ( 'NONE', #946, #1762, #788, .T. ) ;
#2890 = VERTEX_POINT ( 'NONE', #4487 ) ;
#2891 = ORIENTED_EDGE ( 'NONE', *, *, #2234, .T. ) ;
#2892 =( NAMED_UNIT ( * ) SI_UNIT ( $, .STERADIAN. ) SOLID_ANGLE_UNIT ( ) );
#2893 = MECHANICAL_DESIGN_GEOMETRIC_PRESENTATION_REPRESENTATION (  '', ( #3318 ), #1784 ) ;
#2894 = ORIENTED_EDGE ( 'NONE', *, *, #2465, .T. ) ;
#2895 = FACE_OUTER_BOUND ( 'NONE', #2840, .T. ) ;
#2896 = ORIENTED_EDGE ( 'NONE', *, *, #1821, .T. ) ;
#2897 = ORIENTED_EDGE ( 'NONE', *, *, #2334, .T. ) ;
#2898 = VECTOR ( 'NONE', #2648, 1000.000000000000000 ) ;
#2899 = ORIENTED_EDGE ( 'NONE', *, *, #2889, .T. ) ;
#2900 = FILL_AREA_STYLE ('',( #744 ) ) ;
#2901 = CARTESIAN_POINT ( 'NONE',  ( 5.154925775900062800, 1.654782233662872600, -5.254782233662873600 ) ) ;
#2902 = CARTESIAN_POINT ( 'NONE',  ( 0.9500000000000000700, 1.687680000000000100, -5.175359999999999500 ) ) ;
#2903 = STYLED_ITEM ( 'NONE', ( #162 ), #3143 ) ;
#2904 = CARTESIAN_POINT ( 'NONE',  ( 0.9493285855785303900, 0.1245827785722852700, -5.226392684038420300 ) ) ;
#2905 = LINE ( 'NONE', #1667, #2446 ) ;
#2906 = DIRECTION ( 'NONE',  ( -1.930559423941426400E-015, -1.000000000000000000, 0.0000000000000000000 ) ) ;
#2907 = SURFACE_STYLE_FILL_AREA ( #1358 ) ;
#2908 = ORIENTED_EDGE ( 'NONE', *, *, #1886, .T. ) ;
#2909 = SURFACE_STYLE_USAGE ( .BOTH. , #3226 ) ;
#2910 = MECHANICAL_DESIGN_GEOMETRIC_PRESENTATION_REPRESENTATION (  '', ( #2419 ), #801 ) ;
#2911 = ORIENTED_EDGE ( 'NONE', *, *, #3104, .F. ) ;
#2912 = VECTOR ( 'NONE', #3327, 1000.000000000000200 ) ;
#2913 = ORIENTED_EDGE ( 'NONE', *, *, #1174, .F. ) ;
#2914 = UNCERTAINTY_MEASURE_WITH_UNIT (LENGTH_MEASURE( 1.000000000000000100E-005 ), #474, 'distance_accuracy_value', 'NONE');
#2915 = MECHANICAL_DESIGN_GEOMETRIC_PRESENTATION_REPRESENTATION (  '', ( #421 ), #4064 ) ;
#2916 = EDGE_CURVE ( 'NONE', #3948, #1099, #1020, .T. ) ;
#2917 = LINE ( 'NONE', #4262, #1957 ) ;
#2918 = CARTESIAN_POINT ( 'NONE',  ( 5.150000000000002100, 0.0000000000000000000, -5.287679999999999000 ) ) ;
#2919 = CARTESIAN_POINT ( 'NONE',  ( 0.9473702207239163000, 0.1550405786893569400, -5.263517262623243400 ) ) ;
#2920 = DIRECTION ( 'NONE',  ( 0.0000000000000000000, -1.000000000000000000, 0.0000000000000000000 ) ) ;
#2921 = AXIS2_PLACEMENT_3D ( 'NONE', #1649, #1992, #1331 ) ;
#2922 = LINE ( 'NONE', #1131, #1691 ) ;
#2923 = CARTESIAN_POINT ( 'NONE',  ( 0.1123199999999999500, 0.1123200000000000000, -5.287679999999999900 ) ) ;
#2924 = LINE ( 'NONE', #3186, #2231 ) ;
#2925 =( GEOMETRIC_REPRESENTATION_CONTEXT ( 3 ) GLOBAL_UNCERTAINTY_ASSIGNED_CONTEXT ( ( #2744 ) ) GLOBAL_UNIT_ASSIGNED_CONTEXT ( ( #3469, #4233, #3166 ) ) REPRESENTATION_CONTEXT ( 'NONE', 'WORKASPACE' ) );
#2926 = CARTESIAN_POINT ( 'NONE',  ( 0.1123199999999999500, 0.0000000000000000000, -5.287679999999999900 ) ) ;
#2927 = FACE_OUTER_BOUND ( 'NONE', #4218, .T. ) ;
#2928 = CARTESIAN_POINT ( 'NONE',  ( 3.723963664979314200, 1.692680000000000000, -2.575543894777979000 ) ) ;
#2929 = CARTESIAN_POINT ( 'NONE',  ( 0.9499999999999968500, 0.1123200000000000000, 0.0000000000000000000 ) ) ;
#2930 = EDGE_CURVE ( 'NONE', #1093, #4366, #2971, .T. ) ;
#2931 = AXIS2_PLACEMENT_3D ( 'NONE', #3727, #3071, #1999 ) ;
#2932 = ORIENTED_EDGE ( 'NONE', *, *, #1650, .T. ) ;
#2933 = AXIS2_PLACEMENT_3D ( 'NONE', #2408, #4628, #1728 ) ;
#2934 = CARTESIAN_POINT ( 'NONE',  ( 0.8376800000000002000, 1.687680000000000100, -5.287679999999999900 ) ) ;
#2935 = VECTOR ( 'NONE', #2531, 1000.000000000000000 ) ;
#2936 = ADVANCED_FACE ( 'NONE', ( #225 ), #2355, .F. ) ;
#2937 = B_SPLINE_CURVE_WITH_KNOTS ( 'NONE', 3,
 ( #680, #3935, #2459, #3917, #334, #1453, #1808, #3200, #14, #3234 ),
 .UNSPECIFIED., .F., .F.,
 ( 4, 3, 3, 4 ),
 ( 0.0000000000000000000, 3.535348412143873700E-005, 7.052049924266677500E-005, 8.790586026857410200E-005 ),
 .UNSPECIFIED. ) ;
#2939 = EDGE_CURVE ( 'NONE', #2162, #92, #1294, .T. ) ;
#2938 = LINE ( 'NONE', #4589, #191 ) ;
#2940 = LINE ( 'NONE', #1892, #2378 ) ;
#2941 = ORIENTED_EDGE ( 'NONE', *, *, #4572, .F. ) ;
#2942 = CARTESIAN_POINT ( 'NONE',  ( 5.152431037062775100, 1.646638199231571700, -0.1370737319058243400 ) ) ;
#2943 = DIRECTION ( 'NONE',  ( 1.000000000000000000, 0.0000000000000000000, 0.0000000000000000000 ) ) ;
#2944 = CARTESIAN_POINT ( 'NONE',  ( 3.339067907317992300, 1.687680000000000100, -2.306340000000000100 ) ) ;
#2945 = SURFACE_SIDE_STYLE ('',( #2578 ) ) ;
#2946 = EDGE_CURVE ( 'NONE', #138, #2109, #3769, .T. ) ;
#2947 = ORIENTED_EDGE ( 'NONE', *, *, #1965, .F. ) ;
#2948 = VERTEX_POINT ( 'NONE', #2009 ) ;
#2949 = CYLINDRICAL_SURFACE ( 'NONE', #3055, 0.1123200000000000000 ) ;
#2950 = DIRECTION ( 'NONE',  ( -0.9999960426590096500, 0.0000000000000000000, -0.002813301676023789300 ) ) ;
#2951 = SURFACE_SIDE_STYLE ('',( #1318 ) ) ;
#2952 = ORIENTED_EDGE ( 'NONE', *, *, #2128, .T. ) ;
#2953 = AXIS2_PLACEMENT_3D ( 'NONE', #4132, #3609, #3314 ) ;
#2954 = ORIENTED_EDGE ( 'NONE', *, *, #304, .T. ) ;
#2955 = SURFACE_SIDE_STYLE ('',( #2206 ) ) ;
#2956 = VECTOR ( 'NONE', #4203, 1000.000000000000000 ) ;
#2957 = CYLINDRICAL_SURFACE ( 'NONE', #3676, 0.1123199999999999500 ) ;
#2958 = AXIS2_PLACEMENT_3D ( 'NONE', #3794, #557, #4457 ) ;
#2959 = ORIENTED_EDGE ( 'NONE', *, *, #353, .F. ) ;
#2960 = EDGE_LOOP ( 'NONE', ( #936, #2207, #1043, #4051, #2737, #2625, #1491, #2010 ) ) ;
#2961 = ORIENTED_EDGE ( 'NONE', *, *, #1635, .F. ) ;
#2962 = PRESENTATION_STYLE_ASSIGNMENT (( #3064 ) ) ;
#2963 = DIRECTION ( 'NONE',  ( 1.000000000000000000, 0.0000000000000000000, 0.0000000000000000000 ) ) ;
#2964 = EDGE_LOOP ( 'NONE', ( #3491, #2997, #1595, #3540 ) ) ;
#2965 = CARTESIAN_POINT ( 'NONE',  ( 3.665213378139388300, 1.692680000000000000, -2.306340000000000100 ) ) ;
#2966 = DIRECTION ( 'NONE',  ( -0.2764273280489743000, 0.0000000000000000000, 0.9610348236706641700 ) ) ;
#2967 = ORIENTED_EDGE ( 'NONE', *, *, #940, .F. ) ;
#2968 = CARTESIAN_POINT ( 'NONE',  ( 3.562074860728799800, 1.692680000000000000, -2.655835953459083000 ) ) ;
#2969 = MECHANICAL_DESIGN_GEOMETRIC_PRESENTATION_REPRESENTATION (  '', ( #2007 ), #2994 ) ;
#2970 = UNCERTAINTY_MEASURE_WITH_UNIT (LENGTH_MEASURE( 1.000000000000000100E-005 ), #2591, 'distance_accuracy_value', 'NONE');
#2971 = LINE ( 'NONE', #993, #570 ) ;
#2972 = DIRECTION ( 'NONE',  ( 0.0000000000000000000, -1.000000000000000000, 0.0000000000000000000 ) ) ;
#2973 = ADVANCED_FACE ( 'NONE', ( #4512 ), #3883, .F. ) ;
#2974 = CARTESIAN_POINT ( 'NONE',  ( 4.156214044269768600, 1.687680000000000100, -2.738018101797654100 ) ) ;
#2975 = LINE ( 'NONE', #135, #2021 ) ;
#2976 = EDGE_CURVE ( 'NONE', #2428, #3192, #4634, .T. ) ;
#2977 = FACE_OUTER_BOUND ( 'NONE', #3486, .T. ) ;
#2978 = DIRECTION ( 'NONE',  ( 1.000000000000000000, -0.0000000000000000000, -0.0000000000000000000 ) ) ;
#2979 = CARTESIAN_POINT ( 'NONE',  ( 0.9500000000000004000, 1.676509739103873900, -5.276509739103874000 ) ) ;
#2980 = SURFACE_SIDE_STYLE ('',( #2466 ) ) ;
#2981 = STYLED_ITEM ( 'NONE', ( #2962 ), #3789 ) ;
#2982 = CYLINDRICAL_SURFACE ( 'NONE', #204, 0.1123200000000000000 ) ;
#2983 = SURFACE_SIDE_STYLE ('',( #3083 ) ) ;
#2984 =( NAMED_UNIT ( * ) SI_UNIT ( $, .STERADIAN. ) SOLID_ANGLE_UNIT ( ) );
#2985 = EDGE_CURVE ( 'NONE', #3632, #2731, #4428, .T. ) ;
#2986 = SURFACE_STYLE_FILL_AREA ( #925 ) ;
#2987 = CARTESIAN_POINT ( 'NONE',  ( 0.8376800000000004200, 1.800000000000000300, -0.1123200000000008200 ) ) ;
#2988 = CARTESIAN_POINT ( 'NONE',  ( 5.987680000000000100, 0.1123200000000000000, -0.1123200000000000000 ) ) ;
#2989 = STYLED_ITEM ( 'NONE', ( #3498 ), #3321 ) ;
#2990 = ADVANCED_FACE ( 'NONE', ( #3903 ), #4577, .F. ) ;
#2991 = CARTESIAN_POINT ( 'NONE',  ( 2.901706411273204300, 1.692680000000000000, -2.738018101797654100 ) ) ;
#2992 = DIRECTION ( 'NONE',  ( 1.000000000000000000, -0.0000000000000000000, -0.0000000000000000000 ) ) ;
#2993 = SURFACE_SIDE_STYLE ('',( #2117 ) ) ;
#2994 =( GEOMETRIC_REPRESENTATION_CONTEXT ( 3 ) GLOBAL_UNCERTAINTY_ASSIGNED_CONTEXT ( ( #1458 ) ) GLOBAL_UNIT_ASSIGNED_CONTEXT ( ( #1335, #956, #2041 ) ) REPRESENTATION_CONTEXT ( 'NONE', 'WORKASPACE' ) );
#2995 = FACE_OUTER_BOUND ( 'NONE', #3628, .T. ) ;
#2996 = FILL_AREA_STYLE_COLOUR ( '', #1687 ) ;
#2997 = ORIENTED_EDGE ( 'NONE', *, *, #2637, .T. ) ;
#2998 =( NAMED_UNIT ( * ) PLANE_ANGLE_UNIT ( ) SI_UNIT ( $, .RADIAN. ) );
#2999 = CARTESIAN_POINT ( 'NONE',  ( 3.221896250738491800, 1.692680000000000000, -2.738018101797654100 ) ) ;
#3000 = UNCERTAINTY_MEASURE_WITH_UNIT (LENGTH_MEASURE( 1.000000000000000100E-005 ), #1773, 'distance_accuracy_value', 'NONE');
#3001 = EDGE_LOOP ( 'NONE', ( #4093, #3747, #2066, #2011 ) ) ;
#3002 = AXIS2_PLACEMENT_3D ( 'NONE', #2991, #1200, #845 ) ;
#3003 = DIRECTION ( 'NONE',  ( 0.0000000000000000000, 1.000000000000000000, -0.0000000000000000000 ) ) ;
#3004 = DIRECTION ( 'NONE',  ( 0.05375259206908433700, 0.0000000000000000000, -0.9985542843760946100 ) ) ;
#3005 = ORIENTED_EDGE ( 'NONE', *, *, #327, .T. ) ;
#3006 = CARTESIAN_POINT ( 'NONE',  ( 2.561933919047046700, 1.692680000000000000, -2.388467020723880300 ) ) ;
#3007 = EDGE_CURVE ( 'NONE', #3728, #2005, #4171, .T. ) ;
#3008 = ORIENTED_EDGE ( 'NONE', *, *, #773, .T. ) ;
#3009 = LINE ( 'NONE', #2298, #818 ) ;
#3010 = ORIENTED_EDGE ( 'NONE', *, *, #2579, .T. ) ;
#3011 = FILL_AREA_STYLE ('',( #1546 ) ) ;
#3012 = ORIENTED_EDGE ( 'NONE', *, *, #1317, .T. ) ;
#3013 = DIRECTION ( 'NONE',  ( 0.2759782365590801000, 0.0000000000000000000, -0.9611638845408936300 ) ) ;
#3014 = LINE ( 'NONE', #1597, #2056 ) ;
#3015 = CARTESIAN_POINT ( 'NONE',  ( 2.777758531761730200, 1.687680000000000100, -2.495755860006286600 ) ) ;
#3016 = EDGE_CURVE ( 'NONE', #37, #2212, #449, .T. ) ;
#3017 = EDGE_LOOP ( 'NONE', ( #981, #4153, #4607, #478 ) ) ;
#3018 = ORIENTED_EDGE ( 'NONE', *, *, #2558, .F. ) ;
#3019 = ORIENTED_EDGE ( 'NONE', *, *, #4480, .F. ) ;
#3020 = FILL_AREA_STYLE_COLOUR ( '', #1107 ) ;
#3021 = ORIENTED_EDGE ( 'NONE', *, *, #2174, .T. ) ;
#3022 = CARTESIAN_POINT ( 'NONE',  ( 2.615271199120354300, 1.687680000000000100, -2.575558332963582500 ) ) ;
#3023 = COLOUR_RGB ( '',0.7686274509803920900, 0.7686274509803920900, 0.7686274509803920900 ) ;
#3024 = CARTESIAN_POINT ( 'NONE',  ( 3.701169708740216000, 1.692680000000000000, -2.495755860005379700 ) ) ;
#3025 = ORIENTED_EDGE ( 'NONE', *, *, #6, .F. ) ;
#3026 = EDGE_CURVE ( 'NONE', #3339, #4156, #54, .T. ) ;
#3027 = CARTESIAN_POINT ( 'NONE',  ( 0.8376800000000002000, 1.687680000000000100, -5.400000000000000400 ) ) ;
#3028 = CARTESIAN_POINT ( 'NONE',  ( 2.471723465759438000, 1.692680000000000000, -2.738018101797654100 ) ) ;
#3029 =( GEOMETRIC_REPRESENTATION_CONTEXT ( 3 ) GLOBAL_UNCERTAINTY_ASSIGNED_CONTEXT ( ( #61 ) ) GLOBAL_UNIT_ASSIGNED_CONTEXT ( ( #906, #529, #498 ) ) REPRESENTATION_CONTEXT ( 'NONE', 'WORKASPACE' ) );
#3030 =( LENGTH_UNIT ( ) NAMED_UNIT ( * ) SI_UNIT ( .MILLI., .METRE. ) );
#3031 = UNCERTAINTY_MEASURE_WITH_UNIT (LENGTH_MEASURE( 1.000000000000000100E-005 ), #2343, 'distance_accuracy_value', 'NONE');
#3032 = AXIS2_PLACEMENT_3D ( 'NONE', #3437, #4513, #3739 ) ;
#3033 = EDGE_CURVE ( 'NONE', #4156, #1922, #3094, .T. ) ;
#3034 = SURFACE_STYLE_FILL_AREA ( #733 ) ;
#3035 = PLANE ( 'NONE',  #124 ) ;
#3036 = VECTOR ( 'NONE', #673, 1000.000000000000000 ) ;
#3037 = EDGE_CURVE ( 'NONE', #1105, #213, #3215, .T. ) ;
#3038 = DIRECTION ( 'NONE',  ( 0.9610664548998910700, 0.0000000000000000000, 0.2763173343569957400 ) ) ;
#3039 = SURFACE_STYLE_FILL_AREA ( #1517 ) ;
#3040 = DIRECTION ( 'NONE',  ( 1.000000000000000000, 0.0000000000000000000, 0.0000000000000000000 ) ) ;
#3041 = DIRECTION ( 'NONE',  ( -0.9610674221107065000, 0.0000000000000000000, -0.2763139702539146900 ) ) ;
#3042 = DIRECTION ( 'NONE',  ( -1.000000000000000000, 0.0000000000000000000, 0.0000000000000000000 ) ) ;
#3043 = PRESENTATION_LAYER_ASSIGNMENT (  '', '', ( #2306 ) ) ;
#3044 =( NAMED_UNIT ( * ) PLANE_ANGLE_UNIT ( ) SI_UNIT ( $, .RADIAN. ) );
#3045 = DIRECTION ( 'NONE',  ( -1.000000000000000000, 0.0000000000000000000, 0.0000000000000000000 ) ) ;
#3046 =( LENGTH_UNIT ( ) NAMED_UNIT ( * ) SI_UNIT ( .MILLI., .METRE. ) );
#3047 = ORIENTED_EDGE ( 'NONE', *, *, #4172, .F. ) ;
#3048 = CARTESIAN_POINT ( 'NONE',  ( 3.783693123613068600, 1.687680000000000100, -2.738018101797654100 ) ) ;
#3049 = MECHANICAL_DESIGN_GEOMETRIC_PRESENTATION_REPRESENTATION (  '', ( #4520 ), #1853 ) ;
#3050 = UNCERTAINTY_MEASURE_WITH_UNIT (LENGTH_MEASURE( 1.000000000000000100E-005 ), #3815, 'distance_accuracy_value', 'NONE');
#3051 = COLOUR_RGB ( '',0.7686274509803920900, 0.7686274509803920900, 0.7686274509803920900 ) ;
#3052 = DIRECTION ( 'NONE',  ( 0.0000000000000000000, -1.000000000000000000, 0.0000000000000000000 ) ) ;
#3053 = CARTESIAN_POINT ( 'NONE',  ( 3.891128969522361600, 1.692680000000000000, -2.654669085608133600 ) ) ;
#3054 = CARTESIAN_POINT ( 'NONE',  ( 6.100000000000000500, 0.0000000000000000000, -5.400000000000000400 ) ) ;
#3055 = AXIS2_PLACEMENT_3D ( 'NONE', #1171, #3711, #1183 ) ;
#3056 = SURFACE_STYLE_USAGE ( .BOTH. , #2980 ) ;
#3057 = SURFACE_STYLE_FILL_AREA ( #891 ) ;
#3058 = ADVANCED_FACE ( 'NONE', ( #3608 ), #2126, .F. ) ;
#3059 =( BOUNDED_CURVE ( )  B_SPLINE_CURVE ( 3, ( #31, #2540, #4377, #2901 ),
 .UNSPECIFIED., .F., .F. ) 
 B_SPLINE_CURVE_WITH_KNOTS ( ( 4, 4 ),
 ( 1.570796326794900600, 1.868047688116105700 ),
 .UNSPECIFIED. ) 
 CURVE ( )  GEOMETRIC_REPRESENTATION_ITEM ( )  RATIONAL_B_SPLINE_CURVE ( ( 1.000000000000000000, 0.9926503465430338600, 0.9926503465430338600, 1.000000000000000000 ) ) 
 REPRESENTATION_ITEM ( '' )  );
#3060 = ORIENTED_EDGE ( 'NONE', *, *, #3201, .F. ) ;
#3061 =( NAMED_UNIT ( * ) SI_UNIT ( $, .STERADIAN. ) SOLID_ANGLE_UNIT ( ) );
#3062 = CARTESIAN_POINT ( 'NONE',  ( 5.987680000000000100, 0.1123200000000000000, -0.1123199999999999900 ) ) ;
#3063 = DIRECTION ( 'NONE',  ( 0.002813301676023789300, 0.0000000000000000000, -0.9999960426590096500 ) ) ;
#3064 = SURFACE_STYLE_USAGE ( .BOTH. , #916 ) ;
#3065 = EDGE_LOOP ( 'NONE', ( #3242, #1215, #652, #3202 ) ) ;
#3066 = ORIENTED_EDGE ( 'NONE', *, *, #3069, .T. ) ;
#3067 = CARTESIAN_POINT ( 'NONE',  ( 2.074749509818183000, 1.687680000000000100, -2.306340000000000100 ) ) ;
#3068 =( NAMED_UNIT ( * ) PLANE_ANGLE_UNIT ( ) SI_UNIT ( $, .RADIAN. ) );
#3069 = EDGE_CURVE ( 'NONE', #3264, #4032, #2917, .T. ) ;
#3070 = ORIENTED_EDGE ( 'NONE', *, *, #3937, .T. ) ;
#3071 = DIRECTION ( 'NONE',  ( 0.0000000000000000000, 0.0000000000000000000, 1.000000000000000000 ) ) ;
#3072 = EDGE_LOOP ( 'NONE', ( #1095, #620, #3146, #1668 ) ) ;
#3073 = CARTESIAN_POINT ( 'NONE',  ( 3.515943547474217600, 1.692680000000000000, -2.495755860005379700 ) ) ;
#3074 = LINE ( 'NONE', #824, #2003 ) ;
#3075 = DIRECTION ( 'NONE',  ( 1.000000000000000000, 0.0000000000000000000, 0.0000000000000000000 ) ) ;
#3076 = PRESENTATION_LAYER_ASSIGNMENT (  '', '', ( #4053 ) ) ;
#3077 = ADVANCED_FACE ( 'NONE', ( #4575 ), #3503, .T. ) ;
#3078 = ORIENTED_EDGE ( 'NONE', *, *, #107, .F. ) ;
#3079 = CARTESIAN_POINT ( 'NONE',  ( 3.665213378139388300, 1.692680000000000000, -2.306340000000000100 ) ) ;
#3080 = ORIENTED_EDGE ( 'NONE', *, *, #3550, .T. ) ;
#3081 = DIRECTION ( 'NONE',  ( 0.2755520632520533900, 0.0000000000000000000, -0.9612861490927331300 ) ) ;
#3082 = ORIENTED_EDGE ( 'NONE', *, *, #3007, .F. ) ;
#3083 = SURFACE_STYLE_FILL_AREA ( #1631 ) ;
#3084 = FACE_OUTER_BOUND ( 'NONE', #1397, .T. ) ;
#3085 = CARTESIAN_POINT ( 'NONE',  ( 0.0000000000000000000, 0.0000000000000000000, 0.0000000000000000000 ) ) ;
#3086 = VERTEX_POINT ( 'NONE', #692 ) ;
#3087 =( LENGTH_UNIT ( ) NAMED_UNIT ( * ) SI_UNIT ( .MILLI., .METRE. ) );
#3088 = DIRECTION ( 'NONE',  ( -0.9617234872620619200, 0.0000000000000000000, -0.2740217765953990600 ) ) ;
#3089 = DIRECTION ( 'NONE',  ( 0.0000000000000000000, -0.0000000000000000000, -1.000000000000000000 ) ) ;
#3090 = ORIENTED_EDGE ( 'NONE', *, *, #2193, .F. ) ;
#3091 = CARTESIAN_POINT ( 'NONE',  ( 5.150000000000002100, 0.2246399999999999500, -5.287679999999999000 ) ) ;
#3092 = PRESENTATION_LAYER_ASSIGNMENT (  '', '', ( #685 ) ) ;
#3093 = ADVANCED_FACE ( 'NONE', ( #446 ), #3233, .F. ) ;
#3094 = LINE ( 'NONE', #945, #1801 ) ;
#3095 = EDGE_CURVE ( 'NONE', #2890, #3265, #2521, .T. ) ;
#3096 = CARTESIAN_POINT ( 'NONE',  ( 2.146202774573641400, 1.692680000000000000, -2.553933869701296500 ) ) ;
#3097 = DIRECTION ( 'NONE',  ( 0.0000000000000000000, -1.000000000000000000, 0.0000000000000000000 ) ) ;
#3098 = AXIS2_PLACEMENT_3D ( 'NONE', #129, #4170, #1587 ) ;
#3099 = DIRECTION ( 'NONE',  ( 0.2746918797667152700, 0.0000000000000000000, -0.9615323037684320200 ) ) ;
#3100 = DIRECTION ( 'NONE',  ( -1.000000000000000000, 0.0000000000000000000, 0.0000000000000000000 ) ) ;
#3101 = STYLED_ITEM ( 'NONE', ( #2431 ), #1509 ) ;
#3102 = PLANE ( 'NONE',  #1602 ) ;
#3103 = CARTESIAN_POINT ( 'NONE',  ( 6.100000000000000500, 0.1123200000000000000, -0.1123199999999999900 ) ) ;
#3104 = EDGE_CURVE ( 'NONE', #3484, #2660, #1228, .T. ) ;
#3105 = CARTESIAN_POINT ( 'NONE',  ( 5.150086068518853600, 0.1840563693920457800, -5.280746604300921900 ) ) ;
#3106 = CARTESIAN_POINT ( 'NONE',  ( 3.084457079766795000, 1.692680000000000000, -2.306340000000000100 ) ) ;
#3107 = CARTESIAN_POINT ( 'NONE',  ( 3.665213378139388300, 1.687680000000000100, -2.306340000000000100 ) ) ;
#3108 = CARTESIAN_POINT ( 'NONE',  ( 2.638634807381589300, 1.692680000000000000, -2.655850391644456500 ) ) ;
#3109 = DIRECTION ( 'NONE',  ( 1.000000000000000000, 0.0000000000000000000, 9.652797119707130600E-015 ) ) ;
#3110 = CIRCLE ( 'NONE', #3831, 0.1123200000000000000 ) ;
#3111 = ADVANCED_FACE ( 'NONE', ( #3212 ), #2122, .T. ) ;
#3112 = STYLED_ITEM ( 'NONE', ( #3823 ), #4427 ) ;
#3113 = CARTESIAN_POINT ( 'NONE',  ( 2.471723465759438000, 1.692680000000000000, -2.738018101797654100 ) ) ;
#3114 =( LENGTH_UNIT ( ) NAMED_UNIT ( * ) SI_UNIT ( .MILLI., .METRE. ) );
#3115 = SURFACE_STYLE_USAGE ( .BOTH. , #307 ) ;
#3116 = AXIS2_PLACEMENT_3D ( 'NONE', #1014, #4605, #2406 ) ;
#3117 = CARTESIAN_POINT ( 'NONE',  ( 3.339067907317992300, 1.692680000000000000, -2.306340000000000100 ) ) ;
#3118 = ORIENTED_EDGE ( 'NONE', *, *, #530, .F. ) ;
#3119 = FILL_AREA_STYLE_COLOUR ( '', #4368 ) ;
#3120 = PRESENTATION_STYLE_ASSIGNMENT (( #9 ) ) ;
#3121 = EDGE_LOOP ( 'NONE', ( #2787, #3871, #668, #606 ) ) ;
#3122 = DIRECTION ( 'NONE',  ( -1.930559423941426400E-015, -1.000000000000000000, 0.0000000000000000000 ) ) ;
#3123 = VECTOR ( 'NONE', #1293, 1000.000000000000000 ) ;
#3124 = AXIS2_PLACEMENT_3D ( 'NONE', #2004, #2690, #2337 ) ;
#3125 = ORIENTED_EDGE ( 'NONE', *, *, #1802, .T. ) ;
#3126 = ORIENTED_EDGE ( 'NONE', *, *, #2429, .T. ) ;
#3127 = FACE_OUTER_BOUND ( 'NONE', #820, .T. ) ;
#3128 =( LENGTH_UNIT ( ) NAMED_UNIT ( * ) SI_UNIT ( .MILLI., .METRE. ) );
#3129 = VERTEX_POINT ( 'NONE', #2820 ) ;
#3130 = CARTESIAN_POINT ( 'NONE',  ( 0.8376799999999968700, 0.0000000000000000000, 0.0000000000000000000 ) ) ;
#3131 = AXIS2_PLACEMENT_3D ( 'NONE', #2357, #3813, #1240 ) ;
#3132 = DIRECTION ( 'NONE',  ( 1.000000000000000000, 0.0000000000000000000, 0.0000000000000000000 ) ) ;
#3133 = ORIENTED_EDGE ( 'NONE', *, *, #3516, .F. ) ;
#3134 = ORIENTED_EDGE ( 'NONE', *, *, #4321, .T. ) ;
#3135 = CARTESIAN_POINT ( 'NONE',  ( 3.783693123613068600, 1.692680000000000000, -2.738018101797654100 ) ) ;
#3136 = COLOUR_RGB ( '',0.7686274509803920900, 0.7686274509803920900, 0.7686274509803920900 ) ;
#3137 = PLANE ( 'NONE',  #2223 ) ;
#3138 = PLANE ( 'NONE',  #737 ) ;
#3139 = ORIENTED_EDGE ( 'NONE', *, *, #3171, .T. ) ;
#3140 = ORIENTED_EDGE ( 'NONE', *, *, #1082, .F. ) ;
#3141 = APPLICATION_CONTEXT ( 'automotive_design' ) ;
#3142 = ORIENTED_EDGE ( 'NONE', *, *, #4007, .F. ) ;
#3143 = ADVANCED_FACE ( 'NONE', ( #2683 ), #3429, .T. ) ;
#3144 = EDGE_CURVE ( 'NONE', #1280, #3353, #3154, .T. ) ;
#3145 = DIRECTION ( 'NONE',  ( -0.2762517575166416100, 0.0000000000000000000, 0.9610853065513833600 ) ) ;
#3146 = ORIENTED_EDGE ( 'NONE', *, *, #895, .T. ) ;
#3147 = ORIENTED_EDGE ( 'NONE', *, *, #3442, .T. ) ;
#3148 = CARTESIAN_POINT ( 'NONE',  ( 5.152629779276082900, 0.1550405786893573600, -0.1364827373767547600 ) ) ;
#3149 = CIRCLE ( 'NONE', #1216, 0.1123200000000000000 ) ;
#3150 = LINE ( 'NONE', #1494, #3413 ) ;
#3151 = CARTESIAN_POINT ( 'NONE',  ( 5.262320000000001700, 1.687680000000000100, -5.287679999999999900 ) ) ;
#3152 = EDGE_LOOP ( 'NONE', ( #1893, #2606, #2198 ) ) ;
#3153 = SURFACE_SIDE_STYLE ('',( #2247 ) ) ;
#3154 = LINE ( 'NONE', #378, #2173 ) ;
#3155 = CARTESIAN_POINT ( 'NONE',  ( 2.270203156228399500, 1.687680000000000100, -2.540729493345370100 ) ) ;
#3156 = DIRECTION ( 'NONE',  ( -0.0000000000000000000, 0.0000000000000000000, 1.000000000000000000 ) ) ;
#3157 =( NAMED_UNIT ( * ) SI_UNIT ( $, .STERADIAN. ) SOLID_ANGLE_UNIT ( ) );
#3158 = CARTESIAN_POINT ( 'NONE',  ( 1.952000000000000400, 1.692680000000000000, -2.306340000000000100 ) ) ;
#3159 =( GEOMETRIC_REPRESENTATION_CONTEXT ( 3 ) GLOBAL_UNCERTAINTY_ASSIGNED_CONTEXT ( ( #3296 ) ) GLOBAL_UNIT_ASSIGNED_CONTEXT ( ( #1023, #1701, #313 ) ) REPRESENTATION_CONTEXT ( 'NONE', 'WORKASPACE' ) );
#3160 = PRESENTATION_STYLE_ASSIGNMENT (( #441 ) ) ;
#3161 = DIRECTION ( 'NONE',  ( 0.0000000000000000000, 0.0000000000000000000, 1.000000000000000000 ) ) ;
#3162 = PRESENTATION_LAYER_ASSIGNMENT (  '', '', ( #3792 ) ) ;
#3163 = CARTESIAN_POINT ( 'NONE',  ( 5.262320000000001700, 0.1123200000000000000, -5.400000000000000400 ) ) ;
#3164 = PRESENTATION_STYLE_ASSIGNMENT (( #2864 ) ) ;
#3165 = SURFACE_SIDE_STYLE ('',( #3497 ) ) ;
#3166 =( NAMED_UNIT ( * ) SI_UNIT ( $, .STERADIAN. ) SOLID_ANGLE_UNIT ( ) );
#3167 = DIRECTION ( 'NONE',  ( 1.000000000000000000, 0.0000000000000000000, -0.0000000000000000000 ) ) ;
#3168 = STYLED_ITEM ( 'NONE', ( #2133 ), #1046 ) ;
#3169 = DIRECTION ( 'NONE',  ( -1.000000000000000000, -0.0000000000000000000, 0.0000000000000000000 ) ) ;
#3170 =( LENGTH_UNIT ( ) NAMED_UNIT ( * ) SI_UNIT ( .MILLI., .METRE. ) );
#3171 = EDGE_CURVE ( 'NONE', #187, #4646, #3766, .T. ) ;
#3172 = SURFACE_STYLE_FILL_AREA ( #4610 ) ;
#3173 = DIRECTION ( 'NONE',  ( -0.2793947940814949200, 0.0000000000000000000, 0.9601763114346026900 ) ) ;
#3174 = STYLED_ITEM ( 'NONE', ( #440 ), #3790 ) ;
#3175 = FACE_OUTER_BOUND ( 'NONE', #198, .T. ) ;
#3176 = DIRECTION ( 'NONE',  ( 0.2793947940878428500, 0.0000000000000000000, -0.9601763114327555000 ) ) ;
#3177 = ORIENTED_EDGE ( 'NONE', *, *, #210, .F. ) ;
#3178 = SURFACE_SIDE_STYLE ('',( #1562 ) ) ;
#3179 = CARTESIAN_POINT ( 'NONE',  ( 3.913949177006661000, 1.692680000000000000, -2.306340000000000100 ) ) ;
#3180 = SURFACE_STYLE_FILL_AREA ( #4623 ) ;
#3181 =( NAMED_UNIT ( * ) PLANE_ANGLE_UNIT ( ) SI_UNIT ( $, .RADIAN. ) );
#3182 = DIRECTION ( 'NONE',  ( -1.000000000000000000, 0.0000000000000000000, 0.0000000000000000000 ) ) ;
#3183 =( GEOMETRIC_REPRESENTATION_CONTEXT ( 3 ) GLOBAL_UNCERTAINTY_ASSIGNED_CONTEXT ( ( #933 ) ) GLOBAL_UNIT_ASSIGNED_CONTEXT ( ( #1063, #3184, #4252 ) ) REPRESENTATION_CONTEXT ( 'NONE', 'WORKASPACE' ) );
#3184 =( NAMED_UNIT ( * ) PLANE_ANGLE_UNIT ( ) SI_UNIT ( $, .RADIAN. ) );
#3185 = FACE_OUTER_BOUND ( 'NONE', #4274, .T. ) ;
#3186 = CARTESIAN_POINT ( 'NONE',  ( 2.076056822177556600, 1.692680000000000000, -2.738018101797654100 ) ) ;
#3187 = ORIENTED_EDGE ( 'NONE', *, *, #3315, .F. ) ;
#3188 = EDGE_CURVE ( 'NONE', #1705, #4139, #1363, .T. ) ;
#3189 = ADVANCED_FACE ( 'NONE', ( #892 ), #4449, .T. ) ;
#3190 = ORIENTED_EDGE ( 'NONE', *, *, #1067, .T. ) ;
#3191 =( LENGTH_UNIT ( ) NAMED_UNIT ( * ) SI_UNIT ( .MILLI., .METRE. ) );
#3192 = VERTEX_POINT ( 'NONE', #1740 ) ;
#3193 = DIRECTION ( 'NONE',  ( 1.000000000000000000, 0.0000000000000000000, -0.0000000000000000000 ) ) ;
#3194 = AXIS2_PLACEMENT_3D ( 'NONE', #3251, #2484, #3973 ) ;
#3195 = FACE_OUTER_BOUND ( 'NONE', #2659, .T. ) ;
#3196 = ORIENTED_EDGE ( 'NONE', *, *, #62, .F. ) ;
#3197 = DIRECTION ( 'NONE',  ( -0.0000000000000000000, 1.000000000000000000, -0.0000000000000000000 ) ) ;
#3198 =( GEOMETRIC_REPRESENTATION_CONTEXT ( 3 ) GLOBAL_UNCERTAINTY_ASSIGNED_CONTEXT ( ( #2675 ) ) GLOBAL_UNIT_ASSIGNED_CONTEXT ( ( #249, #2802, #1368 ) ) REPRESENTATION_CONTEXT ( 'NONE', 'WORKASPACE' ) );
#3199 = CARTESIAN_POINT ( 'NONE',  ( 0.8376800000000004200, 1.800000000000000000, 0.0000000000000000000 ) ) ;
#3200 = CARTESIAN_POINT ( 'NONE',  ( 5.149997222547607800, 0.1127816437192397500, -0.2128991596773430200 ) ) ;
#3201 = EDGE_CURVE ( 'NONE', #3632, #2565, #4499, .T. ) ;
#3202 = ORIENTED_EDGE ( 'NONE', *, *, #4374, .T. ) ;
#3203 = DIRECTION ( 'NONE',  ( 1.000000000000000000, 0.0000000000000000000, 0.0000000000000000000 ) ) ;
#3204 = ORIENTED_EDGE ( 'NONE', *, *, #339, .T. ) ;
#3205 =( NAMED_UNIT ( * ) PLANE_ANGLE_UNIT ( ) SI_UNIT ( $, .RADIAN. ) );
#3206 = VERTEX_POINT ( 'NONE', #4273 ) ;
#3207 =( NAMED_UNIT ( * ) PLANE_ANGLE_UNIT ( ) SI_UNIT ( $, .RADIAN. ) );
#3208 = CIRCLE ( 'NONE', #3648, 0.1123200000000000000 ) ;
#3209 = ORIENTED_EDGE ( 'NONE', *, *, #1951, .T. ) ;
#3210 = EDGE_CURVE ( 'NONE', #1051, #3873, #3348, .T. ) ;
#3211 = DIRECTION ( 'NONE',  ( 0.0000000000000000000, -1.000000000000000000, 7.360257803776683200E-015 ) ) ;
#3212 = FACE_OUTER_BOUND ( 'NONE', #4621, .T. ) ;
#3213 = DIRECTION ( 'NONE',  ( 0.0000000000000000000, 0.0000000000000000000, 1.000000000000000000 ) ) ;
#3214 = AXIS2_PLACEMENT_3D ( 'NONE', #2014, #2227, #2714 ) ;
#3215 = CIRCLE ( 'NONE', #2220, 0.1123200000000000000 ) ;
#3216 = CARTESIAN_POINT ( 'NONE',  ( 0.1123199999999999500, 0.1123200000000000000, -0.1123199999999999900 ) ) ;
#3217 = CARTESIAN_POINT ( 'NONE',  ( 2.835311761819845300, 1.687680000000000100, -2.655850391644456500 ) ) ;
#3218 = MECHANICAL_DESIGN_GEOMETRIC_PRESENTATION_REPRESENTATION (  '', ( #462 ), #3355 ) ;
#3219 = DIRECTION ( 'NONE',  ( 0.0000000000000000000, -1.000000000000000000, 0.0000000000000000000 ) ) ;
#3220 = DIRECTION ( 'NONE',  ( -1.000000000000000000, 0.0000000000000000000, 0.0000000000000000000 ) ) ;
#3221 = CARTESIAN_POINT ( 'NONE',  ( 3.891128969522361600, 1.692680000000000000, -2.654669085608133600 ) ) ;
#3222 = DIRECTION ( 'NONE',  ( 0.9999999968487352000, 0.0000000000000000000, 7.938847109670267000E-005 ) ) ;
#3223 = FILL_AREA_STYLE ('',( #2444 ) ) ;
#3224 = UNCERTAINTY_MEASURE_WITH_UNIT (LENGTH_MEASURE( 1.000000000000000100E-005 ), #2725, 'distance_accuracy_value', 'NONE');
#3225 = CIRCLE ( 'NONE', #2358, 0.1123199999999999500 ) ;
#3226 = SURFACE_SIDE_STYLE ('',( #89 ) ) ;
#3227 = MECHANICAL_DESIGN_GEOMETRIC_PRESENTATION_REPRESENTATION (  '', ( #1106 ), #2000 ) ;
#3228 = CIRCLE ( 'NONE', #2195, 0.1123199999999999500 ) ;
#3229 = CARTESIAN_POINT ( 'NONE',  ( 5.150000000000002100, 0.1123199999999999500, -5.287679999999999000 ) ) ;
#3230 = LINE ( 'NONE', #2645, #3848 ) ;
#3231 =( GEOMETRIC_REPRESENTATION_CONTEXT ( 3 ) GLOBAL_UNCERTAINTY_ASSIGNED_CONTEXT ( ( #2884 ) ) GLOBAL_UNIT_ASSIGNED_CONTEXT ( ( #3284, #4369, #56 ) ) REPRESENTATION_CONTEXT ( 'NONE', 'WORKASPACE' ) );
#3232 = VECTOR ( 'NONE', #2289, 1000.000000000000000 ) ;
#3233 = PLANE ( 'NONE',  #3630 ) ;
#3234 = CARTESIAN_POINT ( 'NONE',  ( 5.150000000000002100, 0.1123199999999999500, -0.2246400000000007800 ) ) ;
#3235 =( NAMED_UNIT ( * ) SI_UNIT ( $, .STERADIAN. ) SOLID_ANGLE_UNIT ( ) );
#3236 = DIRECTION ( 'NONE',  ( 0.0000000000000000000, 0.0000000000000000000, 1.000000000000000000 ) ) ;
#3237 = DIRECTION ( 'NONE',  ( -1.930559423941426400E-015, -1.000000000000000000, 0.0000000000000000000 ) ) ;
#3238 = EDGE_CURVE ( 'NONE', #2745, #2860, #158, .T. ) ;
#3239 = FACE_OUTER_BOUND ( 'NONE', #4367, .T. ) ;
#3240 = FILL_AREA_STYLE_COLOUR ( '', #3554 ) ;
#3241 = AXIS2_PLACEMENT_3D ( 'NONE', #3117, #2376, #598 ) ;
#3242 = ORIENTED_EDGE ( 'NONE', *, *, #2266, .T. ) ;
#3243 = ORIENTED_EDGE ( 'NONE', *, *, #3765, .F. ) ;
#3244 = EDGE_CURVE ( 'NONE', #1197, #2745, #1898, .T. ) ;
#3245 = FILL_AREA_STYLE_COLOUR ( '', #4152 ) ;
#3246 = ORIENTED_EDGE ( 'NONE', *, *, #1495, .T. ) ;
#3247 = DIRECTION ( 'NONE',  ( 0.2762437428917283700, 0.0000000000000000000, -0.9610876102172832800 ) ) ;
#3248 = ORIENTED_EDGE ( 'NONE', *, *, #874, .F. ) ;
#3249 = CARTESIAN_POINT ( 'NONE',  ( 6.100000000000000500, 1.800000000000000000, -0.1123199999999999900 ) ) ;
#3250 = VECTOR ( 'NONE', #125, 1000.000000000000000 ) ;
#3251 = CARTESIAN_POINT ( 'NONE',  ( 5.987680000000000100, 0.1123200000000000000, 0.0000000000000000000 ) ) ;
#3252 = PRESENTATION_LAYER_ASSIGNMENT (  '', '', ( #1150 ) ) ;
#3253 = DIRECTION ( 'NONE',  ( 0.0000000000000000000, 0.0000000000000000000, -1.000000000000000000 ) ) ;
#3254 = PRODUCT_DEFINITION_SHAPE ( 'NONE', 'NONE',  #4246 ) ;
#3256 = ORIENTED_EDGE ( 'NONE', *, *, #2276, .T. ) ;
#3255 = SURFACE_SIDE_STYLE ('',( #3034 ) ) ;
#3257 = ORIENTED_EDGE ( 'NONE', *, *, #1156, .F. ) ;
#3258 = VERTEX_POINT ( 'NONE', #1690 ) ;
#3259 = EDGE_CURVE ( 'NONE', #92, #1877, #2748, .T. ) ;
#3260 = LINE ( 'NONE', #127, #1885 ) ;
#3261 = ORIENTED_EDGE ( 'NONE', *, *, #4001, .F. ) ;
#3262 = ORIENTED_EDGE ( 'NONE', *, *, #1746, .F. ) ;
#3263 = CARTESIAN_POINT ( 'NONE',  ( 2.592503494125971900, 1.692680000000000000, -2.495755860006286600 ) ) ;
#3264 = VERTEX_POINT ( 'NONE', #4636 ) ;
#3265 = VERTEX_POINT ( 'NONE', #3858 ) ;
#3266 = CARTESIAN_POINT ( 'NONE',  ( 3.485318844781000600, 1.687680000000000100, -2.388482771469913500 ) ) ;
#3267 = ORIENTED_EDGE ( 'NONE', *, *, #4018, .T. ) ;
#3268 = EDGE_CURVE ( 'NONE', #1099, #3305, #728, .T. ) ;
#3269 = LINE ( 'NONE', #2427, #2278 ) ;
#3270 =( NAMED_UNIT ( * ) SI_UNIT ( $, .STERADIAN. ) SOLID_ANGLE_UNIT ( ) );
#3271 = EDGE_LOOP ( 'NONE', ( #1148, #3257, #3424, #29 ) ) ;
#3272 = CARTESIAN_POINT ( 'NONE',  ( 0.1123199999999999500, 1.800000000000000000, -0.1123199999999999900 ) ) ;
#3273 = COLOUR_RGB ( '',0.7686274509803920900, 0.7686274509803920900, 0.7686274509803920900 ) ;
#3274 = EDGE_CURVE ( 'NONE', #3699, #803, #3701, .T. ) ;
#3275 = AXIS2_PLACEMENT_3D ( 'NONE', #3776, #1224, #1920 ) ;
#3276 = DIRECTION ( 'NONE',  ( 0.0000000000000000000, -1.000000000000000000, 0.0000000000000000000 ) ) ;
#3277 = VECTOR ( 'NONE', #1308, 1000.000000000000100 ) ;
#3278 = SURFACE_SIDE_STYLE ('',( #1144 ) ) ;
#3279 = DIRECTION ( 'NONE',  ( 0.0000000000000000000, 0.0000000000000000000, 1.000000000000000000 ) ) ;
#3280 = CARTESIAN_POINT ( 'NONE',  ( 5.152431037062775100, 1.662926268094174800, -5.246638199231570700 ) ) ;
#3281 = EDGE_CURVE ( 'NONE', #81, #2005, #3149, .T. ) ;
#3282 = AXIS2_PLACEMENT_3D ( 'NONE', #3447, #3768, #4479 ) ;
#3283 =( GEOMETRIC_REPRESENTATION_CONTEXT ( 3 ) GLOBAL_UNCERTAINTY_ASSIGNED_CONTEXT ( ( #1703 ) ) GLOBAL_UNIT_ASSIGNED_CONTEXT ( ( #3087, #3409, #1973 ) ) REPRESENTATION_CONTEXT ( 'NONE', 'WORKASPACE' ) );
#3284 =( LENGTH_UNIT ( ) NAMED_UNIT ( * ) SI_UNIT ( .MILLI., .METRE. ) );
#3285 = EDGE_CURVE ( 'NONE', #2325, #1708, #3895, .T. ) ;
#3286 = VECTOR ( 'NONE', #4164, 1000.000000000000000 ) ;
#3287 = ORIENTED_EDGE ( 'NONE', *, *, #2204, .F. ) ;
#3288 =( NAMED_UNIT ( * ) SI_UNIT ( $, .STERADIAN. ) SOLID_ANGLE_UNIT ( ) );
#3289 = CARTESIAN_POINT ( 'NONE',  ( 5.154925775900062800, 0.1452177663371260800, -0.1452177663371269400 ) ) ;
#3290 = CARTESIAN_POINT ( 'NONE',  ( 5.262320000000001700, 0.1123200000000000000, 0.0000000000000000000 ) ) ;
#3291 = EDGE_CURVE ( 'NONE', #3307, #3685, #3829, .T. ) ;
#3292 = VECTOR ( 'NONE', #1220, 1000.000000000000000 ) ;
#3293 = AXIS2_PLACEMENT_3D ( 'NONE', #1648, #4181, #4054 ) ;
#3294 = ORIENTED_EDGE ( 'NONE', *, *, #694, .F. ) ;
#3295 = SURFACE_SIDE_STYLE ('',( #2563 ) ) ;
#3296 = UNCERTAINTY_MEASURE_WITH_UNIT (LENGTH_MEASURE( 1.000000000000000100E-005 ), #1023, 'distance_accuracy_value', 'NONE');
#3297 = ORIENTED_EDGE ( 'NONE', *, *, #1791, .T. ) ;
#3298 = ORIENTED_EDGE ( 'NONE', *, *, #4068, .F. ) ;
#3299 = ORIENTED_EDGE ( 'NONE', *, *, #1821, .F. ) ;
#3300 = FILL_AREA_STYLE ('',( #47 ) ) ;
#3301 = AXIS2_PLACEMENT_3D ( 'NONE', #3346, #4461, #3333 ) ;
#3302 = CARTESIAN_POINT ( 'NONE',  ( 4.156214044269768600, 1.692680000000000000, -2.738018101797654100 ) ) ;
#3303 = FACE_OUTER_BOUND ( 'NONE', #765, .T. ) ;
#3304 = CARTESIAN_POINT ( 'NONE',  ( 0.9500000000000001800, 1.687680000000000100, -0.2187785217711350200 ) ) ;
#3305 = VERTEX_POINT ( 'NONE', #1783 ) ;
#3306 =( GEOMETRIC_REPRESENTATION_CONTEXT ( 3 ) GLOBAL_UNCERTAINTY_ASSIGNED_CONTEXT ( ( #1151 ) ) GLOBAL_UNIT_ASSIGNED_CONTEXT ( ( #3471, #4489, #1613 ) ) REPRESENTATION_CONTEXT ( 'NONE', 'WORKASPACE' ) );
#3307 = VERTEX_POINT ( 'NONE', #2494 ) ;
#3308 = ORIENTED_EDGE ( 'NONE', *, *, #2489, .T. ) ;
#3309 = CYLINDRICAL_SURFACE ( 'NONE', #4602, 0.1123199999999999500 ) ;
#3310 = FACE_OUTER_BOUND ( 'NONE', #2155, .T. ) ;
#3311 = FACE_OUTER_BOUND ( 'NONE', #883, .T. ) ;
#3312 = VERTEX_POINT ( 'NONE', #3877 ) ;
#3313 = DIRECTION ( 'NONE',  ( 1.000000000000000000, 0.0000000000000000000, 0.0000000000000000000 ) ) ;
#3314 = DIRECTION ( 'NONE',  ( -1.000000000000000000, 0.0000000000000000000, 0.0000000000000000000 ) ) ;
#3315 = EDGE_CURVE ( 'NONE', #156, #2162, #1467, .T. ) ;
#3316 = PLANE ( 'NONE',  #1466 ) ;
#3317 = FILL_AREA_STYLE_COLOUR ( '', #453 ) ;
#3318 = STYLED_ITEM ( 'NONE', ( #1412 ), #3777 ) ;
#3319 = VECTOR ( 'NONE', #1292, 1000.000000000000100 ) ;
#3320 = DIRECTION ( 'NONE',  ( -0.2746459304917039400, 0.0000000000000000000, 0.9615454294334439000 ) ) ;
#3321 = MANIFOLD_SOLID_BREP ( 'Fillet3', #2145 ) ;
#3322 = DIRECTION ( 'NONE',  ( 0.0000000000000000000, 0.0000000000000000000, 1.000000000000000000 ) ) ;
#3323 = SURFACE_SIDE_STYLE ('',( #36 ) ) ;
#3324 = VECTOR ( 'NONE', #3749, 1000.000000000000000 ) ;
#3325 = CARTESIAN_POINT ( 'NONE',  ( 3.221896250738491800, 1.692680000000000000, -2.738018101797654100 ) ) ;
#3326 = CARTESIAN_POINT ( 'NONE',  ( 0.1123199999999999500, 1.687680000000000100, -0.1123200000000000000 ) ) ;
#3327 = DIRECTION ( 'NONE',  ( 0.3725077383644723200, 0.0000000000000000000, 0.9280290862136734200 ) ) ;
#3328 = ADVANCED_FACE ( 'NONE', ( #4676 ), #4231, .T. ) ;
#3329 = EDGE_CURVE ( 'NONE', #2552, #1500, #4553, .T. ) ;
#3330 = CARTESIAN_POINT ( 'NONE',  ( 2.074749509818183000, 1.692680000000000000, -2.306340000000000100 ) ) ;
#3331 = AXIS2_PLACEMENT_3D ( 'NONE', #4059, #2992, #2303 ) ;
#3332 = LINE ( 'NONE', #2662, #2480 ) ;
#3333 = DIRECTION ( 'NONE',  ( 1.000000000000000000, -1.930559423941426000E-015, 0.0000000000000000000 ) ) ;
#3334 = AXIS2_PLACEMENT_3D ( 'NONE', #176, #3763, #582 ) ;
#3335 = DIRECTION ( 'NONE',  ( -0.9619530280415443700, 0.0000000000000000000, -0.2732148821746424600 ) ) ;
#3336 = LINE ( 'NONE', #2546, #2935 ) ;
#3337 = DIRECTION ( 'NONE',  ( 0.0000000000000000000, -1.000000000000000000, 0.0000000000000000000 ) ) ;
#3338 = EDGE_CURVE ( 'NONE', #1070, #3339, #3269, .T. ) ;
#3339 = VERTEX_POINT ( 'NONE', #2848 ) ;
#3340 = CARTESIAN_POINT ( 'NONE',  ( 5.150000000000002100, 0.2246399999999999500, -0.1123199999999990900 ) ) ;
#3341 = DIRECTION ( 'NONE',  ( 0.0000000000000000000, -1.000000000000000000, 0.0000000000000000000 ) ) ;
#3342 =( NAMED_UNIT ( * ) SI_UNIT ( $, .STERADIAN. ) SOLID_ANGLE_UNIT ( ) );
#3343 = ORIENTED_EDGE ( 'NONE', *, *, #3840, .F. ) ;
#3344 = ORIENTED_EDGE ( 'NONE', *, *, #3672, .F. ) ;
#3345 = VECTOR ( 'NONE', #1651, 1000.000000000000000 ) ;
#3346 = CARTESIAN_POINT ( 'NONE',  ( 0.8376799999999970900, 0.1123200000000000000, -0.1123200000000008200 ) ) ;
#3347 = PRESENTATION_LAYER_ASSIGNMENT (  '', '', ( #3112 ) ) ;
#3348 = B_SPLINE_CURVE_WITH_KNOTS ( 'NONE', 3,
 ( #241, #974, #645, #985, #3844, #2450, #2417, #2063, #2828, #285 ),
 .UNSPECIFIED., .F., .F.,
 ( 4, 3, 3, 4 ),
 ( 1.648736087515688500E-018, 3.737793887600338900E-005, 7.483306597327640900E-005, 8.800504568265994800E-005 ),
 .UNSPECIFIED. ) ;
#3349 = EDGE_LOOP ( 'NONE', ( #2932, #1561, #3118 ) ) ;
#3350 = ADVANCED_FACE ( 'NONE', ( #1847 ), #1421, .T. ) ;
#3351 = ORIENTED_EDGE ( 'NONE', *, *, #2605, .T. ) ;
#3352 = SURFACE_STYLE_USAGE ( .BOTH. , #3323 ) ;
#3353 = VERTEX_POINT ( 'NONE', #1713 ) ;
#3354 = VECTOR ( 'NONE', #496, 1000.000000000000000 ) ;
#3355 =( GEOMETRIC_REPRESENTATION_CONTEXT ( 3 ) GLOBAL_UNCERTAINTY_ASSIGNED_CONTEXT ( ( #2772 ) ) GLOBAL_UNIT_ASSIGNED_CONTEXT ( ( #1269, #2340, #1969 ) ) REPRESENTATION_CONTEXT ( 'NONE', 'WORKASPACE' ) );
#3356 = SURFACE_SIDE_STYLE ('',( #39 ) ) ;
#3357 = VERTEX_POINT ( 'NONE', #3940 ) ;
#3358 = VERTEX_POINT ( 'NONE', #2472 ) ;
#3359 = ORIENTED_EDGE ( 'NONE', *, *, #2128, .F. ) ;
#3360 = LINE ( 'NONE', #3107, #2108 ) ;
#3361 = CARTESIAN_POINT ( 'NONE',  ( 5.154925775900062800, 1.654782233662874100, -0.1452177663371269100 ) ) ;
#3362 = ORIENTED_EDGE ( 'NONE', *, *, #2334, .F. ) ;
#3363 = PLANE ( 'NONE',  #1679 ) ;
#3364 = AXIS2_PLACEMENT_3D ( 'NONE', #750, #1092, #1164 ) ;
#3365 = DIRECTION ( 'NONE',  ( 0.0000000000000000000, -1.000000000000000000, 0.0000000000000000000 ) ) ;
#3366 = FILL_AREA_STYLE ('',( #403 ) ) ;
#3367 = ORIENTED_EDGE ( 'NONE', *, *, #1123, .T. ) ;
#3368 = FACE_OUTER_BOUND ( 'NONE', #320, .T. ) ;
#3369 = AXIS2_PLACEMENT_3D ( 'NONE', #2821, #1396, #1325 ) ;
#3370 = ORIENTED_EDGE ( 'NONE', *, *, #895, .F. ) ;
#3371 = CARTESIAN_POINT ( 'NONE',  ( 2.270203156228399500, 1.692680000000000000, -2.540729493345370100 ) ) ;
#3372 = CARTESIAN_POINT ( 'NONE',  ( 3.790980468944140600, 1.687680000000000100, -2.306340000000000100 ) ) ;
#3373 = EDGE_CURVE ( 'NONE', #826, #3479, #1166, .T. ) ;
#3374 = VECTOR ( 'NONE', #1440, 1000.000000000000000 ) ;
#3375 =( NAMED_UNIT ( * ) PLANE_ANGLE_UNIT ( ) SI_UNIT ( $, .RADIAN. ) );
#3376 = VECTOR ( 'NONE', #1525, 1000.000000000000200 ) ;
#3377 =( BOUNDED_CURVE ( )  B_SPLINE_CURVE ( 3, ( #649, #4282, #2831, #3557 ),
 .UNSPECIFIED., .F., .F. ) 
 B_SPLINE_CURVE_WITH_KNOTS ( ( 4, 4 ),
 ( 4.712388980384689700, 5.009640341705888600 ),
 .UNSPECIFIED. ) 
 CURVE ( )  GEOMETRIC_REPRESENTATION_ITEM ( )  RATIONAL_B_SPLINE_CURVE ( ( 1.000000000000000000, 0.9926503465430341900, 0.9926503465430341900, 1.000000000000000000 ) ) 
 REPRESENTATION_ITEM ( '' )  );
#3378 = DIRECTION ( 'NONE',  ( 0.0000000000000000000, 1.000000000000000000, -0.0000000000000000000 ) ) ;
#3379 = COLOUR_RGB ( '',0.7686274509803920900, 0.7686274509803920900, 0.7686274509803920900 ) ;
#3380 =( LENGTH_UNIT ( ) NAMED_UNIT ( * ) SI_UNIT ( .MILLI., .METRE. ) );
#3381 = DIRECTION ( 'NONE',  ( -1.000000000000000000, 0.0000000000000000000, 0.0000000000000000000 ) ) ;
#3382 = PRESENTATION_STYLE_ASSIGNMENT (( #1088 ) ) ;
#3383 =( NAMED_UNIT ( * ) SI_UNIT ( $, .STERADIAN. ) SOLID_ANGLE_UNIT ( ) );
#3384 = FILL_AREA_STYLE_COLOUR ( '', #4463 ) ;
#3385 = DIRECTION ( 'NONE',  ( 0.0000000000000000000, -1.000000000000000000, 0.0000000000000000000 ) ) ;
#3386 = EDGE_CURVE ( 'NONE', #8, #2050, #1680, .T. ) ;
#3387 = LINE ( 'NONE', #207, #1640 ) ;
#3388 = ADVANCED_FACE ( 'NONE', ( #149 ), #271, .T. ) ;
#3389 = ORIENTED_EDGE ( 'NONE', *, *, #1875, .F. ) ;
#3390 =( NAMED_UNIT ( * ) PLANE_ANGLE_UNIT ( ) SI_UNIT ( $, .RADIAN. ) );
#3391 = DIRECTION ( 'NONE',  ( -0.2760118818968593200, 0.0000000000000000000, 0.9611542233438680200 ) ) ;
#3392 = DIRECTION ( 'NONE',  ( 0.9999999968487352000, 0.0000000000000000000, 7.938847109670267000E-005 ) ) ;
#3393 =( GEOMETRIC_REPRESENTATION_CONTEXT ( 3 ) GLOBAL_UNCERTAINTY_ASSIGNED_CONTEXT ( ( #3545 ) ) GLOBAL_UNIT_ASSIGNED_CONTEXT ( ( #1382, #3181, #1431 ) ) REPRESENTATION_CONTEXT ( 'NONE', 'WORKASPACE' ) );
#3394 = CARTESIAN_POINT ( 'NONE',  ( 3.759893744335364400, 1.687680000000000100, -2.655279427059919600 ) ) ;
#3395 = ORIENTED_EDGE ( 'NONE', *, *, #4043, .F. ) ;
#3396 = DIRECTION ( 'NONE',  ( 0.0000000000000000000, -1.000000000000000000, 0.0000000000000000000 ) ) ;
#3397 = EDGE_CURVE ( 'NONE', #1705, #3601, #723, .T. ) ;
#3398 = VERTEX_POINT ( 'NONE', #3891 ) ;
#3399 = PLANE ( 'NONE',  #2794 ) ;
#3400 = CIRCLE ( 'NONE', #1914, 0.1123199999999999500 ) ;
#3401 = ORIENTED_EDGE ( 'NONE', *, *, #3539, .T. ) ;
#3402 = ORIENTED_EDGE ( 'NONE', *, *, #2297, .T. ) ;
#3403 = CARTESIAN_POINT ( 'NONE',  ( 5.987680000000000100, 0.0000000000000000000, -5.287679999999999900 ) ) ;
#3404 = DIRECTION ( 'NONE',  ( -0.2763139702539146900, 0.0000000000000000000, 0.9610674221107065000 ) ) ;
#3405 = LINE ( 'NONE', #1927, #2323 ) ;
#3406 = FILL_AREA_STYLE ('',( #3433 ) ) ;
#3407 = ORIENTED_EDGE ( 'NONE', *, *, #4062, .T. ) ;
#3408 = DIRECTION ( 'NONE',  ( -1.420941506571950400E-029, -7.360257803776686400E-015, 1.000000000000000000 ) ) ;
#3409 =( NAMED_UNIT ( * ) PLANE_ANGLE_UNIT ( ) SI_UNIT ( $, .RADIAN. ) );
#3410 = LINE ( 'NONE', #196, #3480 ) ;
#3411 = CARTESIAN_POINT ( 'NONE',  ( 2.835311761819845300, 1.687680000000000100, -2.655850391644456500 ) ) ;
#3412 = COLOUR_RGB ( '',0.7686274509803920900, 0.7686274509803920900, 0.7686274509803920900 ) ;
#3413 = VECTOR ( 'NONE', #427, 1000.000000000000000 ) ;
#3414 = VERTEX_POINT ( 'NONE', #4631 ) ;
#3415 = ORIENTED_EDGE ( 'NONE', *, *, #688, .T. ) ;
#3416 =( GEOMETRIC_REPRESENTATION_CONTEXT ( 3 ) GLOBAL_UNCERTAINTY_ASSIGNED_CONTEXT ( ( #2153 ) ) GLOBAL_UNIT_ASSIGNED_CONTEXT ( ( #346, #2435, #1030 ) ) REPRESENTATION_CONTEXT ( 'NONE', 'WORKASPACE' ) );
#3417 = ORIENTED_EDGE ( 'NONE', *, *, #2061, .F. ) ;
#3418 = ADVANCED_FACE ( 'NONE', ( #2163 ), #2096, .F. ) ;
#3419 = VECTOR ( 'NONE', #1181, 1000.000000000000000 ) ;
#3420 = CARTESIAN_POINT ( 'NONE',  ( 2.074749509818183000, 1.692680000000000000, -2.306340000000000100 ) ) ;
#3421 = SURFACE_STYLE_FILL_AREA ( #717 ) ;
#3422 = CARTESIAN_POINT ( 'NONE',  ( 0.9500000000000000700, 1.687680000000000100, -0.2246400000000007800 ) ) ;
#3423 = COLOUR_RGB ( '',0.7686274509803920900, 0.7686274509803920900, 0.7686274509803920900 ) ;
#3424 = ORIENTED_EDGE ( 'NONE', *, *, #773, .F. ) ;
#3425 = EDGE_CURVE ( 'NONE', #3728, #81, #1511, .T. ) ;
#3426 = CARTESIAN_POINT ( 'NONE',  ( 5.150000000000002100, 1.687680000000000100, -0.1123199999999990900 ) ) ;
#3427 = PRESENTATION_STYLE_ASSIGNMENT (( #2411 ) ) ;
#3428 = DIRECTION ( 'NONE',  ( 1.000000000000000000, 0.0000000000000000000, 0.0000000000000000000 ) ) ;
#3429 = CYLINDRICAL_SURFACE ( 'NONE', #4145, 0.1123199999999999500 ) ;
#3430 =( NAMED_UNIT ( * ) SI_UNIT ( $, .STERADIAN. ) SOLID_ANGLE_UNIT ( ) );
#3431 = STYLED_ITEM ( 'NONE', ( #3577 ), #2366 ) ;
#3432 =( NAMED_UNIT ( * ) SI_UNIT ( $, .STERADIAN. ) SOLID_ANGLE_UNIT ( ) );
#3433 = FILL_AREA_STYLE_COLOUR ( '', #735 ) ;
#3434 = CARTESIAN_POINT ( 'NONE',  ( 6.100000000000000500, 0.1123200000000000000, -5.287679999999999900 ) ) ;
#3435 = PRESENTATION_STYLE_ASSIGNMENT (( #1591 ) ) ;
#3436 = STYLED_ITEM ( 'NONE', ( #599 ), #808 ) ;
#3437 = CARTESIAN_POINT ( 'NONE',  ( 5.262320000000001700, 1.800000000000000000, -0.1123200000000008200 ) ) ;
#3438 = CARTESIAN_POINT ( 'NONE',  ( 0.9500000000000004000, 0.0000000000000000000, -0.1123199999999990900 ) ) ;
#3439 = DIRECTION ( 'NONE',  ( 1.000000000000000000, 0.0000000000000000000, 0.0000000000000000000 ) ) ;
#3440 =( LENGTH_UNIT ( ) NAMED_UNIT ( * ) SI_UNIT ( .MILLI., .METRE. ) );
#3441 = VECTOR ( 'NONE', #3169, 1000.000000000000000 ) ;
#3442 = EDGE_CURVE ( 'NONE', #3954, #3414, #3488, .T. ) ;
#3443 = ADVANCED_FACE ( 'NONE', ( #2512 ), #2833, .F. ) ;
#3444 = CARTESIAN_POINT ( 'NONE',  ( 2.880570220824253600, 1.692680000000000000, -2.306340000000000100 ) ) ;
#3445 = SURFACE_STYLE_USAGE ( .BOTH. , #4146 ) ;
#3446 = VECTOR ( 'NONE', #3492, 1000.000000000000100 ) ;
#3447 = CARTESIAN_POINT ( 'NONE',  ( 0.1123200000000000000, 0.1123200000000000000, -0.1123199999999999900 ) ) ;
#3448 = EDGE_CURVE ( 'NONE', #3983, #767, #3696, .T. ) ;
#3449 = DIRECTION ( 'NONE',  ( 0.2763173343569957400, 0.0000000000000000000, -0.9610664548998910700 ) ) ;
#3450 = CARTESIAN_POINT ( 'NONE',  ( 1.952000000000000400, 1.692680000000000000, -2.306340000000000100 ) ) ;
#3451 = CARTESIAN_POINT ( 'NONE',  ( 5.262320000000001700, 1.687680000000000100, -5.287679999999999900 ) ) ;
#3452 = ADVANCED_FACE ( 'NONE', ( #3310 ), #2062, .T. ) ;
#3453 = AXIS2_PLACEMENT_3D ( 'NONE', #2988, #841, #463 ) ;
#3454 = DIRECTION ( 'NONE',  ( 0.0000000000000000000, 0.0000000000000000000, 1.000000000000000000 ) ) ;
#3455 = CIRCLE ( 'NONE', #3331, 0.1123200000000000000 ) ;
#3456 = CARTESIAN_POINT ( 'NONE',  ( 2.638634807381589300, 1.687680000000000100, -2.655850391644456500 ) ) ;
#3457 = FILL_AREA_STYLE ('',( #2327 ) ) ;
#3458 = SURFACE_SIDE_STYLE ('',( #3603 ) ) ;
#3459 = SURFACE_SIDE_STYLE ('',( #992 ) ) ;
#3460 = COLOUR_RGB ( '',0.7686274509803920900, 0.7686274509803920900, 0.7686274509803920900 ) ;
#3461 = EDGE_LOOP ( 'NONE', ( #3537, #1931, #3821, #4559, #4416, #1146 ) ) ;
#3462 = MECHANICAL_DESIGN_GEOMETRIC_PRESENTATION_REPRESENTATION (  '', ( #1052 ), #4087 ) ;
#3463 = LINE ( 'NONE', #4094, #2481 ) ;
#3464 = DIRECTION ( 'NONE',  ( -0.2745159998572620500, 0.0000000000000000000, 0.9615825319869156800 ) ) ;
#3465 =( NAMED_UNIT ( * ) PLANE_ANGLE_UNIT ( ) SI_UNIT ( $, .RADIAN. ) );
#3466 = DIRECTION ( 'NONE',  ( -0.0000000000000000000, -1.000000000000000000, -0.0000000000000000000 ) ) ;
#3467 = CARTESIAN_POINT ( 'NONE',  ( 5.150942924539806200, 0.1288250177456417600, -5.235259863643313400 ) ) ;
#3468 = EDGE_CURVE ( 'NONE', #3597, #1395, #2216, .T. ) ;
#3469 =( LENGTH_UNIT ( ) NAMED_UNIT ( * ) SI_UNIT ( .MILLI., .METRE. ) );
#3470 = EDGE_LOOP ( 'NONE', ( #2590, #3684, #1286, #1787 ) ) ;
#3471 =( LENGTH_UNIT ( ) NAMED_UNIT ( * ) SI_UNIT ( .MILLI., .METRE. ) );
#3472 =( NAMED_UNIT ( * ) PLANE_ANGLE_UNIT ( ) SI_UNIT ( $, .RADIAN. ) );
#3473 = CARTESIAN_POINT ( 'NONE',  ( 2.367359014849628600, 1.687680000000000100, -2.306340000000000100 ) ) ;
#3474 = ORIENTED_EDGE ( 'NONE', *, *, #148, .F. ) ;
#3475 = ORIENTED_EDGE ( 'NONE', *, *, #1298, .F. ) ;
#3476 = CARTESIAN_POINT ( 'NONE',  ( 5.150008434677455500, 0.2071095243275107900, -5.286303520868485400 ) ) ;
#3477 = ADVANCED_FACE ( 'NONE', ( #491 ), #3647, .F. ) ;
#3478 = EDGE_CURVE ( 'NONE', #706, #2672, #2448, .T. ) ;
#3479 = VERTEX_POINT ( 'NONE', #2556 ) ;
#3480 = VECTOR ( 'NONE', #4227, 1000.000000000000000 ) ;
#3481 = SURFACE_STYLE_USAGE ( .BOTH. , #1012 ) ;
#3482 = AXIS2_PLACEMENT_3D ( 'NONE', #323, #1514, #4570 ) ;
#3483 = ORIENTED_EDGE ( 'NONE', *, *, #2287, .F. ) ;
#3484 = VERTEX_POINT ( 'NONE', #2527 ) ;
#3485 = DIRECTION ( 'NONE',  ( -1.930559423941426000E-015, -1.000000000000000000, -1.490823875747620200E-029 ) ) ;
#3486 = EDGE_LOOP ( 'NONE', ( #2043, #4330, #4665, #2894 ) ) ;
#3487 = LINE ( 'NONE', #3588, #1411 ) ;
#3488 = CIRCLE ( 'NONE', #2112, 0.1123199999999999500 ) ;
#3489 = LINE ( 'NONE', #2726, #949 ) ;
#3490 = DIRECTION ( 'NONE',  ( 0.0000000000000000000, 0.0000000000000000000, 1.000000000000000000 ) ) ;
#3491 = ORIENTED_EDGE ( 'NONE', *, *, #1179, .T. ) ;
#3492 = DIRECTION ( 'NONE',  ( 0.2762033010289141100, 0.0000000000000000000, -0.9610992334305189500 ) ) ;
#3493 =( NAMED_UNIT ( * ) SI_UNIT ( $, .STERADIAN. ) SOLID_ANGLE_UNIT ( ) );
#3494 = CARTESIAN_POINT ( 'NONE',  ( 0.9450742240999389100, 1.654782233662874100, -5.254782233662871800 ) ) ;
#3495 = CARTESIAN_POINT ( 'NONE',  ( 5.154925775900062800, 0.1452177663371273500, -5.254782233662873600 ) ) ;
#3496 = EDGE_LOOP ( 'NONE', ( #3625, #1897, #2509 ) ) ;
#3497 = SURFACE_STYLE_FILL_AREA ( #3562 ) ;
#3498 = PRESENTATION_STYLE_ASSIGNMENT (( #2868 ) ) ;
#3499 = DIRECTION ( 'NONE',  ( -0.0000000000000000000, -0.0000000000000000000, 1.000000000000000000 ) ) ;
#3500 = VERTEX_POINT ( 'NONE', #3289 ) ;
#3501 = AXIS2_PLACEMENT_3D ( 'NONE', #3904, #1415, #2083 ) ;
#3502 = DIRECTION ( 'NONE',  ( 0.2755520632520533900, 0.0000000000000000000, -0.9612861490927331300 ) ) ;
#3503 = SPHERICAL_SURFACE ( 'NONE', #1472, 0.1123200000000000000 ) ;
#3504 = EDGE_CURVE ( 'NONE', #2672, #2212, #1616, .T. ) ;
#3505 = DIRECTION ( 'NONE',  ( -0.05375259206908433700, 0.0000000000000000000, 0.9985542843760946100 ) ) ;
#3506 = COLOUR_RGB ( '',0.7686274509803920900, 0.7686274509803920900, 0.7686274509803920900 ) ;
#3507 = ADVANCED_FACE ( 'NONE', ( #3084 ), #4625, .T. ) ;
#3508 = PRESENTATION_STYLE_ASSIGNMENT (( #3979 ) ) ;
#3509 = CARTESIAN_POINT ( 'NONE',  ( -0.0004046433776270716400, 1.687679999999999600, -0.8546536584304120800 ) ) ;
#3510 = PRODUCT_CONTEXT ( 'NONE', #3141, 'mechanical' ) ;
#3511 = AXIS2_PLACEMENT_3D ( 'NONE', #2182, #410, #1512 ) ;
#3512 = DIRECTION ( 'NONE',  ( -1.000000000000000000, 0.0000000000000000000, 0.0000000000000000000 ) ) ;
#3513 =( NAMED_UNIT ( * ) PLANE_ANGLE_UNIT ( ) SI_UNIT ( $, .RADIAN. ) );
#3514 = EDGE_CURVE ( 'NONE', #1051, #2861, #1727, .T. ) ;
#3515 = B_SPLINE_CURVE_WITH_KNOTS ( 'NONE', 3,
 ( #4561, #1290, #2354, #221, #3810, #3467, #1639, #1304, #3832, #3495 ),
 .UNSPECIFIED., .F., .F.,
 ( 4, 3, 3, 4 ),
 ( 0.0000000000000000000, 3.737793887600223000E-005, 7.483306597327436300E-005, 8.800504568266226500E-005 ),
 .UNSPECIFIED. ) ;
#3516 = EDGE_CURVE ( 'NONE', #1845, #4614, #1468, .T. ) ;
#3517 = CARTESIAN_POINT ( 'NONE',  ( 5.149945626467080700, 1.600449019974530300, -5.285548504708505600 ) ) ;
#3518 = CIRCLE ( 'NONE', #1498, 0.1123199999999999500 ) ;
#3519 = SURFACE_SIDE_STYLE ('',( #4077 ) ) ;
#3520 = FILL_AREA_STYLE_COLOUR ( '', #4348 ) ;
#3521 = COLOUR_RGB ( '',0.7686274509803920900, 0.7686274509803920900, 0.7686274509803920900 ) ;
#3522 = CARTESIAN_POINT ( 'NONE',  ( 4.014068801214898800, 1.692680000000000000, -2.654669085607061600 ) ) ;
#3523 = DIRECTION ( 'NONE',  ( 0.0000000000000000000, 0.0000000000000000000, 1.000000000000000000 ) ) ;
#3524 = STYLED_ITEM ( 'NONE', ( #2758 ), #2691 ) ;
#3525 = CARTESIAN_POINT ( 'NONE',  ( 0.9500000000000000700, 1.575360000000000100, -0.2246399999999990300 ) ) ;
#3526 = CARTESIAN_POINT ( 'NONE',  ( 0.9499139314811450000, 0.1840563693920427000, -0.1192533956990781400 ) ) ;
#3527 = ORIENTED_EDGE ( 'NONE', *, *, #3770, .F. ) ;
#3528 = EDGE_CURVE ( 'NONE', #3414, #766, #2813, .T. ) ;
#3529 = EDGE_LOOP ( 'NONE', ( #2897, #1643, #1606, #2331 ) ) ;
#3530 = VECTOR ( 'NONE', #1015, 1000.000000000000000 ) ;
#3531 = EDGE_LOOP ( 'NONE', ( #3824, #4494, #1937, #2268 ) ) ;
#3532 = VECTOR ( 'NONE', #2235, 1000.000000000000000 ) ;
#3533 = CARTESIAN_POINT ( 'NONE',  ( 2.615271199120354300, 1.692680000000000000, -2.575558332963582500 ) ) ;
#3534 = VERTEX_POINT ( 'NONE', #1895 ) ;
#3535 = AXIS2_PLACEMENT_3D ( 'NONE', #2432, #4206, #2388 ) ;
#3536 = DIRECTION ( 'NONE',  ( 0.9610029908221275900, 0.0000000000000000000, 0.2765379750249968800 ) ) ;
#3537 = ORIENTED_EDGE ( 'NONE', *, *, #3291, .F. ) ;
#3538 = CARTESIAN_POINT ( 'NONE',  ( 5.987680000000000100, 1.687680000000000100, -5.287679999999999900 ) ) ;
#3539 = EDGE_CURVE ( 'NONE', #4156, #3882, #791, .T. ) ;
#3540 = ORIENTED_EDGE ( 'NONE', *, *, #2804, .T. ) ;
#3541 = CIRCLE ( 'NONE', #2728, 0.1123200000000000200 ) ;
#3542 = DIRECTION ( 'NONE',  ( 0.0000000000000000000, 0.0000000000000000000, -1.000000000000000000 ) ) ;
#3543 = B_SPLINE_CURVE_WITH_KNOTS ( 'NONE', 3,
 ( #2299, #1906, #2245, #1585, #4079, #116, #3724, #2626, #477, #145 ),
 .UNSPECIFIED., .F., .F.,
 ( 4, 3, 3, 4 ),
 ( 0.0000000000000000000, 3.737793887600313800E-005, 7.483306597327603000E-005, 8.800504568266264500E-005 ),
 .UNSPECIFIED. ) ;
#3544 = DIRECTION ( 'NONE',  ( 1.000000000000000000, 0.0000000000000000000, 0.0000000000000000000 ) ) ;
#3545 = UNCERTAINTY_MEASURE_WITH_UNIT (LENGTH_MEASURE( 1.000000000000000100E-005 ), #1382, 'distance_accuracy_value', 'NONE');
#3546 = CARTESIAN_POINT ( 'NONE',  ( 0.9500027774523907000, 0.2128991596773416300, -0.1127816437192390700 ) ) ;
#3547 = ORIENTED_EDGE ( 'NONE', *, *, #3528, .T. ) ;
#3548 = COLOUR_RGB ( '',0.7686274509803920900, 0.7686274509803920900, 0.7686274509803920900 ) ;
#3549 = COLOUR_RGB ( '',0.7686274509803920900, 0.7686274509803920900, 0.7686274509803920900 ) ;
#3550 = EDGE_CURVE ( 'NONE', #1353, #248, #4492, .T. ) ;
#3551 = VECTOR ( 'NONE', #2594, 1000.000000000000000 ) ;
#3552 = ORIENTED_EDGE ( 'NONE', *, *, #674, .T. ) ;
#3553 = EDGE_LOOP ( 'NONE', ( #4471, #553, #938, #2101 ) ) ;
#3554 = COLOUR_RGB ( '',0.7686274509803920900, 0.7686274509803920900, 0.7686274509803920900 ) ;
#3555 = FACE_OUTER_BOUND ( 'NONE', #648, .T. ) ;
#3556 = ORIENTED_EDGE ( 'NONE', *, *, #1834, .F. ) ;
#3557 = CARTESIAN_POINT ( 'NONE',  ( 5.154925775900062800, 0.1452177663371260800, -0.1452177663371269400 ) ) ;
#3558 = PRESENTATION_STYLE_ASSIGNMENT (( #2502 ) ) ;
#3559 = CARTESIAN_POINT ( 'NONE',  ( 2.074749509818183000, 1.687680000000000100, -2.306340000000000100 ) ) ;
#3560 = SURFACE_STYLE_FILL_AREA ( #4542 ) ;
#3561 = STYLED_ITEM ( 'NONE', ( #2734 ), #99 ) ;
#3562 = FILL_AREA_STYLE ('',( #1392 ) ) ;
#3563 = DIRECTION ( 'NONE',  ( 1.000000000000000000, 0.0000000000000000000, 0.0000000000000000000 ) ) ;
#3564 = UNCERTAINTY_MEASURE_WITH_UNIT (LENGTH_MEASURE( 1.000000000000000100E-005 ), #2786, 'distance_accuracy_value', 'NONE');
#3565 = DIRECTION ( 'NONE',  ( 0.0000000000000000000, -1.000000000000000000, 0.0000000000000000000 ) ) ;
#3566 = CARTESIAN_POINT ( 'NONE',  ( 2.800552488001332400, 1.692680000000000000, -2.575558332963582500 ) ) ;
#3568 = EDGE_CURVE ( 'NONE', #2332, #3129, #1361, .T. ) ;
#3567 = UNCERTAINTY_MEASURE_WITH_UNIT (LENGTH_MEASURE( 1.000000000000000100E-005 ), #122, 'distance_accuracy_value', 'NONE');
#3569 = CARTESIAN_POINT ( 'NONE',  ( 0.8376799999999977600, 1.015922146779545200E-014, -5.287679999999999900 ) ) ;
#3570 =( GEOMETRIC_REPRESENTATION_CONTEXT ( 3 ) GLOBAL_UNCERTAINTY_ASSIGNED_CONTEXT ( ( #1187 ) ) GLOBAL_UNIT_ASSIGNED_CONTEXT ( ( #585, #4515, #1663 ) ) REPRESENTATION_CONTEXT ( 'NONE', 'WORKASPACE' ) );
#3571 = PRESENTATION_STYLE_ASSIGNMENT (( #952 ) ) ;
#3572 = ORIENTED_EDGE ( 'NONE', *, *, #3144, .T. ) ;
#3573 = DIRECTION ( 'NONE',  ( 0.0000000000000000000, -1.000000000000000000, 0.0000000000000000000 ) ) ;
#3574 = LINE ( 'NONE', #4433, #311 ) ;
#3575 =( NAMED_UNIT ( * ) SI_UNIT ( $, .STERADIAN. ) SOLID_ANGLE_UNIT ( ) );
#3576 = PRODUCT_DEFINITION_FORMATION_WITH_SPECIFIED_SOURCE ( 'ANY', '', #1059, .NOT_KNOWN. ) ;
#3577 = PRESENTATION_STYLE_ASSIGNMENT (( #1601 ) ) ;
#3578 = DIRECTION ( 'NONE',  ( -1.000000000000000000, 0.0000000000000000000, 0.0000000000000000000 ) ) ;
#3579 = MECHANICAL_DESIGN_GEOMETRIC_PRESENTATION_REPRESENTATION (  '', ( #4117 ), #3159 ) ;
#3580 = VECTOR ( 'NONE', #4504, 1000.000000000000000 ) ;
#3581 = FILL_AREA_STYLE ('',( #686 ) ) ;
#3582 = ORIENTED_EDGE ( 'NONE', *, *, #4536, .T. ) ;
#3583 = VECTOR ( 'NONE', #3867, 1000.000000000000000 ) ;
#3584 = EDGE_CURVE ( 'NONE', #248, #994, #2456, .T. ) ;
#3585 = VERTEX_POINT ( 'NONE', #455 ) ;
#3586 = CARTESIAN_POINT ( 'NONE',  ( 5.154925775900062800, 0.1452177663371273500, -5.254782233662873600 ) ) ;
#3587 = ORIENTED_EDGE ( 'NONE', *, *, #457, .F. ) ;
#3588 = CARTESIAN_POINT ( 'NONE',  ( 2.539739803763988700, 1.687680000000000100, -2.738018101797654100 ) ) ;
#3589 = PRESENTATION_LAYER_ASSIGNMENT (  '', '', ( #52 ) ) ;
#3590 = CARTESIAN_POINT ( 'NONE',  ( 0.9493285855785340600, 1.626392684038425100, -5.275417221427712600 ) ) ;
#3591 = ORIENTED_EDGE ( 'NONE', *, *, #1135, .F. ) ;
#3592 =( GEOMETRIC_REPRESENTATION_CONTEXT ( 3 ) GLOBAL_UNCERTAINTY_ASSIGNED_CONTEXT ( ( #1849 ) ) GLOBAL_UNIT_ASSIGNED_CONTEXT ( ( #1850, #2554, #3270 ) ) REPRESENTATION_CONTEXT ( 'NONE', 'WORKASPACE' ) );
#3593 = FILL_AREA_STYLE_COLOUR ( '', #3273 ) ;
#3594 = LINE ( 'NONE', #4557, #2001 ) ;
#3595 = SURFACE_SIDE_STYLE ('',( #95 ) ) ;
#3596 = EDGE_CURVE ( 'NONE', #3206, #3685, #4381, .T. ) ;
#3597 = VERTEX_POINT ( 'NONE', #790 ) ;
#3598 = DIRECTION ( 'NONE',  ( 0.0000000000000000000, 1.000000000000000000, 0.0000000000000000000 ) ) ;
#3599 = ORIENTED_EDGE ( 'NONE', *, *, #3201, .T. ) ;
#3600 = CARTESIAN_POINT ( 'NONE',  ( 0.9460158448510949100, 0.1482916719885578900, -5.257856139314826600 ) ) ;
#3601 = VERTEX_POINT ( 'NONE', #3669 ) ;
#3602 = VECTOR ( 'NONE', #3222, 1000.000000000000200 ) ;
#3603 = SURFACE_STYLE_FILL_AREA ( #3855 ) ;
#3604 = ORIENTED_EDGE ( 'NONE', *, *, #2098, .F. ) ;
#3605 = ORIENTED_EDGE ( 'NONE', *, *, #2863, .T. ) ;
#3606 = VECTOR ( 'NONE', #3197, 1000.000000000000000 ) ;
#3607 = MECHANICAL_DESIGN_GEOMETRIC_PRESENTATION_REPRESENTATION (  '', ( #3778 ), #2215 ) ;
#3608 = FACE_OUTER_BOUND ( 'NONE', #4021, .T. ) ;
#3609 = DIRECTION ( 'NONE',  ( 0.0000000000000000000, 0.0000000000000000000, -1.000000000000000000 ) ) ;
#3610 = PRESENTATION_LAYER_ASSIGNMENT (  '', '', ( #2442 ) ) ;
#3611 =( NAMED_UNIT ( * ) PLANE_ANGLE_UNIT ( ) SI_UNIT ( $, .RADIAN. ) );
#3612 = CARTESIAN_POINT ( 'NONE',  ( 5.150000000000002100, 1.687680000000000100, -5.181221478228865300 ) ) ;
#3613 = SURFACE_STYLE_USAGE ( .BOTH. , #3255 ) ;
#3614 = VECTOR ( 'NONE', #349, 1000.000000000000000 ) ;
#3615 = FACE_OUTER_BOUND ( 'NONE', #1149, .T. ) ;
#3616 = DIRECTION ( 'NONE',  ( -1.930559423941426400E-015, -1.000000000000000000, 0.0000000000000000000 ) ) ;
#3617 = UNCERTAINTY_MEASURE_WITH_UNIT (LENGTH_MEASURE( 1.000000000000000100E-005 ), #4537, 'distance_accuracy_value', 'NONE');
#3618 = LINE ( 'NONE', #3028, #2639 ) ;
#3619 = CARTESIAN_POINT ( 'NONE',  ( 2.415520223519360700, 1.687680000000000100, -2.306340000000000100 ) ) ;
#3620 = SURFACE_SIDE_STYLE ('',( #561 ) ) ;
#3621 = EDGE_CURVE ( 'NONE', #934, #1542, #3150, .T. ) ;
#3622 = AXIS2_PLACEMENT_3D ( 'NONE', #3054, #878, #134 ) ;
#3623 = ORIENTED_EDGE ( 'NONE', *, *, #2077, .T. ) ;
#3624 = SURFACE_STYLE_USAGE ( .BOTH. , #721 ) ;
#3625 = ORIENTED_EDGE ( 'NONE', *, *, #940, .T. ) ;
#3626 = ORIENTED_EDGE ( 'NONE', *, *, #4596, .F. ) ;
#3627 = COLOUR_RGB ( '',0.7921568627450980000, 0.8196078431372548800, 0.9333333333333333500 ) ;
#3628 = EDGE_LOOP ( 'NONE', ( #1888, #2947, #2519, #4384 ) ) ;
#3629 =( NAMED_UNIT ( * ) SI_UNIT ( $, .STERADIAN. ) SOLID_ANGLE_UNIT ( ) );
#3630 = AXIS2_PLACEMENT_3D ( 'NONE', #4678, #1725, #2873 ) ;
#3631 = EDGE_LOOP ( 'NONE', ( #1485, #3367, #657 ) ) ;
#3632 = VERTEX_POINT ( 'NONE', #1139 ) ;
#3633 = STYLED_ITEM ( 'NONE', ( #4609 ), #360 ) ;
#3634 = LINE ( 'NONE', #2285, #3354 ) ;
#3635 = CARTESIAN_POINT ( 'NONE',  ( 0.9450742240999389100, 1.654782233662874100, -5.254782233662871800 ) ) ;
#3636 = ORIENTED_EDGE ( 'NONE', *, *, #4018, .F. ) ;
#3637 = LINE ( 'NONE', #3263, #4663 ) ;
#3638 = VECTOR ( 'NONE', #2322, 1000.000000000000000 ) ;
#3639 = EDGE_LOOP ( 'NONE', ( #4073, #4595, #2604, #621, #3812, #2421, #4090, #22 ) ) ;
#3640 = VERTEX_POINT ( 'NONE', #2944 ) ;
#3641 = EDGE_CURVE ( 'NONE', #1121, #2050, #2647, .T. ) ;
#3642 = PRESENTATION_STYLE_ASSIGNMENT (( #2824 ) ) ;
#3643 = FACE_OUTER_BOUND ( 'NONE', #2373, .T. ) ;
#3644 = ADVANCED_FACE ( 'NONE', ( #1604 ), #1939, .F. ) ;
#3645 = ORIENTED_EDGE ( 'NONE', *, *, #2689, .T. ) ;
#3646 = DIRECTION ( 'NONE',  ( -0.0000000000000000000, 1.000000000000000000, -0.0000000000000000000 ) ) ;
#3647 = PLANE ( 'NONE',  #341 ) ;
#3648 = AXIS2_PLACEMENT_3D ( 'NONE', #3816, #4548, #228 ) ;
#3649 = DIRECTION ( 'NONE',  ( 1.000000000000000000, 0.0000000000000000000, 0.0000000000000000000 ) ) ;
#3650 = DIRECTION ( 'NONE',  ( -1.930559423941426400E-015, -1.000000000000000000, 0.0000000000000000000 ) ) ;
#3651 =( GEOMETRIC_REPRESENTATION_CONTEXT ( 3 ) GLOBAL_UNCERTAINTY_ASSIGNED_CONTEXT ( ( #3957 ) ) GLOBAL_UNIT_ASSIGNED_CONTEXT ( ( #3923, #3205, #2412 ) ) REPRESENTATION_CONTEXT ( 'NONE', 'WORKASPACE' ) );
#3652 = ADVANCED_FACE ( 'NONE', ( #2679 ), #3316, .F. ) ;
#3653 = SURFACE_STYLE_FILL_AREA ( #1682 ) ;
#3654 = CARTESIAN_POINT ( 'NONE',  ( 2.615271199120354300, 1.692680000000000000, -2.575558332963582500 ) ) ;
#3655 = CARTESIAN_POINT ( 'NONE',  ( 2.638634807381589300, 1.692680000000000000, -2.655850391644456500 ) ) ;
#3656 = DIRECTION ( 'NONE',  ( 1.000000000000000000, 0.0000000000000000000, 0.0000000000000000000 ) ) ;
#3657 = EDGE_CURVE ( 'NONE', #4334, #1162, #2449, .T. ) ;
#3658 = CARTESIAN_POINT ( 'NONE',  ( 0.9475689629372265900, 1.662926268094176300, -0.1533618007684293400 ) ) ;
#3659 = ADVANCED_FACE ( 'NONE', ( #3643 ), #171, .F. ) ;
#3660 = AXIS2_PLACEMENT_3D ( 'NONE', #1932, #921, #1284 ) ;
#3661 = CARTESIAN_POINT ( 'NONE',  ( 0.9467686591984301200, 1.660786387578708800, -5.248418451054838800 ) ) ;
#3662 = FACE_OUTER_BOUND ( 'NONE', #875, .T. ) ;
#3663 = CARTESIAN_POINT ( 'NONE',  ( 3.084457079766795000, 1.692680000000000000, -2.306340000000000100 ) ) ;
#3664 = EDGE_CURVE ( 'NONE', #3307, #42, #1119, .T. ) ;
#3665 = CIRCLE ( 'NONE', #1763, 0.1123200000000000000 ) ;
#3666 = EDGE_LOOP ( 'NONE', ( #3060, #2118, #1055, #1448, #316, #616 ) ) ;
#3667 = CARTESIAN_POINT ( 'NONE',  ( 3.339067907317992300, 1.692680000000000000, -2.306340000000000100 ) ) ;
#3668 = CARTESIAN_POINT ( 'NONE',  ( 3.068941737194691700, 1.692680000000000000, -2.429621719490298500 ) ) ;
#3669 = CARTESIAN_POINT ( 'NONE',  ( 0.8376800000000002000, 1.687680000000000100, 0.0000000000000000000 ) ) ;
#3670 = CYLINDRICAL_SURFACE ( 'NONE', #412, 0.1123199999999999500 ) ;
#3671 = PLANE ( 'NONE',  #4251 ) ;
#3672 = EDGE_CURVE ( 'NONE', #2859, #3728, #46, .T. ) ;
#3673 =( NAMED_UNIT ( * ) PLANE_ANGLE_UNIT ( ) SI_UNIT ( $, .RADIAN. ) );
#3674 = CYLINDRICAL_SURFACE ( 'NONE', #715, 0.1123199999999999500 ) ;
#3675 = FILL_AREA_STYLE_COLOUR ( '', #3723 ) ;
#3676 = AXIS2_PLACEMENT_3D ( 'NONE', #1259, #2311, #3784 ) ;
#3677 = ORIENTED_EDGE ( 'NONE', *, *, #514, .T. ) ;
#3678 =( NAMED_UNIT ( * ) SI_UNIT ( $, .STERADIAN. ) SOLID_ANGLE_UNIT ( ) );
#3679 = ADVANCED_FACE ( 'NONE', ( #665 ), #1237, .F. ) ;
#3680 = STYLED_ITEM ( 'NONE', ( #3435 ), #2869 ) ;
#3681 = ORIENTED_EDGE ( 'NONE', *, *, #298, .F. ) ;
#3682 = DIRECTION ( 'NONE',  ( 0.0000000000000000000, -0.0000000000000000000, 1.000000000000000000 ) ) ;
#3683 = ORIENTED_EDGE ( 'NONE', *, *, #4441, .F. ) ;
#3684 = ORIENTED_EDGE ( 'NONE', *, *, #4411, .F. ) ;
#3685 = VERTEX_POINT ( 'NONE', #3718 ) ;
#3686 = STYLED_ITEM ( 'NONE', ( #1582 ), #1985 ) ;
#3687 = CIRCLE ( 'NONE', #1702, 0.1123199999999999500 ) ;
#3688 = PLANE ( 'NONE',  #43 ) ;
#3689 = ORIENTED_EDGE ( 'NONE', *, *, #286, .T. ) ;
#3690 = CARTESIAN_POINT ( 'NONE',  ( 2.777758531761730200, 1.692680000000000000, -2.495755860006286600 ) ) ;
#3691 =( GEOMETRIC_REPRESENTATION_CONTEXT ( 3 ) GLOBAL_UNCERTAINTY_ASSIGNED_CONTEXT ( ( #3822 ) ) GLOBAL_UNIT_ASSIGNED_CONTEXT ( ( #2602, #1196, #114 ) ) REPRESENTATION_CONTEXT ( 'NONE', 'WORKASPACE' ) );
#3692 = ORIENTED_EDGE ( 'NONE', *, *, #2297, .F. ) ;
#3693 = ORIENTED_EDGE ( 'NONE', *, *, #3338, .F. ) ;
#3694 = CARTESIAN_POINT ( 'NONE',  ( 2.901706411273204300, 1.692680000000000000, -2.738018101797654100 ) ) ;
#3695 = FACE_OUTER_BOUND ( 'NONE', #433, .T. ) ;
#3696 = B_SPLINE_CURVE_WITH_KNOTS ( 'NONE', 3,
 ( #2171, #3280, #1838, #1081, #1820, #3961, #4360, #2886, #3612, #1122 ),
 .UNSPECIFIED., .F., .F.,
 ( 4, 3, 3, 4 ),
 ( 0.0000000000000000000, 3.535348412143671700E-005, 7.052049924266361700E-005, 8.790586026857473900E-005 ),
 .UNSPECIFIED. ) ;
#3697 = EDGE_LOOP ( 'NONE', ( #4140, #4564, #1557, #3246 ) ) ;
#3698 = DIRECTION ( 'NONE',  ( 0.0000000000000000000, 1.000000000000000000, 0.0000000000000000000 ) ) ;
#3699 = VERTEX_POINT ( 'NONE', #2641 ) ;
#3700 =( NAMED_UNIT ( * ) SI_UNIT ( $, .STERADIAN. ) SOLID_ANGLE_UNIT ( ) );
#3701 = LINE ( 'NONE', #1720, #836 ) ;
#3702 = EDGE_CURVE ( 'NONE', #212, #3357, #159, .T. ) ;
#3703 = VECTOR ( 'NONE', #3100, 1000.000000000000000 ) ;
#3704 = CARTESIAN_POINT ( 'NONE',  ( 0.9500000000000000700, 0.1123199999999999500, -5.175359999999999500 ) ) ;
#3705 = CARTESIAN_POINT ( 'NONE',  ( 0.9499999999999969600, 0.1123199999999999900, -5.181221478228863500 ) ) ;
#3706 = CARTESIAN_POINT ( 'NONE',  ( 3.463233672509940400, 1.692680000000000000, -2.738018101797654100 ) ) ;
#3707 = AXIS2_PLACEMENT_3D ( 'NONE', #2486, #1911, #3656 ) ;
#3708 = VECTOR ( 'NONE', #3853, 1000.000000000000000 ) ;
#3709 = CARTESIAN_POINT ( 'NONE',  ( 0.9450742240999358000, 0.1452177663371254900, -5.254782233662870900 ) ) ;
#3710 = DIRECTION ( 'NONE',  ( 1.000000000000000000, 0.0000000000000000000, 0.0000000000000000000 ) ) ;
#3711 = DIRECTION ( 'NONE',  ( -1.000000000000000000, 0.0000000000000000000, 0.0000000000000000000 ) ) ;
#3712 = PRESENTATION_STYLE_ASSIGNMENT (( #1034 ) ) ;
#3713 = DIRECTION ( 'NONE',  ( -0.0000000000000000000, 1.000000000000000000, 0.0000000000000000000 ) ) ;
#3714 = LINE ( 'NONE', #3720, #11 ) ;
#3715 = AXIS2_PLACEMENT_3D ( 'NONE', #4652, #1733, #338 ) ;
#3716 = SURFACE_SIDE_STYLE ('',( #423 ) ) ;
#3717 = VECTOR ( 'NONE', #3341, 1000.000000000000000 ) ;
#3718 = CARTESIAN_POINT ( 'NONE',  ( 5.262320000000001700, 0.0000000000000000000, -0.1123199999999999900 ) ) ;
#3719 = AXIS2_PLACEMENT_3D ( 'NONE', #2032, #1476, #4345 ) ;
#3720 = CARTESIAN_POINT ( 'NONE',  ( 0.0000000000000000000, 1.687680000000000100, -5.400000000000000400 ) ) ;
#3721 = PRESENTATION_LAYER_ASSIGNMENT (  '', '', ( #3168 ) ) ;
#3722 = SURFACE_SIDE_STYLE ('',( #998 ) ) ;
#3723 = COLOUR_RGB ( '',0.7686274509803920900, 0.7686274509803920900, 0.7686274509803920900 ) ;
#3724 = CARTESIAN_POINT ( 'NONE',  ( 0.9473702207239188500, 1.644959421310642900, -0.1364827373767550100 ) ) ;
#3726 = EDGE_CURVE ( 'NONE', #2005, #1949, #4389, .T. ) ;
#3725 = ORIENTED_EDGE ( 'NONE', *, *, #195, .T. ) ;
#3727 = CARTESIAN_POINT ( 'NONE',  ( 6.100000000000000500, 0.0000000000000000000, -5.400000000000000400 ) ) ;
#3728 = VERTEX_POINT ( 'NONE', #4469 ) ;
#3729 = ORIENTED_EDGE ( 'NONE', *, *, #4656, .F. ) ;
#3730 = LINE ( 'NONE', #1709, #1926 ) ;
#3731 = ADVANCED_FACE ( 'NONE', ( #3555 ), #2742, .T. ) ;
#3732 = DIRECTION ( 'NONE',  ( -0.4668459304955247000, 0.0000000000000000000, 0.8843386665637592600 ) ) ;
#3733 = CARTESIAN_POINT ( 'NONE',  ( 6.100000000000000500, 0.0000000000000000000, -0.1123199999999999900 ) ) ;
#3734 = EDGE_CURVE ( 'NONE', #2269, #803, #3489, .T. ) ;
#3735 = ORIENTED_EDGE ( 'NONE', *, *, #2524, .F. ) ;
#3736 = CIRCLE ( 'NONE', #1883, 0.1123200000000000000 ) ;
#3737 = ORIENTED_EDGE ( 'NONE', *, *, #3069, .F. ) ;
#3738 = VECTOR ( 'NONE', #203, 999.9999999999998900 ) ;
#3739 = DIRECTION ( 'NONE',  ( 0.0000000000000000000, 0.0000000000000000000, 1.000000000000000000 ) ) ;
#3740 =( NAMED_UNIT ( * ) SI_UNIT ( $, .STERADIAN. ) SOLID_ANGLE_UNIT ( ) );
#3741 = ORIENTED_EDGE ( 'NONE', *, *, #2243, .T. ) ;
#3742 = VERTEX_POINT ( 'NONE', #4110 ) ;
#3743 = CARTESIAN_POINT ( 'NONE',  ( 2.329662227036263000, 1.692680000000000000, -2.738018101797654100 ) ) ;
#3744 = LINE ( 'NONE', #419, #264 ) ;
#3745 = AXIS2_PLACEMENT_3D ( 'NONE', #1347, #4244, #4191 ) ;
#3746 =( NAMED_UNIT ( * ) PLANE_ANGLE_UNIT ( ) SI_UNIT ( $, .RADIAN. ) );
#3747 = ORIENTED_EDGE ( 'NONE', *, *, #3596, .F. ) ;
#3748 = ORIENTED_EDGE ( 'NONE', *, *, #1780, .F. ) ;
#3749 = DIRECTION ( 'NONE',  ( -1.000000000000000000, 0.0000000000000000000, 0.0000000000000000000 ) ) ;
#3750 = EDGE_CURVE ( 'NONE', #495, #25, #4224, .T. ) ;
#3751 = UNCERTAINTY_MEASURE_WITH_UNIT (LENGTH_MEASURE( 1.000000000000000100E-005 ), #401, 'distance_accuracy_value', 'NONE');
#3752 = CIRCLE ( 'NONE', #2747, 0.1123199999999999500 ) ;
#3753 =( LENGTH_UNIT ( ) NAMED_UNIT ( * ) SI_UNIT ( .MILLI., .METRE. ) );
#3754 = VERTEX_POINT ( 'NONE', #1609 ) ;
#3755 =( NAMED_UNIT ( * ) PLANE_ANGLE_UNIT ( ) SI_UNIT ( $, .RADIAN. ) );
#3756 =( GEOMETRIC_REPRESENTATION_CONTEXT ( 3 ) GLOBAL_UNCERTAINTY_ASSIGNED_CONTEXT ( ( #2076 ) ) GLOBAL_UNIT_ASSIGNED_CONTEXT ( ( #670, #1033, #3493 ) ) REPRESENTATION_CONTEXT ( 'NONE', 'WORKASPACE' ) );
#3757 = ORIENTED_EDGE ( 'NONE', *, *, #3033, .T. ) ;
#3758 = LINE ( 'NONE', #2597, #2333 ) ;
#3759 = FILL_AREA_STYLE ('',( #2750 ) ) ;
#3760 = VECTOR ( 'NONE', #4378, 1000.000000000000000 ) ;
#3761 = STYLED_ITEM ( 'NONE', ( #1096 ), #627 ) ;
#3762 = ORIENTED_EDGE ( 'NONE', *, *, #2774, .T. ) ;
#3763 = DIRECTION ( 'NONE',  ( 0.0000000000000000000, 1.000000000000000000, 0.0000000000000000000 ) ) ;
#3764 = DIRECTION ( 'NONE',  ( 0.0000000000000000000, -1.000000000000000000, 0.0000000000000000000 ) ) ;
#3765 = EDGE_CURVE ( 'NONE', #1408, #3585, #1113, .T. ) ;
#3766 = CIRCLE ( 'NONE', #1315, 0.1123200000000000000 ) ;
#3767 = DIRECTION ( 'NONE',  ( -1.000000000000000000, 0.0000000000000000000, 0.0000000000000000000 ) ) ;
#3768 = DIRECTION ( 'NONE',  ( 0.0000000000000000000, 0.0000000000000000000, 1.000000000000000000 ) ) ;
#3769 = LINE ( 'NONE', #2765, #166 ) ;
#3770 = EDGE_CURVE ( 'NONE', #4101, #1500, #3515, .T. ) ;
#3771 = FACE_OUTER_BOUND ( 'NONE', #1600, .T. ) ;
#3772 = SURFACE_STYLE_USAGE ( .BOTH. , #1656 ) ;
#3773 =( NAMED_UNIT ( * ) PLANE_ANGLE_UNIT ( ) SI_UNIT ( $, .RADIAN. ) );
#3774 = FILL_AREA_STYLE_COLOUR ( '', #3423 ) ;
#3775 = FACE_OUTER_BOUND ( 'NONE', #920, .T. ) ;
#3776 = CARTESIAN_POINT ( 'NONE',  ( 0.8376800000000002000, 1.687680000000000100, -5.287679999999999900 ) ) ;
#3777 = ADVANCED_FACE ( 'NONE', ( #4096 ), #1792, .T. ) ;
#3778 = STYLED_ITEM ( 'NONE', ( #4095 ), #4500 ) ;
#3779 = DIRECTION ( 'NONE',  ( 1.000000000000000000, 0.0000000000000000000, -7.360257803776688000E-015 ) ) ;
#3780 = CARTESIAN_POINT ( 'NONE',  ( 3.085542842605907100, 1.692680000000000000, -2.738018101797654100 ) ) ;
#3781 = FACE_OUTER_BOUND ( 'NONE', #1987, .T. ) ;
#3782 = DIRECTION ( 'NONE',  ( 0.0000000000000000000, -1.000000000000000000, 0.0000000000000000000 ) ) ;
#3783 = CIRCLE ( 'NONE', #2548, 0.1123200000000000000 ) ;
#3784 = DIRECTION ( 'NONE',  ( 1.000000000000000000, 0.0000000000000000000, 0.0000000000000000000 ) ) ;
#3785 = CARTESIAN_POINT ( 'NONE',  ( 3.759893744335364400, 1.692680000000000000, -2.655279427059919600 ) ) ;
#3786 = VECTOR ( 'NONE', #1138, 1000.000000000000100 ) ;
#3787 = PRESENTATION_LAYER_ASSIGNMENT (  '', '', ( #798 ) ) ;
#3788 = UNCERTAINTY_MEASURE_WITH_UNIT (LENGTH_MEASURE( 1.000000000000000100E-005 ), #3030, 'distance_accuracy_value', 'NONE');
#3789 = ADVANCED_FACE ( 'NONE', ( #1219 ), #4166, .F. ) ;
#3790 = ADVANCED_FACE ( 'NONE', ( #1462 ), #3138, .T. ) ;
#3791 = SURFACE_SIDE_STYLE ('',( #2567 ) ) ;
#3792 = STYLED_ITEM ( 'NONE', ( #3879 ), #260 ) ;
#3793 = VECTOR ( 'NONE', #1329, 1000.000000000000000 ) ;
#3794 = CARTESIAN_POINT ( 'NONE',  ( 5.987680000000000100, 1.687680000000000100, -5.287679999999999900 ) ) ;
#3795 = EDGE_LOOP ( 'NONE', ( #2120, #4430, #146, #3762 ) ) ;
#3796 = CARTESIAN_POINT ( 'NONE',  ( 0.8376799999999970900, 0.1123200000000000000, -5.287679999999999900 ) ) ;
#3797 = CARTESIAN_POINT ( 'NONE',  ( 3.723963664979314200, 1.692680000000000000, -2.575543894777979000 ) ) ;
#3798 = PLANE ( 'NONE',  #315 ) ;
#3799 = CARTESIAN_POINT ( 'NONE',  ( 0.9500000000000000700, 1.687680000000000100, -5.400000000000000400 ) ) ;
#3800 = DIRECTION ( 'NONE',  ( -0.0000000000000000000, 1.000000000000000000, -0.0000000000000000000 ) ) ;
#3801 = FACE_OUTER_BOUND ( 'NONE', #941, .T. ) ;
#3802 = ADVANCED_FACE ( 'NONE', ( #3311 ), #4183, .F. ) ;
#3803 = EDGE_CURVE ( 'NONE', #2060, #4646, #3208, .T. ) ;
#3804 = ORIENTED_EDGE ( 'NONE', *, *, #4398, .F. ) ;
#3805 = PLANE ( 'NONE',  #1057 ) ;
#3806 = ORIENTED_EDGE ( 'NONE', *, *, #1075, .F. ) ;
#3807 =( NAMED_UNIT ( * ) SI_UNIT ( $, .STERADIAN. ) SOLID_ANGLE_UNIT ( ) );
#3808 = AXIS2_PLACEMENT_3D ( 'NONE', #154, #1223, #2657 ) ;
#3809 = VERTEX_POINT ( 'NONE', #2736 ) ;
#3810 = CARTESIAN_POINT ( 'NONE',  ( 5.150399240127528700, 0.1226312837360378600, -5.223996614576750000 ) ) ;
#3811 = DIRECTION ( 'NONE',  ( -0.0000000000000000000, -0.0000000000000000000, -1.000000000000000000 ) ) ;
#3812 = ORIENTED_EDGE ( 'NONE', *, *, #1403, .T. ) ;
#3813 = DIRECTION ( 'NONE',  ( 1.000000000000000000, 0.0000000000000000000, 0.0000000000000000000 ) ) ;
#3814 = CARTESIAN_POINT ( 'NONE',  ( 2.141930384065831000, 1.692680000000000000, -2.540729493345363900 ) ) ;
#3815 =( LENGTH_UNIT ( ) NAMED_UNIT ( * ) SI_UNIT ( .MILLI., .METRE. ) );
#3816 = CARTESIAN_POINT ( 'NONE',  ( 0.1123199999999999500, 1.687680000000000100, -0.1123199999999999900 ) ) ;
#3817 = CLOSED_SHELL ( 'NONE', ( #1551, #3857, #2, #1209, #1338, #2079, #1867, #3477, #4210, #4027, #2973, #4505, #186, #1970, #2936, #2730, #399, #3802, #1143, #2225, #3093, #2282, #3652, #2313, #1168 ) ) ;
#3818 = CARTESIAN_POINT ( 'NONE',  ( 6.100000000000000500, 0.1123200000000000000, 0.0000000000000000000 ) ) ;
#3819 = ORIENTED_EDGE ( 'NONE', *, *, #3596, .T. ) ;
#3820 = AXIS2_PLACEMENT_3D ( 'NONE', #3991, #2705, #3161 ) ;
#3821 = ORIENTED_EDGE ( 'NONE', *, *, #424, .F. ) ;
#3822 = UNCERTAINTY_MEASURE_WITH_UNIT (LENGTH_MEASURE( 1.000000000000000100E-005 ), #2602, 'distance_accuracy_value', 'NONE');
#3823 = PRESENTATION_STYLE_ASSIGNMENT (( #1437 ) ) ;
#3824 = ORIENTED_EDGE ( 'NONE', *, *, #3037, .T. ) ;
#3825 = EDGE_CURVE ( 'NONE', #85, #326, #1285, .T. ) ;
#3826 = ORIENTED_EDGE ( 'NONE', *, *, #2771, .F. ) ;
#3827 = LINE ( 'NONE', #170, #2401 ) ;
#3828 = CARTESIAN_POINT ( 'NONE',  ( 2.858649118835884000, 1.687680000000000100, -2.738018101797654100 ) ) ;
#3829 = CIRCLE ( 'NONE', #1871, 0.1123200000000000000 ) ;
#3830 = DIRECTION ( 'NONE',  ( 0.0000000000000000000, -1.000000000000000000, 0.0000000000000000000 ) ) ;
#3831 = AXIS2_PLACEMENT_3D ( 'NONE', #3326, #1493, #1852 ) ;
#3832 = CARTESIAN_POINT ( 'NONE',  ( 5.153984155148904700, 0.1421438606851716800, -5.251708328011440900 ) ) ;
#3833 = DIRECTION ( 'NONE',  ( 0.0000000000000000000, 0.0000000000000000000, 1.000000000000000000 ) ) ;
#3834 = ADVANCED_FACE ( 'NONE', ( #2217 ), #2399, .F. ) ;
#3835 = DIRECTION ( 'NONE',  ( 0.0000000000000000000, 0.0000000000000000000, 1.000000000000000000 ) ) ;
#3836 = AXIS2_PLACEMENT_3D ( 'NONE', #2360, #4180, #951 ) ;
#3837 = DIRECTION ( 'NONE',  ( -0.0000000000000000000, 0.0000000000000000000, 1.000000000000000000 ) ) ;
#3838 = CARTESIAN_POINT ( 'NONE',  ( 5.987680000000000100, 1.800000000000000000, 0.0000000000000000000 ) ) ;
#3839 = CARTESIAN_POINT ( 'NONE',  ( 0.8376799999999970900, 0.1123200000000000000, -0.1123200000000000000 ) ) ;
#3840 = EDGE_CURVE ( 'NONE', #1556, #25, #724, .T. ) ;
#3841 = DIRECTION ( 'NONE',  ( -1.000000000000000000, 0.0000000000000000000, -0.0000000000000000000 ) ) ;
#3842 = PRESENTATION_STYLE_ASSIGNMENT (( #3056 ) ) ;
#3843 = CYLINDRICAL_SURFACE ( 'NONE', #4317, 0.1123199999999999500 ) ;
#3844 = CARTESIAN_POINT ( 'NONE',  ( 0.9496007598724699500, 0.1226312837360383500, -0.1760033854232480000 ) ) ;
#3845 = CYLINDRICAL_SURFACE ( 'NONE', #126, 0.1123199999999999500 ) ;
#3846 = CARTESIAN_POINT ( 'NONE',  ( 5.987680000000000100, 1.687680000000000100, 0.0000000000000000000 ) ) ;
#3847 = CARTESIAN_POINT ( 'NONE',  ( 5.150399240127528700, 1.623996614576750600, -5.277368716263961100 ) ) ;
#3848 = VECTOR ( 'NONE', #4472, 1000.000000000000100 ) ;
#3849 = CARTESIAN_POINT ( 'NONE',  ( 3.287116692994519300, 1.692680000000000000, -2.306340000000000100 ) ) ;
#3850 = AXIS2_PLACEMENT_3D ( 'NONE', #2138, #1, #2470 ) ;
#3851 = DIRECTION ( 'NONE',  ( 1.000000000000000000, 0.0000000000000000000, 0.0000000000000000000 ) ) ;
#3852 = FILL_AREA_STYLE ('',( #979 ) ) ;
#3853 = DIRECTION ( 'NONE',  ( 0.0000000000000000000, -1.000000000000000000, 0.0000000000000000000 ) ) ;
#3854 = PRESENTATION_LAYER_ASSIGNMENT (  '', '', ( #3524 ) ) ;
#3855 = FILL_AREA_STYLE ('',( #3870 ) ) ;
#3856 = CARTESIAN_POINT ( 'NONE',  ( 5.152431037062775100, 0.1533618007684300600, -5.262926268094175500 ) ) ;
#3857 = ADVANCED_FACE ( 'NONE', ( #1068 ), #970, .F. ) ;
#3858 = CARTESIAN_POINT ( 'NONE',  ( 3.562074860728799800, 1.687680000000000100, -2.655835953459083000 ) ) ;
#3859 = PRESENTATION_LAYER_ASSIGNMENT (  '', '', ( #1052 ) ) ;
#3860 = PRESENTATION_STYLE_ASSIGNMENT (( #1901 ) ) ;
#3861 = CARTESIAN_POINT ( 'NONE',  ( 3.723963664979314200, 1.687680000000000100, -2.575543894777979000 ) ) ;
#3862 = FILL_AREA_STYLE_COLOUR ( '', #1537 ) ;
#3863 = ORIENTED_EDGE ( 'NONE', *, *, #3268, .F. ) ;
#3864 =( GEOMETRIC_REPRESENTATION_CONTEXT ( 3 ) GLOBAL_UNCERTAINTY_ASSIGNED_CONTEXT ( ( #626 ) ) GLOBAL_UNIT_ASSIGNED_CONTEXT ( ( #2396, #682, #2071 ) ) REPRESENTATION_CONTEXT ( 'NONE', 'WORKASPACE' ) );
#3865 = LINE ( 'NONE', #2723, #3580 ) ;
#3866 = ORIENTED_EDGE ( 'NONE', *, *, #4013, .T. ) ;
#3867 = DIRECTION ( 'NONE',  ( 0.0000000000000000000, -1.000000000000000000, 0.0000000000000000000 ) ) ;
#3868 = DIRECTION ( 'NONE',  ( 0.0000000000000000000, 0.0000000000000000000, 1.000000000000000000 ) ) ;
#3869 =( NAMED_UNIT ( * ) SI_UNIT ( $, .STERADIAN. ) SOLID_ANGLE_UNIT ( ) );
#3870 = FILL_AREA_STYLE_COLOUR ( '', #492 ) ;
#3871 = ORIENTED_EDGE ( 'NONE', *, *, #3944, .F. ) ;
#3872 = FACE_OUTER_BOUND ( 'NONE', #2553, .T. ) ;
#3873 = VERTEX_POINT ( 'NONE', #969 ) ;
#3874 = VECTOR ( 'NONE', #4136, 1000.000000000000000 ) ;
#3875 = EDGE_CURVE ( 'NONE', #3601, #187, #1891, .T. ) ;
#3876 = ORIENTED_EDGE ( 'NONE', *, *, #1550, .F. ) ;
#3877 = CARTESIAN_POINT ( 'NONE',  ( 3.701169708740216000, 1.692680000000000000, -2.495755860005379700 ) ) ;
#3878 = ORIENTED_EDGE ( 'NONE', *, *, #2774, .F. ) ;
#3879 = PRESENTATION_STYLE_ASSIGNMENT (( #3352 ) ) ;
#3880 = CARTESIAN_POINT ( 'NONE',  ( 5.987680000000000100, 0.1123200000000000000, -5.287679999999999900 ) ) ;
#3881 = AXIS2_PLACEMENT_3D ( 'NONE', #3451, #912, #4508 ) ;
#3882 = VERTEX_POINT ( 'NONE', #3494 ) ;
#3883 = PLANE ( 'NONE',  #3745 ) ;
#3884 = ORIENTED_EDGE ( 'NONE', *, *, #3514, .T. ) ;
#3885 = FACE_OUTER_BOUND ( 'NONE', #370, .T. ) ;
#3886 = FILL_AREA_STYLE ('',( #4264 ) ) ;
#3887 = ORIENTED_EDGE ( 'NONE', *, *, #521, .F. ) ;
#3888 =( LENGTH_UNIT ( ) NAMED_UNIT ( * ) SI_UNIT ( .MILLI., .METRE. ) );
#3889 =( LENGTH_UNIT ( ) NAMED_UNIT ( * ) SI_UNIT ( .MILLI., .METRE. ) );
#3890 = CARTESIAN_POINT ( 'NONE',  ( 6.100000000000000500, 1.687680000000000100, 0.0000000000000000000 ) ) ;
#3891 = CARTESIAN_POINT ( 'NONE',  ( 5.150000000000002100, 1.575360000000000100, -0.1123199999999990900 ) ) ;
#3892 = ORIENTED_EDGE ( 'NONE', *, *, #3975, .F. ) ;
#3893 = VECTOR ( 'NONE', #3396, 1000.000000000000000 ) ;
#3894 = DIRECTION ( 'NONE',  ( 0.0000000000000000000, -1.000000000000000000, 0.0000000000000000000 ) ) ;
#3895 = LINE ( 'NONE', #4574, #1737 ) ;
#3896 = VECTOR ( 'NONE', #799, 1000.000000000000000 ) ;
#3897 = ORIENTED_EDGE ( 'NONE', *, *, #1198, .F. ) ;
#3898 = MECHANICAL_DESIGN_GEOMETRIC_PRESENTATION_REPRESENTATION (  '', ( #2903 ), #3416 ) ;
#3899 = SURFACE_STYLE_FILL_AREA ( #4318 ) ;
#3900 = MECHANICAL_DESIGN_GEOMETRIC_PRESENTATION_REPRESENTATION (  '', ( #3633 ), #1527 ) ;
#3901 = CARTESIAN_POINT ( 'NONE',  ( 2.969375558335646500, 1.687680000000000100, -2.306340000000000100 ) ) ;
#3902 = DIRECTION ( 'NONE',  ( 0.0000000000000000000, 0.0000000000000000000, -1.000000000000000000 ) ) ;
#3903 = FACE_OUTER_BOUND ( 'NONE', #3072, .T. ) ;
#3904 = CARTESIAN_POINT ( 'NONE',  ( 5.262320000000001700, 0.1123200000000000000, 0.0000000000000000000 ) ) ;
#3905 = PRESENTATION_STYLE_ASSIGNMENT (( #2190 ) ) ;
#3906 = PLANE ( 'NONE',  #4405 ) ;
#3907 = STYLED_ITEM ( 'NONE', ( #763 ), #1323 ) ;
#3908 = SURFACE_SIDE_STYLE ('',( #579 ) ) ;
#3909 = DIRECTION ( 'NONE',  ( 0.0000000000000000000, 0.0000000000000000000, -1.000000000000000000 ) ) ;
#3910 = DIRECTION ( 'NONE',  ( 0.0000000000000000000, 0.0000000000000000000, 1.000000000000000000 ) ) ;
#3911 = EDGE_CURVE ( 'NONE', #1882, #1359, #41, .T. ) ;
#3912 = PRESENTATION_LAYER_ASSIGNMENT (  '', '', ( #3318 ) ) ;
#3913 = CARTESIAN_POINT ( 'NONE',  ( 5.150000000000002100, 0.2121806870413398300, -0.1123199999999990900 ) ) ;
#3914 = LINE ( 'NONE', #4016, #3976 ) ;
#3915 = DIRECTION ( 'NONE',  ( 0.0000000000000000000, -1.000000000000000000, 0.0000000000000000000 ) ) ;
#3916 = B_SPLINE_CURVE_WITH_KNOTS ( 'NONE', 3,
 ( #372, #2574, #4386, #736, #432, #2144, #793, #3661, #417, #3635 ),
 .UNSPECIFIED., .F., .F.,
 ( 4, 3, 3, 4 ),
 ( 0.0000000000000000000, 3.737793887600248800E-005, 7.483306597327479600E-005, 8.800504568266039500E-005 ),
 .UNSPECIFIED. ) ;
#3917 = CARTESIAN_POINT ( 'NONE',  ( 5.150671414421468700, 0.1245827785722859500, -0.1736073159615771100 ) ) ;
#3918 = SURFACE_STYLE_USAGE ( .BOTH. , #3519 ) ;
#3919 = CARTESIAN_POINT ( 'NONE',  ( 2.146202774573641400, 1.692680000000000000, -2.553933869701296500 ) ) ;
#3920 = VECTOR ( 'NONE', #596, 1000.000000000000000 ) ;
#3921 = DIRECTION ( 'NONE',  ( 1.000000000000000000, 0.0000000000000000000, 0.0000000000000000000 ) ) ;
#3922 = STYLED_ITEM ( 'NONE', ( #3558 ), #3111 ) ;
#3923 =( LENGTH_UNIT ( ) NAMED_UNIT ( * ) SI_UNIT ( .MILLI., .METRE. ) );
#3924 = DIRECTION ( 'NONE',  ( 1.000000000000000000, 0.0000000000000000000, -2.459231407381526200E-015 ) ) ;
#3926 = ORIENTED_EDGE ( 'NONE', *, *, #282, .F. ) ;
#3925 = UNCERTAINTY_MEASURE_WITH_UNIT (LENGTH_MEASURE( 1.000000000000000100E-005 ), #4402, 'distance_accuracy_value', 'NONE');
#3927 = EDGE_CURVE ( 'NONE', #3339, #1547, #2803, .T. ) ;
#3928 = SURFACE_STYLE_USAGE ( .BOTH. , #2135 ) ;
#3929 = PRESENTATION_LAYER_ASSIGNMENT (  '', '', ( #2452 ) ) ;
#3930 = ORIENTED_EDGE ( 'NONE', *, *, #644, .T. ) ;
#3931 =( NAMED_UNIT ( * ) PLANE_ANGLE_UNIT ( ) SI_UNIT ( $, .RADIAN. ) );
#3932 = SURFACE_STYLE_FILL_AREA ( #3759 ) ;
#3933 =( GEOMETRIC_REPRESENTATION_CONTEXT ( 3 ) GLOBAL_UNCERTAINTY_ASSIGNED_CONTEXT ( ( #4365 ) ) GLOBAL_UNIT_ASSIGNED_CONTEXT ( ( #2732, #3390, #2342 ) ) REPRESENTATION_CONTEXT ( 'NONE', 'WORKASPACE' ) );
#3934 = FILL_AREA_STYLE_COLOUR ( '', #1175 ) ;
#3935 = CARTESIAN_POINT ( 'NONE',  ( 5.152431037062775100, 0.1370737319058237000, -0.1533618007684295100 ) ) ;
#3936 = VERTEX_POINT ( 'NONE', #2808 ) ;
#3937 = EDGE_CURVE ( 'NONE', #3954, #2319, #3752, .T. ) ;
#3938 = ORIENTED_EDGE ( 'NONE', *, *, #4374, .F. ) ;
#3939 = LINE ( 'NONE', #3394, #2157 ) ;
#3940 = CARTESIAN_POINT ( 'NONE',  ( 5.150000000000002100, 1.687680000000000100, -5.287679999999999000 ) ) ;
#3941 = DIRECTION ( 'NONE',  ( 0.0000000000000000000, 0.0000000000000000000, 1.000000000000000000 ) ) ;
#3942 = ORIENTED_EDGE ( 'NONE', *, *, #2804, .F. ) ;
#3943 = LINE ( 'NONE', #3096, #4491 ) ;
#3944 = EDGE_CURVE ( 'NONE', #1543, #425, #110, .T. ) ;
#3945 = DIRECTION ( 'NONE',  ( 1.000000000000000000, -1.930559423941426000E-015, 0.0000000000000000000 ) ) ;
#3946 = ORIENTED_EDGE ( 'NONE', *, *, #4465, .F. ) ;
#3947 = CARTESIAN_POINT ( 'NONE',  ( -0.0004046433776270716400, 1.687679999999999600, -0.8546536584304120800 ) ) ;
#3948 = VERTEX_POINT ( 'NONE', #3473 ) ;
#3949 = EDGE_LOOP ( 'NONE', ( #2496, #4620, #3187, #1833 ) ) ;
#3950 = VECTOR ( 'NONE', #1757, 1000.000000000000000 ) ;
#3951 = SURFACE_SIDE_STYLE ('',( #1539 ) ) ;
#3952 = STYLED_ITEM ( 'NONE', ( #3998 ), #4573 ) ;
#3953 = PRESENTATION_STYLE_ASSIGNMENT (( #813 ) ) ;
#3954 = VERTEX_POINT ( 'NONE', #4250 ) ;
#3955 = FILL_AREA_STYLE ('',( #3934 ) ) ;
#3956 = SURFACE_SIDE_STYLE ('',( #1840 ) ) ;
#3957 = UNCERTAINTY_MEASURE_WITH_UNIT (LENGTH_MEASURE( 1.000000000000000100E-005 ), #3923, 'distance_accuracy_value', 'NONE');
#3958 = ORIENTED_EDGE ( 'NONE', *, *, #4556, .T. ) ;
#3959 = CIRCLE ( 'NONE', #91, 0.1123199999999999500 ) ;
#3960 = CARTESIAN_POINT ( 'NONE',  ( 2.539739803763988700, 1.687680000000000100, -2.738018101797654100 ) ) ;
#3961 = CARTESIAN_POINT ( 'NONE',  ( 5.150030899689776100, 1.684470524900061100, -5.204490789906627900 ) ) ;
#3962 = CARTESIAN_POINT ( 'NONE',  ( 0.9499999999999974000, 0.2187785217711348300, -0.1123199999999990900 ) ) ;
#3963 = LINE ( 'NONE', #577, #1851 ) ;
#3964 = PRESENTATION_LAYER_ASSIGNMENT (  '', '', ( #3686 ) ) ;
#3965 = PLANE ( 'NONE',  #1741 ) ;
#3966 = CYLINDRICAL_SURFACE ( 'NONE', #1905, 0.1123199999999999500 ) ;
#3967 =( GEOMETRIC_REPRESENTATION_CONTEXT ( 3 ) GLOBAL_UNCERTAINTY_ASSIGNED_CONTEXT ( ( #119 ) ) GLOBAL_UNIT_ASSIGNED_CONTEXT ( ( #1915, #4417, #3678 ) ) REPRESENTATION_CONTEXT ( 'NONE', 'WORKASPACE' ) );
#3968 = DIRECTION ( 'NONE',  ( 0.2745159998572619900, 0.0000000000000000000, -0.9615825319869156800 ) ) ;
#3969 = SURFACE_SIDE_STYLE ('',( #1954 ) ) ;
#3970 = CARTESIAN_POINT ( 'NONE',  ( 5.262320000000001700, 0.0000000000000000000, -5.400000000000000400 ) ) ;
#3971 = COLOUR_RGB ( '',0.7686274509803920900, 0.7686274509803920900, 0.7686274509803920900 ) ;
#3972 = CARTESIAN_POINT ( 'NONE',  ( 2.969375558335646500, 1.692680000000000000, -2.306340000000000100 ) ) ;
#3973 = DIRECTION ( 'NONE',  ( -1.000000000000000000, 0.0000000000000000000, 0.0000000000000000000 ) ) ;
#3974 = DIRECTION ( 'NONE',  ( 1.000000000000000000, 0.0000000000000000000, 0.0000000000000000000 ) ) ;
#3975 = EDGE_CURVE ( 'NONE', #364, #826, #1571, .T. ) ;
#3976 = VECTOR ( 'NONE', #71, 999.9999999999998900 ) ;
#3977 = CARTESIAN_POINT ( 'NONE',  ( 0.9475689629372268100, 1.646638199231571700, -5.262926268094173700 ) ) ;
#3978 = ORIENTED_EDGE ( 'NONE', *, *, #4311, .T. ) ;
#3979 = SURFACE_STYLE_USAGE ( .BOTH. , #4026 ) ;
#3980 =( GEOMETRIC_REPRESENTATION_CONTEXT ( 3 ) GLOBAL_UNCERTAINTY_ASSIGNED_CONTEXT ( ( #1530 ) ) GLOBAL_UNIT_ASSIGNED_CONTEXT ( ( #1744, #1436, #4627 ) ) REPRESENTATION_CONTEXT ( 'NONE', 'WORKASPACE' ) );
#3981 = CARTESIAN_POINT ( 'NONE',  ( 0.9499139314811446700, 0.1192533956990773100, -5.215943630607952700 ) ) ;
#3982 = CARTESIAN_POINT ( 'NONE',  ( 0.9499999999999977400, 9.942381033298350800E-015, -5.287679999999999900 ) ) ;
#3983 = VERTEX_POINT ( 'NONE', #1384 ) ;
#3984 = ORIENTED_EDGE ( 'NONE', *, *, #4271, .F. ) ;
#3985 = VECTOR ( 'NONE', #1127, 1000.000000000000000 ) ;
#3986 = VERTEX_POINT ( 'NONE', #1712 ) ;
#3987 = LINE ( 'NONE', #1995, #2555 ) ;
#3988 = ORIENTED_EDGE ( 'NONE', *, *, #3468, .F. ) ;
#3989 = ORIENTED_EDGE ( 'NONE', *, *, #1978, .F. ) ;
#3990 = PRESENTATION_LAYER_ASSIGNMENT (  '', '', ( #421 ) ) ;
#3991 = CARTESIAN_POINT ( 'NONE',  ( 5.262320000000001700, 0.0000000000000000000, -5.287679999999999900 ) ) ;
#3992 = VECTOR ( 'NONE', #4142, 1000.000000000000100 ) ;
#3993 = EDGE_CURVE ( 'NONE', #987, #1099, #619, .T. ) ;
#3994 = EDGE_LOOP ( 'NONE', ( #3958, #1782, #3483, #1202 ) ) ;
#3995 = CARTESIAN_POINT ( 'NONE',  ( 3.068941737194691700, 1.692680000000000000, -2.429621719490298500 ) ) ;
#3996 = CARTESIAN_POINT ( 'NONE',  ( 5.262320000000001700, 1.687680000000000100, 0.0000000000000000000 ) ) ;
#3997 = ORIENTED_EDGE ( 'NONE', *, *, #2985, .F. ) ;
#3998 = PRESENTATION_STYLE_ASSIGNMENT (( #1186 ) ) ;
#3999 = DIRECTION ( 'NONE',  ( 0.0000000000000000000, 0.0000000000000000000, 1.000000000000000000 ) ) ;
#4000 = VERTEX_POINT ( 'NONE', #597 ) ;
#4001 = EDGE_CURVE ( 'NONE', #3264, #2250, #622, .T. ) ;
#4002 = EDGE_LOOP ( 'NONE', ( #3689, #1947, #3623, #2899, #1496, #1788, #4212, #817, #1611, #722, #2069, #1835, #1454, #4356, #3204, #4157, #4544, #3134, #94, #431, #4474, #543, #2499 ) ) ;
#4003 = EDGE_LOOP ( 'NONE', ( #3395, #3209, #2569, #2261 ) ) ;
#4004 = CARTESIAN_POINT ( 'NONE',  ( 0.9499139314811485500, 1.615943630607957800, -5.280746604300920100 ) ) ;
#4005 =( LENGTH_UNIT ( ) NAMED_UNIT ( * ) SI_UNIT ( .MILLI., .METRE. ) );
#4006 = CARTESIAN_POINT ( 'NONE',  ( 2.076056822177556600, 1.692680000000000000, -2.738018101797654100 ) ) ;
#4007 = EDGE_CURVE ( 'NONE', #25, #1469, #497, .T. ) ;
#4008 = VECTOR ( 'NONE', #710, 1000.000000000000000 ) ;
#4009 = PRESENTATION_LAYER_ASSIGNMENT (  '', '', ( #3431 ) ) ;
#4010 = ADVANCED_FACE ( 'NONE', ( #280 ), #1676, .T. ) ;
#4011 = AXIS2_PLACEMENT_3D ( 'NONE', #1273, #913, #3779 ) ;
#4012 = CARTESIAN_POINT ( 'NONE',  ( 3.485318844781000600, 1.692680000000000000, -2.388482771469913500 ) ) ;
#4013 = EDGE_CURVE ( 'NONE', #3086, #766, #3959, .T. ) ;
#4014 = FILL_AREA_STYLE_COLOUR ( '', #1624 ) ;
#4015 = VECTOR ( 'NONE', #4397, 1000.000000000000100 ) ;
#4016 = CARTESIAN_POINT ( 'NONE',  ( 3.562074860728799800, 1.692680000000000000, -2.655835953459083000 ) ) ;
#4017 = CARTESIAN_POINT ( 'NONE',  ( 6.100000000000000500, 0.0000000000000000000, -0.1123199999999999900 ) ) ;
#4018 = EDGE_CURVE ( 'NONE', #1170, #4047, #4392, .T. ) ;
#4019 = UNCERTAINTY_MEASURE_WITH_UNIT (LENGTH_MEASURE( 1.000000000000000100E-005 ), #885, 'distance_accuracy_value', 'NONE');
#4020 = MECHANICAL_DESIGN_GEOMETRIC_PRESENTATION_REPRESENTATION (  '', ( #1182 ), #4075 ) ;
#4021 = EDGE_LOOP ( 'NONE', ( #475, #2941, #2843, #2054 ) ) ;
#4022 = FILL_AREA_STYLE ('',( #4391 ) ) ;
#4023 = FACE_OUTER_BOUND ( 'NONE', #996, .T. ) ;
#4024 = LINE ( 'NONE', #150, #988 ) ;
#4025 = EDGE_LOOP ( 'NONE', ( #1481, #984, #2797 ) ) ;
#4026 = SURFACE_SIDE_STYLE ('',( #4114 ) ) ;
#4027 = ADVANCED_FACE ( 'NONE', ( #3368 ), #2353, .F. ) ;
#4028 = MECHANICAL_DESIGN_GEOMETRIC_PRESENTATION_REPRESENTATION (  '', ( #798 ), #960 ) ;
#4029 = CARTESIAN_POINT ( 'NONE',  ( 5.153231340801571700, 1.660786387578708600, -0.1515815489451595700 ) ) ;
#4030 = PLANE ( 'NONE',  #2284 ) ;
#4031 = ORIENTED_EDGE ( 'NONE', *, *, #2741, .T. ) ;
#4032 = VERTEX_POINT ( 'NONE', #1371 ) ;
#4033 = EDGE_CURVE ( 'NONE', #4278, #81, #3827, .T. ) ;
#4034 = DIRECTION ( 'NONE',  ( 0.2729786930695101100, 0.0000000000000000000, -0.9620200793798756600 ) ) ;
#4035 = ORIENTED_EDGE ( 'NONE', *, *, #2228, .T. ) ;
#4036 = FILL_AREA_STYLE ('',( #4435 ) ) ;
#4037 = VECTOR ( 'NONE', #1341, 1000.000000000000000 ) ;
#4038 = VECTOR ( 'NONE', #4639, 1000.000000000000200 ) ;
#4039 = VERTEX_POINT ( 'NONE', #317 ) ;
#4040 = ORIENTED_EDGE ( 'NONE', *, *, #3259, .T. ) ;
#4041 = EDGE_LOOP ( 'NONE', ( #2954, #3636, #1729, #2514 ) ) ;
#4042 = LINE ( 'NONE', #1416, #780 ) ;
#4043 = EDGE_CURVE ( 'NONE', #4039, #2565, #955, .T. ) ;
#4044 = SURFACE_STYLE_FILL_AREA ( #4612 ) ;
#4045 = COLOUR_RGB ( '',0.7686274509803920900, 0.7686274509803920900, 0.7686274509803920900 ) ;
#4046 = CARTESIAN_POINT ( 'NONE',  ( 5.987680000000000100, 0.1123200000000000000, -0.1123199999999999900 ) ) ;
#4047 = VERTEX_POINT ( 'NONE', #991 ) ;
#4048 = CARTESIAN_POINT ( 'NONE',  ( 5.150172311762160500, 1.681460802068762900, -0.1877834917502307600 ) ) ;
#4049 = ADVANCED_FACE ( 'NONE', ( #1617 ), #335, .T. ) ;
#4050 = CARTESIAN_POINT ( 'NONE',  ( 2.803732826016274200, 1.692680000000000000, -2.306340000000000100 ) ) ;
#4051 = ORIENTED_EDGE ( 'NONE', *, *, #2098, .T. ) ;
#4052 = PRESENTATION_STYLE_ASSIGNMENT (( #4677 ) ) ;
#4053 = STYLED_ITEM ( 'NONE', ( #499 ), #3659 ) ;
#4054 = DIRECTION ( 'NONE',  ( -0.2755265765475200000, 0.0000000000000000000, 0.9612934544747527800 ) ) ;
#4055 = UNCERTAINTY_MEASURE_WITH_UNIT (LENGTH_MEASURE( 1.000000000000000100E-005 ), #2197, 'distance_accuracy_value', 'NONE');
#4056 = DIRECTION ( 'NONE',  ( -0.2732148821746424600, 0.0000000000000000000, 0.9619530280415443700 ) ) ;
#4057 = CIRCLE ( 'NONE', #293, 0.1123200000000000000 ) ;
#4058 = PRESENTATION_LAYER_ASSIGNMENT (  '', '', ( #2989 ) ) ;
#4059 = CARTESIAN_POINT ( 'NONE',  ( 5.262320000000001700, 0.1123200000000000000, -0.1123199999999999900 ) ) ;
#4060 = CARTESIAN_POINT ( 'NONE',  ( 5.152629779276083800, 1.663517262623244600, -0.1550405786893566700 ) ) ;
#4061 = CYLINDRICAL_SURFACE ( 'NONE', #2375, 0.1123199999999999500 ) ;
#4062 = EDGE_CURVE ( 'NONE', #2105, #326, #2862, .T. ) ;
#4063 = CARTESIAN_POINT ( 'NONE',  ( 0.9500000000000000700, 0.1123199999999999500, -5.287679999999999000 ) ) ;
#4064 =( GEOMETRIC_REPRESENTATION_CONTEXT ( 3 ) GLOBAL_UNCERTAINTY_ASSIGNED_CONTEXT ( ( #527 ) ) GLOBAL_UNIT_ASSIGNED_CONTEXT ( ( #3114, #641, #1328 ) ) REPRESENTATION_CONTEXT ( 'NONE', 'WORKASPACE' ) );
#4065 = DIRECTION ( 'NONE',  ( 1.000000000000000000, -1.930559423941426000E-015, 0.0000000000000000000 ) ) ;
#4066 = DIRECTION ( 'NONE',  ( -0.0000000000000000000, -0.0000000000000000000, 1.000000000000000000 ) ) ;
#4067 = CARTESIAN_POINT ( 'NONE',  ( 6.100000000000000500, 0.0000000000000000000, 0.0000000000000000000 ) ) ;
#4068 = EDGE_CURVE ( 'NONE', #3357, #3585, #1071, .T. ) ;
#4069 = LINE ( 'NONE', #3668, #4015 ) ;
#4070 = CARTESIAN_POINT ( 'NONE',  ( 3.287116692994519300, 1.692680000000000000, -2.306340000000000100 ) ) ;
#4071 = DIRECTION ( 'NONE',  ( 0.7145695586381789500, 0.0000000000000000000, -0.6995643972270444400 ) ) ;
#4072 = CARTESIAN_POINT ( 'NONE',  ( 0.9499915653225461400, 1.686303520868486200, -0.2071095243275096200 ) ) ;
#4073 = ORIENTED_EDGE ( 'NONE', *, *, #3664, .T. ) ;
#4074 = SURFACE_STYLE_FILL_AREA ( #2185 ) ;
#4075 =( GEOMETRIC_REPRESENTATION_CONTEXT ( 3 ) GLOBAL_UNCERTAINTY_ASSIGNED_CONTEXT ( ( #4364 ) ) GLOBAL_UNIT_ASSIGNED_CONTEXT ( ( #3046, #3068, #4517 ) ) REPRESENTATION_CONTEXT ( 'NONE', 'WORKASPACE' ) );
#4076 = EDGE_LOOP ( 'NONE', ( #3005, #4438, #319, #438 ) ) ;
#4077 = SURFACE_STYLE_FILL_AREA ( #2423 ) ;
#4078 = DIRECTION ( 'NONE',  ( 0.0000000000000000000, 0.0000000000000000000, 1.000000000000000000 ) ) ;
#4079 = CARTESIAN_POINT ( 'NONE',  ( 0.9496007598724731700, 1.623996614576751000, -0.1226312837360373200 ) ) ;
#4080 = ORIENTED_EDGE ( 'NONE', *, *, #833, .F. ) ;
#4081 = ORIENTED_EDGE ( 'NONE', *, *, #4299, .F. ) ;
#4082 = SURFACE_STYLE_FILL_AREA ( #4198 ) ;
#4083 = ORIENTED_EDGE ( 'NONE', *, *, #2946, .F. ) ;
#4084 = ORIENTED_EDGE ( 'NONE', *, *, #2595, .F. ) ;
#4085 = CARTESIAN_POINT ( 'NONE',  ( 5.987680000000000100, 1.800000000000000000, -5.287679999999999900 ) ) ;
#4086 = ORIENTED_EDGE ( 'NONE', *, *, #3550, .F. ) ;
#4087 =( GEOMETRIC_REPRESENTATION_CONTEXT ( 3 ) GLOBAL_UNCERTAINTY_ASSIGNED_CONTEXT ( ( #2914 ) ) GLOBAL_UNIT_ASSIGNED_CONTEXT ( ( #474, #4450, #2984 ) ) REPRESENTATION_CONTEXT ( 'NONE', 'WORKASPACE' ) );
#4088 =( NAMED_UNIT ( * ) SI_UNIT ( $, .STERADIAN. ) SOLID_ANGLE_UNIT ( ) );
#4089 = CARTESIAN_POINT ( 'NONE',  ( 2.329662227036263000, 1.692680000000000000, -2.738018101797654100 ) ) ;
#4090 = ORIENTED_EDGE ( 'NONE', *, *, #821, .T. ) ;
#4091 = MECHANICAL_DESIGN_GEOMETRIC_PRESENTATION_REPRESENTATION (  '', ( #931 ), #2146 ) ;
#4092 = EDGE_LOOP ( 'NONE', ( #1507, #160, #3248, #2039 ) ) ;
#4093 = ORIENTED_EDGE ( 'NONE', *, *, #2204, .T. ) ;
#4094 = CARTESIAN_POINT ( 'NONE',  ( 4.014068801214898800, 1.692680000000000000, -2.654669085607061600 ) ) ;
#4095 = PRESENTATION_STYLE_ASSIGNMENT (( #1774 ) ) ;
#4096 = FACE_OUTER_BOUND ( 'NONE', #3152, .T. ) ;
#4097 = ADVANCED_FACE ( 'NONE', ( #2518 ), #1345, .F. ) ;
#4098 = ORIENTED_EDGE ( 'NONE', *, *, #935, .F. ) ;
#4099 = FILL_AREA_STYLE ('',( #3020 ) ) ;
#4100 = CARTESIAN_POINT ( 'NONE',  ( 3.759893744335364400, 1.687680000000000100, -2.655279427059919600 ) ) ;
#4101 = VERTEX_POINT ( 'NONE', #637 ) ;
#4102 = CARTESIAN_POINT ( 'NONE',  ( 5.987680000000000100, 1.687680000000000100, -5.400000000000000400 ) ) ;
#4103 = DIRECTION ( 'NONE',  ( 1.000000000000000000, 0.0000000000000000000, 1.539402763017534800E-015 ) ) ;
#4104 = VECTOR ( 'NONE', #3502, 1000.000000000000100 ) ;
#4105 =( NAMED_UNIT ( * ) SI_UNIT ( $, .STERADIAN. ) SOLID_ANGLE_UNIT ( ) );
#4106 = COLOUR_RGB ( '',0.7686274509803920900, 0.7686274509803920900, 0.7686274509803920900 ) ;
#4107 = ORIENTED_EDGE ( 'NONE', *, *, #749, .T. ) ;
#4108 = EDGE_CURVE ( 'NONE', #1882, #1446, #1011, .T. ) ;
#4109 = CARTESIAN_POINT ( 'NONE',  ( 5.151258765606987900, 1.636877533923820400, -0.1299304188900647100 ) ) ;
#4110 = CARTESIAN_POINT ( 'NONE',  ( 2.198970402625075100, 1.687680000000000100, -2.738018101797654100 ) ) ;
#4111 = DIRECTION ( 'NONE',  ( 1.000000000000000000, 0.0000000000000000000, -0.0000000000000000000 ) ) ;
#4112 = MECHANICAL_DESIGN_GEOMETRIC_PRESENTATION_REPRESENTATION (  '', ( #1407 ), #1864 ) ;
#4113 = SURFACE_SIDE_STYLE ('',( #2701 ) ) ;
#4114 = SURFACE_STYLE_FILL_AREA ( #2525 ) ;
#4115 = DIRECTION ( 'NONE',  ( -0.2759782365590801600, 0.0000000000000000000, 0.9611638845408937400 ) ) ;
#4116 = LINE ( 'NONE', #250, #4177 ) ;
#4117 = STYLED_ITEM ( 'NONE', ( #4629 ), #3189 ) ;
#4118 = CARTESIAN_POINT ( 'NONE',  ( 0.8376799999999979800, 0.1123200000000000000, -5.400000000000000400 ) ) ;
#4119 = DIRECTION ( 'NONE',  ( 0.0000000000000000000, -1.000000000000000000, 0.0000000000000000000 ) ) ;
#4120 = SURFACE_STYLE_USAGE ( .BOTH. , #3791 ) ;
#4121 = AXIS2_PLACEMENT_3D ( 'NONE', #3444, #1619, #4115 ) ;
#4122 = CARTESIAN_POINT ( 'NONE',  ( 5.262320000000001700, 1.687680000000000100, -0.1123199999999999900 ) ) ;
#4123 = DIRECTION ( 'NONE',  ( 0.0000000000000000000, -1.000000000000000000, 0.0000000000000000000 ) ) ;
#4124 = DIRECTION ( 'NONE',  ( -0.0000000000000000000, 1.000000000000000000, -0.0000000000000000000 ) ) ;
#4125 = AXIS2_PLACEMENT_3D ( 'NONE', #4666, #1061, #3578 ) ;
#4126 = FACE_OUTER_BOUND ( 'NONE', #2964, .T. ) ;
#4127 = ADVANCED_FACE ( 'NONE', ( #1117 ), #871, .F. ) ;
#4128 = CARTESIAN_POINT ( 'NONE',  ( 0.8376800000000002000, 1.800000000000000000, -5.287679999999999900 ) ) ;
#4130 = EDGE_CURVE ( 'NONE', #4667, #1408, #157, .T. ) ;
#4129 = VERTEX_POINT ( 'NONE', #1960 ) ;
#4131 = DIRECTION ( 'NONE',  ( 0.004650693823683970900, 0.0000000000000000000, -0.9999891854650021500 ) ) ;
#4132 = CARTESIAN_POINT ( 'NONE',  ( 2.638634807381589300, 1.692680000000000000, -2.655850391644456500 ) ) ;
#4133 = CARTESIAN_POINT ( 'NONE',  ( 2.592503494125971900, 1.687680000000000100, -2.495755860006286600 ) ) ;
#4134 = SURFACE_SIDE_STYLE ('',( #283 ) ) ;
#4135 = VERTEX_POINT ( 'NONE', #1244 ) ;
#4136 = DIRECTION ( 'NONE',  ( 0.0000000000000000000, -1.000000000000000000, 0.0000000000000000000 ) ) ;
#4137 = CIRCLE ( 'NONE', #471, 0.1123199999999999500 ) ;
#4138 = DIRECTION ( 'NONE',  ( -0.0000000000000000000, 0.0000000000000000000, 1.000000000000000000 ) ) ;
#4139 = VERTEX_POINT ( 'NONE', #4128 ) ;
#4140 = ORIENTED_EDGE ( 'NONE', *, *, #117, .T. ) ;
#4141 = ADVANCED_FACE ( 'NONE', ( #1281 ), #1907, .F. ) ;
#4142 = DIRECTION ( 'NONE',  ( -0.2765379750249969400, 0.0000000000000000000, 0.9610029908221275900 ) ) ;
#4143 = FACE_OUTER_BOUND ( 'NONE', #4481, .T. ) ;
#4144 = DIRECTION ( 'NONE',  ( 0.0000000000000000000, 0.0000000000000000000, 1.000000000000000000 ) ) ;
#4145 = AXIS2_PLACEMENT_3D ( 'NONE', #1381, #2830, #303 ) ;
#4146 = SURFACE_SIDE_STYLE ('',( #4223 ) ) ;
#4147 = ORIENTED_EDGE ( 'NONE', *, *, #2489, .F. ) ;
#4148 = DIRECTION ( 'NONE',  ( 0.9610348236706642800, 0.0000000000000000000, 0.2764273280489743500 ) ) ;
#4149 = DIRECTION ( 'NONE',  ( 0.2729786930695101100, 0.0000000000000000000, -0.9620200793798756600 ) ) ;
#4150 = LINE ( 'NONE', #1502, #772 ) ;
#4151 = EDGE_CURVE ( 'NONE', #2394, #4228, #1612, .T. ) ;
#4152 = COLOUR_RGB ( '',0.7686274509803920900, 0.7686274509803920900, 0.7686274509803920900 ) ;
#4153 = ORIENTED_EDGE ( 'NONE', *, *, #3188, .T. ) ;
#4154 = CARTESIAN_POINT ( 'NONE',  ( 0.1123200000000000000, 1.687680000000000100, -5.287679999999999900 ) ) ;
#4155 = MECHANICAL_DESIGN_GEOMETRIC_PRESENTATION_REPRESENTATION (  '', ( #2452 ), #1357 ) ;
#4156 = VERTEX_POINT ( 'NONE', #2328 ) ;
#4157 = ORIENTED_EDGE ( 'NONE', *, *, #1563, .T. ) ;
#4158 = ADVANCED_FACE ( 'NONE', ( #3695 ), #3309, .T. ) ;
#4159 = LINE ( 'NONE', #4319, #4387 ) ;
#4160 = DIRECTION ( 'NONE',  ( -0.0000000000000000000, 0.0000000000000000000, 1.000000000000000000 ) ) ;
#4161 = STYLED_ITEM ( 'NONE', ( #1389 ), #805 ) ;
#4162 = ORIENTED_EDGE ( 'NONE', *, *, #1460, .T. ) ;
#4163 = CARTESIAN_POINT ( 'NONE',  ( 0.1123199999999999500, 0.1123200000000000000, -5.287679999999999900 ) ) ;
#4164 = DIRECTION ( 'NONE',  ( 0.2732148821746424600, 0.0000000000000000000, -0.9619530280415443700 ) ) ;
#4165 = DIRECTION ( 'NONE',  ( -1.000000000000000000, 0.0000000000000000000, 0.0000000000000000000 ) ) ;
#4166 = PLANE ( 'NONE',  #4541 ) ;
#4167 = EDGE_CURVE ( 'NONE', #775, #769, #829, .T. ) ;
#4168 = CARTESIAN_POINT ( 'NONE',  ( 5.150000000000002100, 0.1123199999999999500, -5.400000000000000400 ) ) ;
#4169 = UNCERTAINTY_MEASURE_WITH_UNIT (LENGTH_MEASURE( 1.000000000000000100E-005 ), #266, 'distance_accuracy_value', 'NONE');
#4170 = DIRECTION ( 'NONE',  ( 0.0000000000000000000, 1.000000000000000000, 0.0000000000000000000 ) ) ;
#4171 = CIRCLE ( 'NONE', #2875, 0.1123199999999999500 ) ;
#4172 = EDGE_CURVE ( 'NONE', #4139, #725, #4440, .T. ) ;
#4173 = DIRECTION ( 'NONE',  ( -0.2729786930695100600, 0.0000000000000000000, 0.9620200793798756600 ) ) ;
#4174 = DIRECTION ( 'NONE',  ( 0.0000000000000000000, -1.000000000000000000, 0.0000000000000000000 ) ) ;
#4175 = LINE ( 'NONE', #3015, #3319 ) ;
#4176 =( GEOMETRIC_REPRESENTATION_CONTEXT ( 3 ) GLOBAL_UNCERTAINTY_ASSIGNED_CONTEXT ( ( #1277 ) ) GLOBAL_UNIT_ASSIGNED_CONTEXT ( ( #2842, #1097, #3575 ) ) REPRESENTATION_CONTEXT ( 'NONE', 'WORKASPACE' ) );
#4177 = VECTOR ( 'NONE', #2012, 1000.000000000000000 ) ;
#4178 = CARTESIAN_POINT ( 'NONE',  ( 0.8376800000000002000, 1.687680000000000100, -0.1123200000000008200 ) ) ;
#4179 = EDGE_LOOP ( 'NONE', ( #1771, #1225, #3804, #1887, #1004, #859 ) ) ;
#4180 = DIRECTION ( 'NONE',  ( 0.0000000000000000000, 0.0000000000000000000, -1.000000000000000000 ) ) ;
#4181 = DIRECTION ( 'NONE',  ( -0.9612934544747527800, 0.0000000000000000000, -0.2755265765475200000 ) ) ;
#4182 = STYLED_ITEM ( 'NONE', ( #3712 ), #2592 ) ;
#4183 = PLANE ( 'NONE',  #909 ) ;
#4184 = LINE ( 'NONE', #141, #743 ) ;
#4185 = ADVANCED_FACE ( 'NONE', ( #45 ), #3798, .F. ) ;
#4186 =( GEOMETRIC_REPRESENTATION_CONTEXT ( 3 ) GLOBAL_UNCERTAINTY_ASSIGNED_CONTEXT ( ( #4263 ) ) GLOBAL_UNIT_ASSIGNED_CONTEXT ( ( #3753, #3465, #3383 ) ) REPRESENTATION_CONTEXT ( 'NONE', 'WORKASPACE' ) );
#4187 = DIRECTION ( 'NONE',  ( -0.9615825319869156800, 0.0000000000000000000, -0.2745159998572620500 ) ) ;
#4188 = DIRECTION ( 'NONE',  ( 1.000000000000000000, 0.0000000000000000000, 0.0000000000000000000 ) ) ;
#4189 = CARTESIAN_POINT ( 'NONE',  ( 6.100000000000000500, 1.800000000000000000, -5.287679999999999900 ) ) ;
#4190 = PRESENTATION_LAYER_ASSIGNMENT (  '', '', ( #2007 ) ) ;
#4191 = DIRECTION ( 'NONE',  ( -0.2793947940878428500, 0.0000000000000000000, 0.9601763114327556100 ) ) ;
#4192 = FILL_AREA_STYLE ('',( #3520 ) ) ;
#4193 = CYLINDRICAL_SURFACE ( 'NONE', #4585, 0.1123200000000000000 ) ;
#4194 = CARTESIAN_POINT ( 'NONE',  ( 0.1123200000000000000, 1.687680000000000100, -5.287679999999999900 ) ) ;
#4195 = CARTESIAN_POINT ( 'NONE',  ( 2.270203156228399500, 1.692680000000000000, -2.540729493345370100 ) ) ;
#4196 = DIRECTION ( 'NONE',  ( 1.000000000000000000, -1.930559423941425200E-015, 0.0000000000000000000 ) ) ;
#4197 = CIRCLE ( 'NONE', #3535, 0.1123199999999999500 ) ;
#4198 = FILL_AREA_STYLE ('',( #1686 ) ) ;
#4199 = COLOUR_RGB ( '',0.7686274509803920900, 0.7686274509803920900, 0.7686274509803920900 ) ;
#4200 = EDGE_CURVE ( 'NONE', #769, #2325, #3758, .T. ) ;
#4201 = EDGE_LOOP ( 'NONE', ( #3139, #1675, #656, #3942 ) ) ;
#4202 = FACE_OUTER_BOUND ( 'NONE', #4326, .T. ) ;
#4203 = DIRECTION ( 'NONE',  ( -1.000000000000000000, 0.0000000000000000000, -0.0000000000000000000 ) ) ;
#4204 = ORIENTED_EDGE ( 'NONE', *, *, #1032, .T. ) ;
#4205 = LINE ( 'NONE', #2568, #3985 ) ;
#4206 = DIRECTION ( 'NONE',  ( -1.930559423941426000E-015, -1.000000000000000000, 0.0000000000000000000 ) ) ;
#4207 = ORIENTED_EDGE ( 'NONE', *, *, #76, .T. ) ;
#4208 = CYLINDRICAL_SURFACE ( 'NONE', #140, 0.1123199999999999500 ) ;
#4209 = CARTESIAN_POINT ( 'NONE',  ( 2.270203156228399500, 1.687680000000000100, -2.540729493345370100 ) ) ;
#4210 = ADVANCED_FACE ( 'NONE', ( #1165 ), #800, .F. ) ;
#4211 = ORIENTED_EDGE ( 'NONE', *, *, #3621, .F. ) ;
#4212 = ORIENTED_EDGE ( 'NONE', *, *, #3911, .T. ) ;
#4213 = ORIENTED_EDGE ( 'NONE', *, *, #2976, .T. ) ;
#4214 = CARTESIAN_POINT ( 'NONE',  ( 0.9500000000000000700, 1.687680000000000100, -5.400000000000000400 ) ) ;
#4215 = DIRECTION ( 'NONE',  ( 0.0000000000000000000, 0.0000000000000000000, -1.000000000000000000 ) ) ;
#4216 = SHAPE_DEFINITION_REPRESENTATION ( #3254, #392 ) ;
#4217 = CARTESIAN_POINT ( 'NONE',  ( 3.723963664979314200, 1.692680000000000000, -2.575543894777979000 ) ) ;
#4218 = EDGE_LOOP ( 'NONE', ( #2099, #267, #2616, #2277 ) ) ;
#4219 = SURFACE_STYLE_USAGE ( .BOTH. , #1312 ) ;
#4220 = ORIENTED_EDGE ( 'NONE', *, *, #3734, .F. ) ;
#4221 = STYLED_ITEM ( 'NONE', ( #3642 ), #3350 ) ;
#4222 = ORIENTED_EDGE ( 'NONE', *, *, #1860, .T. ) ;
#4223 = SURFACE_STYLE_FILL_AREA ( #178 ) ;
#4224 = LINE ( 'NONE', #1658, #331 ) ;
#4225 = ORIENTED_EDGE ( 'NONE', *, *, #4226, .T. ) ;
#4226 = EDGE_CURVE ( 'NONE', #3339, #4139, #4565, .T. ) ;
#4227 = DIRECTION ( 'NONE',  ( 0.0000000000000000000, 0.0000000000000000000, 1.000000000000000000 ) ) ;
#4228 = VERTEX_POINT ( 'NONE', #1526 ) ;
#4229 = VECTOR ( 'NONE', #1028, 1000.000000000000000 ) ;
#4230 = CARTESIAN_POINT ( 'NONE',  ( 5.150000000000002100, 1.587819312958660200, -5.287679999999999000 ) ) ;
#4231 = CYLINDRICAL_SURFACE ( 'NONE', #4309, 0.1123199999999999500 ) ;
#4232 = ORIENTED_EDGE ( 'NONE', *, *, #2364, .T. ) ;
#4233 =( NAMED_UNIT ( * ) PLANE_ANGLE_UNIT ( ) SI_UNIT ( $, .RADIAN. ) );
#4234 = MECHANICAL_DESIGN_GEOMETRIC_PRESENTATION_REPRESENTATION (  '', ( #4372 ), #3592 ) ;
#4235 = SURFACE_SIDE_STYLE ('',( #3653 ) ) ;
#4236 = DIRECTION ( 'NONE',  ( 7.938847109670271000E-005, 0.0000000000000000000, -0.9999999968487353100 ) ) ;
#4237 = CARTESIAN_POINT ( 'NONE',  ( 5.987680000000000100, 0.1123200000000000000, -5.287679999999999900 ) ) ;
#4238 = EDGE_CURVE ( 'NONE', #4325, #1159, #2214, .T. ) ;
#4239 = ADVANCED_FACE ( 'NONE', ( #886 ), #1161, .F. ) ;
#4240 = FACE_OUTER_BOUND ( 'NONE', #418, .T. ) ;
#4241 = SURFACE_STYLE_USAGE ( .BOTH. , #2761 ) ;
#4242 = PRESENTATION_STYLE_ASSIGNMENT (( #2865 ) ) ;
#4243 = CARTESIAN_POINT ( 'NONE',  ( 0.8376799999999968700, 0.1123200000000000000, -5.287679999999999900 ) ) ;
#4244 = DIRECTION ( 'NONE',  ( -0.9601763114327556100, 0.0000000000000000000, -0.2793947940878428500 ) ) ;
#4245 = FACE_OUTER_BOUND ( 'NONE', #2085, .T. ) ;
#4246 = PRODUCT_DEFINITION ( 'UNKNOWN', '', #3576, #4534 ) ;
#4247 = DIRECTION ( 'NONE',  ( 1.000000000000000000, 0.0000000000000000000, 0.0000000000000000000 ) ) ;
#4248 = DIRECTION ( 'NONE',  ( 1.000000000000000000, -1.930559423941426000E-015, 0.0000000000000000000 ) ) ;
#4249 = PLANE ( 'NONE',  #1638 ) ;
#4250 = CARTESIAN_POINT ( 'NONE',  ( 6.100000000000000500, 0.1123200000000000000, -5.287679999999999900 ) ) ;
#4251 = AXIS2_PLACEMENT_3D ( 'NONE', #1854, #1896, #1178 ) ;
#4252 =( NAMED_UNIT ( * ) SI_UNIT ( $, .STERADIAN. ) SOLID_ANGLE_UNIT ( ) );
#4253 = CARTESIAN_POINT ( 'NONE',  ( 0.9499915653225432500, 0.2071095243275071500, -0.1136964791315133300 ) ) ;
#4254 = FILL_AREA_STYLE_COLOUR ( '', #1342 ) ;
#4255 = EDGE_CURVE ( 'NONE', #212, #4667, #4497, .T. ) ;
#4256 = CARTESIAN_POINT ( 'NONE',  ( 5.150000000000002100, 1.687680000000000100, -0.2246399999999990300 ) ) ;
#4257 = VECTOR ( 'NONE', #3782, 1000.000000000000000 ) ;
#4258 = CARTESIAN_POINT ( 'NONE',  ( 5.153231340801571700, 1.648418451054839600, -5.260786387578708200 ) ) ;
#4259 = ORIENTED_EDGE ( 'NONE', *, *, #4167, .T. ) ;
#4260 =( NAMED_UNIT ( * ) SI_UNIT ( $, .STERADIAN. ) SOLID_ANGLE_UNIT ( ) );
#4261 = AXIS2_PLACEMENT_3D ( 'NONE', #1790, #2498, #1805 ) ;
#4262 = CARTESIAN_POINT ( 'NONE',  ( 2.880570220824253600, 1.692680000000000000, -2.306340000000000100 ) ) ;
#4263 = UNCERTAINTY_MEASURE_WITH_UNIT (LENGTH_MEASURE( 1.000000000000000100E-005 ), #3753, 'distance_accuracy_value', 'NONE');
#4264 = FILL_AREA_STYLE_COLOUR ( '', #1767 ) ;
#4266 = EDGE_CURVE ( 'NONE', #37, #2672, #1823, .T. ) ;
#4265 = SURFACE_STYLE_FILL_AREA ( #976 ) ;
#4267 = DIRECTION ( 'NONE',  ( 1.000000000000000000, 0.0000000000000000000, 0.0000000000000000000 ) ) ;
#4268 = CARTESIAN_POINT ( 'NONE',  ( 5.150000000000002100, 1.687680000000000100, -0.1123199999999990900 ) ) ;
#4269 = ORIENTED_EDGE ( 'NONE', *, *, #1257, .F. ) ;
#4270 = PRESENTATION_STYLE_ASSIGNMENT (( #1296 ) ) ;
#4271 = EDGE_CURVE ( 'NONE', #2392, #1121, #1510, .T. ) ;
#4272 = ORIENTED_EDGE ( 'NONE', *, *, #339, .F. ) ;
#4273 = CARTESIAN_POINT ( 'NONE',  ( 5.987680000000000100, 0.0000000000000000000, -0.1123199999999999900 ) ) ;
#4274 = EDGE_LOOP ( 'NONE', ( #609, #2168, #3359, #3267 ) ) ;
#4275 = VECTOR ( 'NONE', #451, 1000.000000000000000 ) ;
#4276 = CARTESIAN_POINT ( 'NONE',  ( 5.149945626467081500, 0.1995509800254697000, -0.1144514952914930800 ) ) ;
#4277 =( GEOMETRIC_REPRESENTATION_CONTEXT ( 3 ) GLOBAL_UNCERTAINTY_ASSIGNED_CONTEXT ( ( #2536 ) ) GLOBAL_UNIT_ASSIGNED_CONTEXT ( ( #513, #903, #1036 ) ) REPRESENTATION_CONTEXT ( 'NONE', 'WORKASPACE' ) );
#4278 = VERTEX_POINT ( 'NONE', #342 ) ;
#4279 = CARTESIAN_POINT ( 'NONE',  ( 3.562074860728799800, 1.692680000000000000, -2.655835953459083000 ) ) ;
#4280 = DIRECTION ( 'NONE',  ( 0.0000000000000000000, -1.000000000000000000, 0.0000000000000000000 ) ) ;
#4281 = CYLINDRICAL_SURFACE ( 'NONE', #3850, 0.1123199999999999500 ) ;
#4282 = CARTESIAN_POINT ( 'NONE',  ( 5.150000000000002100, 0.1234902608961255000, -0.1234902608961263200 ) ) ;
#4283 = ORIENTED_EDGE ( 'NONE', *, *, #3373, .T. ) ;
#4284 = DIRECTION ( 'NONE',  ( 1.000000000000000000, 0.0000000000000000000, 0.0000000000000000000 ) ) ;
#4285 = ORIENTED_EDGE ( 'NONE', *, *, #2119, .T. ) ;
#4286 = DIRECTION ( 'NONE',  ( 0.0000000000000000000, 0.0000000000000000000, 1.000000000000000000 ) ) ;
#4287 = EDGE_LOOP ( 'NONE', ( #4434, #2433, #4098, #3725 ) ) ;
#4288 =( LENGTH_UNIT ( ) NAMED_UNIT ( * ) SI_UNIT ( .MILLI., .METRE. ) );
#4289 = COLOUR_RGB ( '',0.6470588235294118000, 0.5176470588235293500, 0.0000000000000000000 ) ;
#4290 = ORIENTED_EDGE ( 'NONE', *, *, #1246, .F. ) ;
#4291 = STYLED_ITEM ( 'NONE', ( #2036 ), #1669 ) ;
#4292 =( NAMED_UNIT ( * ) PLANE_ANGLE_UNIT ( ) SI_UNIT ( $, .RADIAN. ) );
#4293 = AXIS2_PLACEMENT_3D ( 'NONE', #1319, #4187, #3464 ) ;
#4294 = DIRECTION ( 'NONE',  ( 0.0000000000000000000, -1.000000000000000000, 0.0000000000000000000 ) ) ;
#4295 = UNCERTAINTY_MEASURE_WITH_UNIT (LENGTH_MEASURE( 1.000000000000000100E-005 ), #3440, 'distance_accuracy_value', 'NONE');
#4296 = PLANE ( 'NONE',  #667 ) ;
#4297 = FACE_OUTER_BOUND ( 'NONE', #1152, .T. ) ;
#4298 = FILL_AREA_STYLE_COLOUR ( '', #888 ) ;
#4299 = EDGE_CURVE ( 'NONE', #1162, #1324, #3487, .T. ) ;
#4300 = PRESENTATION_STYLE_ASSIGNMENT (( #1432 ) ) ;
#4301 = ADVANCED_FACE ( 'NONE', ( #4622 ), #1786, .F. ) ;
#4302 = DIRECTION ( 'NONE',  ( 1.000000000000000000, 0.0000000000000000000, 0.0000000000000000000 ) ) ;
#4303 = PRESENTATION_LAYER_ASSIGNMENT (  '', '', ( #2981 ) ) ;
#4304 = LINE ( 'NONE', #1569, #118 ) ;
#4305 = CARTESIAN_POINT ( 'NONE',  ( 2.539739803763988700, 1.692680000000000000, -2.738018101797654100 ) ) ;
#4306 = DIRECTION ( 'NONE',  ( -0.9610876102172832800, 0.0000000000000000000, -0.2762437428917283700 ) ) ;
#4307 =( NAMED_UNIT ( * ) PLANE_ANGLE_UNIT ( ) SI_UNIT ( $, .RADIAN. ) );
#4308 = VECTOR ( 'NONE', #1241, 1000.000000000000000 ) ;
#4309 = AXIS2_PLACEMENT_3D ( 'NONE', #3569, #2854, #3945 ) ;
#4310 = CARTESIAN_POINT ( 'NONE',  ( 0.9500000000000004000, 0.2246399999999999500, -5.287679999999999000 ) ) ;
#4311 = EDGE_CURVE ( 'NONE', #3086, #2319, #2115, .T. ) ;
#4312 = FILL_AREA_STYLE_COLOUR ( '', #781 ) ;
#4313 = MECHANICAL_DESIGN_GEOMETRIC_PRESENTATION_REPRESENTATION (  '', ( #2258 ), #926 ) ;
#4314 = COLOUR_RGB ( '',0.7686274509803920900, 0.7686274509803920900, 0.7686274509803920900 ) ;
#4315 = ORIENTED_EDGE ( 'NONE', *, *, #1021, .F. ) ;
#4316 = PRESENTATION_STYLE_ASSIGNMENT (( #4526 ) ) ;
#4317 = AXIS2_PLACEMENT_3D ( 'NONE', #2926, #787, #1492 ) ;
#4318 = FILL_AREA_STYLE ('',( #1042 ) ) ;
#4319 = CARTESIAN_POINT ( 'NONE',  ( 3.177420614523705400, 1.692680000000000000, -2.306340000000000100 ) ) ;
#4320 = ORIENTED_EDGE ( 'NONE', *, *, #1780, .T. ) ;
#4321 = EDGE_CURVE ( 'NONE', #2250, #4000, #1735, .T. ) ;
#4322 = ORIENTED_EDGE ( 'NONE', *, *, #312, .T. ) ;
#4323 = DIRECTION ( 'NONE',  ( -1.000000000000000000, 0.0000000000000000000, 0.0000000000000000000 ) ) ;
#4324 = CARTESIAN_POINT ( 'NONE',  ( 0.9498276882378397000, 0.1877834917502313200, -5.281460802068761700 ) ) ;
#4325 = VERTEX_POINT ( 'NONE', #3266 ) ;
#4326 = EDGE_LOOP ( 'NONE', ( #2397, #3370, #714, #3344 ) ) ;
#4327 = LINE ( 'NONE', #1674, #1503 ) ;
#4328 = CARTESIAN_POINT ( 'NONE',  ( 3.538711252468075900, 1.692680000000000000, -2.575543894777979000 ) ) ;
#4329 = ORIENTED_EDGE ( 'NONE', *, *, #2404, .T. ) ;
#4330 = ORIENTED_EDGE ( 'NONE', *, *, #2174, .F. ) ;
#4331 = DIRECTION ( 'NONE',  ( -1.000000000000000000, 0.0000000000000000000, 0.0000000000000000000 ) ) ;
#4332 = EDGE_LOOP ( 'NONE', ( #713, #2379, #2967, #3806 ) ) ;
#4333 = MECHANICAL_DESIGN_GEOMETRIC_PRESENTATION_REPRESENTATION (  '', ( #1902 ), #375 ) ;
#4334 = VERTEX_POINT ( 'NONE', #4305 ) ;
#4335 = FILL_AREA_STYLE_COLOUR ( '', #2620 ) ;
#4336 = AXIS2_PLACEMENT_3D ( 'NONE', #4122, #1568, #2275 ) ;
#4337 = EDGE_LOOP ( 'NONE', ( #1596, #211, #2600, #3025 ) ) ;
#4338 = VERTEX_POINT ( 'NONE', #1745 ) ;
#4339 = FILL_AREA_STYLE_COLOUR ( '', #16 ) ;
#4340 = FILL_AREA_STYLE ('',( #1129 ) ) ;
#4341 =( NAMED_UNIT ( * ) PLANE_ANGLE_UNIT ( ) SI_UNIT ( $, .RADIAN. ) );
#4342 =( GEOMETRIC_REPRESENTATION_CONTEXT ( 3 ) GLOBAL_UNCERTAINTY_ASSIGNED_CONTEXT ( ( #3050 ) ) GLOBAL_UNIT_ASSIGNED_CONTEXT ( ( #3815, #1309, #1594 ) ) REPRESENTATION_CONTEXT ( 'NONE', 'WORKASPACE' ) );
#4343 = DIRECTION ( 'NONE',  ( 1.000000000000000000, -1.930559423941426000E-015, 0.0000000000000000000 ) ) ;
#4344 = PRESENTATION_LAYER_ASSIGNMENT (  '', '', ( #4161 ) ) ;
#4345 = DIRECTION ( 'NONE',  ( 1.000000000000000000, 0.0000000000000000000, 0.0000000000000000000 ) ) ;
#4346 = UNCERTAINTY_MEASURE_WITH_UNIT (LENGTH_MEASURE( 1.000000000000000100E-005 ), #1555, 'distance_accuracy_value', 'NONE');
#4347 = LINE ( 'NONE', #428, #3376 ) ;
#4348 = COLOUR_RGB ( '',0.7686274509803920900, 0.7686274509803920900, 0.7686274509803920900 ) ;
#4349 = PRESENTATION_STYLE_ASSIGNMENT (( #2335 ) ) ;
#4350 = EDGE_CURVE ( 'NONE', #2618, #3484, #672, .T. ) ;
#4351 = LINE ( 'NONE', #3048, #3324 ) ;
#4352 = AXIS2_PLACEMENT_3D ( 'NONE', #1574, #887, #3767 ) ;
#4353 = VECTOR ( 'NONE', #3220, 1000.000000000000000 ) ;
#4354 = CARTESIAN_POINT ( 'NONE',  ( 0.9499915653225468000, 1.592890475672493300, -5.286303520868485400 ) ) ;
#4355 = VECTOR ( 'NONE', #1267, 1000.000000000000000 ) ;
#4356 = ORIENTED_EDGE ( 'NONE', *, *, #1174, .T. ) ;
#4357 =( LENGTH_UNIT ( ) NAMED_UNIT ( * ) SI_UNIT ( .MILLI., .METRE. ) );
#4358 = CARTESIAN_POINT ( 'NONE',  ( 2.801232395251704900, 1.692680000000000000, -2.388467020723880300 ) ) ;
#4359 = STYLED_ITEM ( 'NONE', ( #676 ), #3077 ) ;
#4360 = CARTESIAN_POINT ( 'NONE',  ( 5.150008434677455500, 1.686303520868485800, -5.192890475672492700 ) ) ;
#4361 = PRESENTATION_STYLE_ASSIGNMENT (( #2623 ) ) ;
#4362 = VECTOR ( 'NONE', #4066, 1000.000000000000000 ) ;
#4363 = PRESENTATION_LAYER_ASSIGNMENT (  '', '', ( #265 ) ) ;
#4364 = UNCERTAINTY_MEASURE_WITH_UNIT (LENGTH_MEASURE( 1.000000000000000100E-005 ), #3046, 'distance_accuracy_value', 'NONE');
#4365 = UNCERTAINTY_MEASURE_WITH_UNIT (LENGTH_MEASURE( 1.000000000000000100E-005 ), #2732, 'distance_accuracy_value', 'NONE');
#4366 = VERTEX_POINT ( 'NONE', #3217 ) ;
#4367 = EDGE_LOOP ( 'NONE', ( #3147, #2165, #1464, #3362 ) ) ;
#4368 = COLOUR_RGB ( '',0.7686274509803920900, 0.7686274509803920900, 0.7686274509803920900 ) ;
#4369 =( NAMED_UNIT ( * ) PLANE_ANGLE_UNIT ( ) SI_UNIT ( $, .RADIAN. ) );
#4370 = ORIENTED_EDGE ( 'NONE', *, *, #688, .F. ) ;
#4371 = ORIENTED_EDGE ( 'NONE', *, *, #1460, .F. ) ;
#4372 = STYLED_ITEM ( 'NONE', ( #3508 ), #1270 ) ;
#4373 = LINE ( 'NONE', #2587, #4275 ) ;
#4374 = EDGE_CURVE ( 'NONE', #2745, #3742, #4042, .T. ) ;
#4375 = ORIENTED_EDGE ( 'NONE', *, *, #4167, .F. ) ;
#4376 =( NAMED_UNIT ( * ) PLANE_ANGLE_UNIT ( ) SI_UNIT ( $, .RADIAN. ) );
#4377 = CARTESIAN_POINT ( 'NONE',  ( 5.151654082231210900, 1.665462624527663800, -5.265462624527664600 ) ) ;
#4378 = DIRECTION ( 'NONE',  ( 0.0000000000000000000, 0.0000000000000000000, 1.000000000000000000 ) ) ;
#4379 = FACE_OUTER_BOUND ( 'NONE', #4549, .T. ) ;
#4380 =( LENGTH_UNIT ( ) NAMED_UNIT ( * ) SI_UNIT ( .MILLI., .METRE. ) );
#4381 = LINE ( 'NONE', #4017, #3896 ) ;
#4382 = MECHANICAL_DESIGN_GEOMETRIC_PRESENTATION_REPRESENTATION (  '', ( #2838 ), #4637 ) ;
#4383 = EDGE_LOOP ( 'NONE', ( #2805, #3757, #27 ) ) ;
#4384 = ORIENTED_EDGE ( 'NONE', *, *, #28, .F. ) ;
#4385 = ORIENTED_EDGE ( 'NONE', *, *, #3026, .F. ) ;
#4386 = CARTESIAN_POINT ( 'NONE',  ( 0.9500543735329205500, 1.685548504708506100, -5.200449019974529500 ) ) ;
#4387 = VECTOR ( 'NONE', #4280, 1000.000000000000000 ) ;
#4388 = VECTOR ( 'NONE', #2792, 1000.000000000000100 ) ;
#4389 = LINE ( 'NONE', #3733, #551 ) ;
#4390 = ORIENTED_EDGE ( 'NONE', *, *, #3765, .T. ) ;
#4391 = FILL_AREA_STYLE_COLOUR ( '', #3548 ) ;
#4392 = LINE ( 'NONE', #3221, #103 ) ;
#4393 = VECTOR ( 'NONE', #662, 1000.000000000000000 ) ;
#4394 = PRESENTATION_LAYER_ASSIGNMENT (  '', '', ( #4221 ) ) ;
#4395 = PLANE ( 'NONE',  #3511 ) ;
#4396 = VECTOR ( 'NONE', #3081, 1000.000000000000100 ) ;
#4397 = DIRECTION ( 'NONE',  ( 0.05375259206908433700, 0.0000000000000000000, -0.9985542843760946100 ) ) ;
#4398 = EDGE_CURVE ( 'NONE', #3500, #3754, #2937, .T. ) ;
#4399 = UNCERTAINTY_MEASURE_WITH_UNIT (LENGTH_MEASURE( 1.000000000000000100E-005 ), #1760, 'distance_accuracy_value', 'NONE');
#4400 = DIRECTION ( 'NONE',  ( 0.0000000000000000000, 0.0000000000000000000, 1.000000000000000000 ) ) ;
#4401 = STYLED_ITEM ( 'NONE', ( #3382 ), #2042 ) ;
#4402 =( LENGTH_UNIT ( ) NAMED_UNIT ( * ) SI_UNIT ( .MILLI., .METRE. ) );
#4403 = B_SPLINE_CURVE_WITH_KNOTS ( 'NONE', 3,
 ( #108, #3658, #2615, #1552, #2582, #2572, #4072, #814, #3304, #834 ),
 .UNSPECIFIED., .F., .F.,
 ( 4, 3, 3, 4 ),
 ( 0.0000000000000000000, 3.535348412143898100E-005, 7.052049924266704600E-005, 8.790586026857430500E-005 ),
 .UNSPECIFIED. ) ;
#4404 = SURFACE_STYLE_FILL_AREA ( #4192 ) ;
#4405 = AXIS2_PLACEMENT_3D ( 'NONE', #3509, #666, #1031 ) ;
#4406 = EDGE_CURVE ( 'NONE', #156, #1451, #4159, .T. ) ;
#4407 = CARTESIAN_POINT ( 'NONE',  ( 2.141930384065831000, 1.692680000000000000, -2.540729493345363900 ) ) ;
#4408 = LINE ( 'NONE', #4468, #1433 ) ;
#4409 = CARTESIAN_POINT ( 'NONE',  ( 5.154925775900062800, 1.654782233662874100, -0.1452177663371269100 ) ) ;
#4410 = DIRECTION ( 'NONE',  ( 0.0000000000000000000, -0.0000000000000000000, -1.000000000000000000 ) ) ;
#4411 = EDGE_CURVE ( 'NONE', #1719, #877, #2510, .T. ) ;
#4412 = CARTESIAN_POINT ( 'NONE',  ( 2.990917330177048400, 1.687680000000000100, -2.690651667455290900 ) ) ;
#4413 = VECTOR ( 'NONE', #1647, 1000.000000000000000 ) ;
#4414 = SURFACE_STYLE_USAGE ( .BOTH. , #2951 ) ;
#4415 = MECHANICAL_DESIGN_GEOMETRIC_PRESENTATION_REPRESENTATION (  '', ( #3112 ), #4176 ) ;
#4416 = ORIENTED_EDGE ( 'NONE', *, *, #2790, .F. ) ;
#4417 =( NAMED_UNIT ( * ) PLANE_ANGLE_UNIT ( ) SI_UNIT ( $, .RADIAN. ) );
#4418 = VECTOR ( 'NONE', #1570, 1000.000000000000100 ) ;
#4419 = PRESENTATION_LAYER_ASSIGNMENT (  '', '', ( #3680 ) ) ;
#4420 = VECTOR ( 'NONE', #1094, 1000.000000000000100 ) ;
#4421 = ORIENTED_EDGE ( 'NONE', *, *, #550, .F. ) ;
#4422 = PLANE ( 'NONE',  #3002 ) ;
#4423 = VECTOR ( 'NONE', #3167, 1000.000000000000000 ) ;
#4424 = PLANE ( 'NONE',  #608 ) ;
#4425 = PRESENTATION_LAYER_ASSIGNMENT (  '', '', ( #571 ) ) ;
#4426 = CARTESIAN_POINT ( 'NONE',  ( 0.9500000000000000700, 0.1123199999999999500, -5.175359999999999500 ) ) ;
#4427 = ADVANCED_FACE ( 'NONE', ( #215 ), #4281, .T. ) ;
#4428 =( BOUNDED_CURVE ( )  B_SPLINE_CURVE ( 3, ( #625, #2070, #2749, #2049 ),
 .UNSPECIFIED., .F., .F. ) 
 B_SPLINE_CURVE_WITH_KNOTS ( ( 4, 4 ),
 ( 4.712388980384680800, 5.009640341705886800 ),
 .UNSPECIFIED. ) 
 CURVE ( )  GEOMETRIC_REPRESENTATION_ITEM ( )  RATIONAL_B_SPLINE_CURVE ( ( 1.000000000000000000, 0.9926503465430338600, 0.9926503465430338600, 1.000000000000000000 ) ) 
 REPRESENTATION_ITEM ( '' )  );
#4429 = ORIENTED_EDGE ( 'NONE', *, *, #1751, .T. ) ;
#4430 = ORIENTED_EDGE ( 'NONE', *, *, #1802, .F. ) ;
#4431 = VECTOR ( 'NONE', #3499, 1000.000000000000000 ) ;
#4432 = AXIS2_PLACEMENT_3D ( 'NONE', #1306, #2678, #1971 ) ;
#4433 = CARTESIAN_POINT ( 'NONE',  ( 3.515943547474217600, 1.692680000000000000, -2.495755860005379700 ) ) ;
#4434 = ORIENTED_EDGE ( 'NONE', *, *, #4441, .T. ) ;
#4435 = FILL_AREA_STYLE_COLOUR ( '', #322 ) ;
#4436 = DIRECTION ( 'NONE',  ( -0.0000000000000000000, 1.000000000000000000, -0.0000000000000000000 ) ) ;
#4437 = ORIENTED_EDGE ( 'NONE', *, *, #4238, .T. ) ;
#4438 = ORIENTED_EDGE ( 'NONE', *, *, #3726, .F. ) ;
#4439 = ORIENTED_EDGE ( 'NONE', *, *, #181, .F. ) ;
#4440 = LINE ( 'NONE', #4530, #3419 ) ;
#4441 = EDGE_CURVE ( 'NONE', #1708, #1451, #2270, .T. ) ;
#4442 = VECTOR ( 'NONE', #253, 1000.000000000000000 ) ;
#4443 = EDGE_LOOP ( 'NONE', ( #4232, #3018, #2218, #3572 ) ) ;
#4444 = CARTESIAN_POINT ( 'NONE',  ( 3.084457079766795000, 1.692680000000000000, -2.306340000000000100 ) ) ;
#4445 =( NAMED_UNIT ( * ) SI_UNIT ( $, .STERADIAN. ) SOLID_ANGLE_UNIT ( ) );
#4446 = SURFACE_SIDE_STYLE ('',( #508 ) ) ;
#4447 = EDGE_LOOP ( 'NONE', ( #218, #2159, #2048, #2160 ) ) ;
#4448 = SURFACE_STYLE_FILL_AREA ( #1699 ) ;
#4449 = CYLINDRICAL_SURFACE ( 'NONE', #3820, 0.1123199999999999500 ) ;
#4450 =( NAMED_UNIT ( * ) PLANE_ANGLE_UNIT ( ) SI_UNIT ( $, .RADIAN. ) );
#4451 = LINE ( 'NONE', #3706, #2630 ) ;
#4452 = LINE ( 'NONE', #683, #4008 ) ;
#4453 = CARTESIAN_POINT ( 'NONE',  ( 3.701169708740216000, 1.692680000000000000, -2.495755860005379700 ) ) ;
#4454 = CARTESIAN_POINT ( 'NONE',  ( 2.801232395251704900, 1.692680000000000000, -2.388467020723880300 ) ) ;
#4455 = CARTESIAN_POINT ( 'NONE',  ( 0.8376799999999977600, 1.015922146779545200E-014, -5.287679999999999900 ) ) ;
#4456 = PRESENTATION_STYLE_ASSIGNMENT (( #3613 ) ) ;
#4457 = DIRECTION ( 'NONE',  ( -1.000000000000000000, 0.0000000000000000000, 0.0000000000000000000 ) ) ;
#4458 = PRESENTATION_STYLE_ASSIGNMENT (( #4528 ) ) ;
#4459 = CARTESIAN_POINT ( 'NONE',  ( 2.074749509818183000, 1.692680000000000000, -2.306340000000000100 ) ) ;
#4460 = VECTOR ( 'NONE', #3924, 1000.000000000000000 ) ;
#4461 = DIRECTION ( 'NONE',  ( -1.930559423941426400E-015, -1.000000000000000000, 0.0000000000000000000 ) ) ;
#4462 = STYLED_ITEM ( 'NONE', ( #3160 ), #1297 ) ;
#4463 = COLOUR_RGB ( '',0.7686274509803920900, 0.7686274509803920900, 0.7686274509803920900 ) ;
#4464 = DIRECTION ( 'NONE',  ( -0.2762033010289141100, 0.0000000000000000000, 0.9610992334305188400 ) ) ;
#4465 = EDGE_CURVE ( 'NONE', #1159, #495, #387, .T. ) ;
#4466 = SURFACE_SIDE_STYLE ('',( #2636 ) ) ;
#4467 = CARTESIAN_POINT ( 'NONE',  ( 0.0000000000000000000, 0.1123200000000000000, 0.0000000000000000000 ) ) ;
#4468 = CARTESIAN_POINT ( 'NONE',  ( 2.880570220824253600, 1.687680000000000100, -2.306340000000000100 ) ) ;
#4469 = CARTESIAN_POINT ( 'NONE',  ( 5.987680000000000100, 1.800000000000000000, -0.1123199999999999900 ) ) ;
#4470 = DIRECTION ( 'NONE',  ( 1.000000000000000000, 0.0000000000000000000, 0.0000000000000000000 ) ) ;
#4471 = ORIENTED_EDGE ( 'NONE', *, *, #1232, .T. ) ;
#4472 = DIRECTION ( 'NONE',  ( 0.2762033010289141100, 0.0000000000000000000, -0.9610992334305189500 ) ) ;
#4473 = DIRECTION ( 'NONE',  ( 1.000000000000000000, 0.0000000000000000000, 0.0000000000000000000 ) ) ;
#4474 = ORIENTED_EDGE ( 'NONE', *, *, #935, .T. ) ;
#4475 = MECHANICAL_DESIGN_GEOMETRIC_PRESENTATION_REPRESENTATION (  '', ( #4182 ), #2188 ) ;
#4476 = ORIENTED_EDGE ( 'NONE', *, *, #3291, .T. ) ;
#4477 = LINE ( 'NONE', #4467, #3532 ) ;
#4478 = ORIENTED_EDGE ( 'NONE', *, *, #107, .T. ) ;
#4479 = DIRECTION ( 'NONE',  ( 1.000000000000000000, 0.0000000000000000000, 0.0000000000000000000 ) ) ;
#4480 = EDGE_CURVE ( 'NONE', #4135, #1469, #1944, .T. ) ;
#4481 = EDGE_LOOP ( 'NONE', ( #4285, #4594, #1830, #3475 ) ) ;
#4482 = ORIENTED_EDGE ( 'NONE', *, *, #304, .F. ) ;
#4483 = PLANE ( 'NONE',  #1390 ) ;
#4484 = ORIENTED_EDGE ( 'NONE', *, *, #1067, .F. ) ;
#4485 = DIRECTION ( 'NONE',  ( 0.0000000000000000000, 0.0000000000000000000, -1.000000000000000000 ) ) ;
#4486 = CARTESIAN_POINT ( 'NONE',  ( 2.270203156228399500, 1.692680000000000000, -2.540729493345370100 ) ) ;
#4487 = CARTESIAN_POINT ( 'NONE',  ( 3.562074860728799800, 1.692680000000000000, -2.655835953459083000 ) ) ;
#4488 = EDGE_LOOP ( 'NONE', ( #2329, #1058, #261, #1110 ) ) ;
#4489 =( NAMED_UNIT ( * ) PLANE_ANGLE_UNIT ( ) SI_UNIT ( $, .RADIAN. ) );
#4490 = AXIS2_PLACEMENT_3D ( 'NONE', #546, #1314, #4144 ) ;
#4491 = VECTOR ( 'NONE', #923, 1000.000000000000000 ) ;
#4492 = LINE ( 'NONE', #846, #2912 ) ;
#4493 = EDGE_CURVE ( 'NONE', #766, #212, #4617, .T. ) ;
#4494 = ORIENTED_EDGE ( 'NONE', *, *, #701, .F. ) ;
#4495 = ORIENTED_EDGE ( 'NONE', *, *, #3104, .T. ) ;
#4496 = CARTESIAN_POINT ( 'NONE',  ( 4.132258281751670200, 1.692680000000000000, -2.654659702724873100 ) ) ;
#4497 = LINE ( 'NONE', #1879, #1065 ) ;
#4498 = DIRECTION ( 'NONE',  ( 1.000000000000000000, -0.0000000000000000000, 0.0000000000000000000 ) ) ;
#4499 = LINE ( 'NONE', #4619, #1073 ) ;
#4500 = ADVANCED_FACE ( 'NONE', ( #3303 ), #1276, .T. ) ;
#4501 = DIRECTION ( 'NONE',  ( -0.9999891854650020400, 0.0000000000000000000, -0.004650693823683970000 ) ) ;
#4502 = EDGE_LOOP ( 'NONE', ( #2835, #1659, #2267, #3887, #1275, #4080 ) ) ;
#4503 = EDGE_CURVE ( 'NONE', #3129, #2257, #3360, .T. ) ;
#4504 = DIRECTION ( 'NONE',  ( 0.0000000000000000000, -1.000000000000000000, 0.0000000000000000000 ) ) ;
#4505 = ADVANCED_FACE ( 'NONE', ( #1349 ), #959, .F. ) ;
#4506 = DIRECTION ( 'NONE',  ( 0.0000000000000000000, 0.0000000000000000000, -1.000000000000000000 ) ) ;
#4507 = DIRECTION ( 'NONE',  ( 1.000000000000000000, 0.0000000000000000000, 0.0000000000000000000 ) ) ;
#4508 = DIRECTION ( 'NONE',  ( 0.0000000000000000000, 0.0000000000000000000, 1.000000000000000000 ) ) ;
#4509 = DIRECTION ( 'NONE',  ( -0.0000000000000000000, -0.0000000000000000000, -1.000000000000000000 ) ) ;
#4510 = AXIS2_PLACEMENT_3D ( 'NONE', #3151, #1364, #1706 ) ;
#4511 = CARTESIAN_POINT ( 'NONE',  ( 4.132258281751670200, 1.692680000000000000, -2.654659702724873100 ) ) ;
#4512 = FACE_OUTER_BOUND ( 'NONE', #1513, .T. ) ;
#4513 = DIRECTION ( 'NONE',  ( -0.0000000000000000000, 1.000000000000000000, 0.0000000000000000000 ) ) ;
#4514 = CARTESIAN_POINT ( 'NONE',  ( 2.141930384065831000, 1.692680000000000000, -2.540729493345363900 ) ) ;
#4515 =( NAMED_UNIT ( * ) PLANE_ANGLE_UNIT ( ) SI_UNIT ( $, .RADIAN. ) );
#4516 = UNCERTAINTY_MEASURE_WITH_UNIT (LENGTH_MEASURE( 1.000000000000000100E-005 ), #1483, 'distance_accuracy_value', 'NONE');
#4517 =( NAMED_UNIT ( * ) SI_UNIT ( $, .STERADIAN. ) SOLID_ANGLE_UNIT ( ) );
#4518 = ADVANCED_FACE ( 'NONE', ( #664 ), #2957, .T. ) ;
#4519 = PLANE ( 'NONE',  #2931 ) ;
#4520 = STYLED_ITEM ( 'NONE', ( #4361 ), #1565 ) ;
#4521 = CYLINDRICAL_SURFACE ( 'NONE', #3098, 0.1123200000000000000 ) ;
#4522 = CARTESIAN_POINT ( 'NONE',  ( 3.723963664979314200, 1.692680000000000000, -2.575543894777979000 ) ) ;
#4523 = CARTESIAN_POINT ( 'NONE',  ( 3.665213378139388300, 1.692680000000000000, -2.306340000000000100 ) ) ;
#4524 = PRESENTATION_LAYER_ASSIGNMENT (  '', '', ( #2419 ) ) ;
#4525 = CARTESIAN_POINT ( 'NONE',  ( 0.1123199999999999500, 0.0000000000000000000, 0.0000000000000000000 ) ) ;
#4526 = SURFACE_STYLE_USAGE ( .BOTH. , #224 ) ;
#4527 = LINE ( 'NONE', #1566, #1189 ) ;
#4528 = SURFACE_STYLE_USAGE ( .BOTH. , #2309 ) ;
#4529 = CARTESIAN_POINT ( 'NONE',  ( 4.156214044269768600, 1.692680000000000000, -2.738018101797654100 ) ) ;
#4530 = CARTESIAN_POINT ( 'NONE',  ( 6.100000000000000500, 1.800000000000000000, -5.287679999999999900 ) ) ;
#4531 = CARTESIAN_POINT ( 'NONE',  ( 2.990917330177048400, 1.692680000000000000, -2.690651667455290900 ) ) ;
#4532 = CARTESIAN_POINT ( 'NONE',  ( 0.8376799999999970900, 0.1123200000000000000, -0.1123199999999999900 ) ) ;
#4533 = VECTOR ( 'NONE', #3921, 1000.000000000000000 ) ;
#4534 = PRODUCT_DEFINITION_CONTEXT ( 'detailed design', #2053, 'design' ) ;
#4536 = EDGE_CURVE ( 'NONE', #4278, #3206, #1006, .T. ) ;
#4535 = VERTEX_POINT ( 'NONE', #3022 ) ;
#4537 =( LENGTH_UNIT ( ) NAMED_UNIT ( * ) SI_UNIT ( .MILLI., .METRE. ) );
#4538 = LINE ( 'NONE', #3694, #4418 ) ;
#4539 = CARTESIAN_POINT ( 'NONE',  ( 0.0000000000000000000, 0.0000000000000000000, -5.287679999999999900 ) ) ;
#4540 = DIRECTION ( 'NONE',  ( 0.0000000000000000000, -1.000000000000000000, 0.0000000000000000000 ) ) ;
#4541 = AXIS2_PLACEMENT_3D ( 'NONE', #3799, #1974, #3089 ) ;
#4542 = FILL_AREA_STYLE ('',( #2422 ) ) ;
#4543 = ADVANCED_FACE ( 'NONE', ( #1218 ), #3035, .F. ) ;
#4544 = ORIENTED_EDGE ( 'NONE', *, *, #4001, .T. ) ;
#4545 =( NAMED_UNIT ( * ) SI_UNIT ( $, .STERADIAN. ) SOLID_ANGLE_UNIT ( ) );
#4546 = DIRECTION ( 'NONE',  ( 0.2755265765475200500, 0.0000000000000000000, -0.9612934544747527800 ) ) ;
#4547 = DIRECTION ( 'NONE',  ( 0.2746459304917039400, 0.0000000000000000000, -0.9615454294334439000 ) ) ;
#4548 = DIRECTION ( 'NONE',  ( 0.0000000000000000000, -0.0000000000000000000, 1.000000000000000000 ) ) ;
#4549 = EDGE_LOOP ( 'NONE', ( #2896, #2911, #390, #3010 ) ) ;
#4550 = ORIENTED_EDGE ( 'NONE', *, *, #1156, .T. ) ;
#4551 = FACE_OUTER_BOUND ( 'NONE', #1013, .T. ) ;
#4552 = AXIS2_PLACEMENT_3D ( 'NONE', #278, #1001, #3253 ) ;
#4553 =( BOUNDED_CURVE ( )  B_SPLINE_CURVE ( 3, ( #3229, #2837, #1766, #3586 ),
 .UNSPECIFIED., .F., .F. ) 
 B_SPLINE_CURVE_WITH_KNOTS ( ( 4, 4 ),
 ( 1.570796326794900300, 1.868047688116105200 ),
 .UNSPECIFIED. ) 
 CURVE ( )  GEOMETRIC_REPRESENTATION_ITEM ( )  RATIONAL_B_SPLINE_CURVE ( ( 1.000000000000000000, 0.9926503465430338600, 0.9926503465430338600, 1.000000000000000000 ) ) 
 REPRESENTATION_ITEM ( '' )  );
#4554 = ORIENTED_EDGE ( 'NONE', *, *, #4013, .F. ) ;
#4555 = FACE_OUTER_BOUND ( 'NONE', #2051, .T. ) ;
#4556 = EDGE_CURVE ( 'NONE', #3936, #1827, #3074, .T. ) ;
#4557 = CARTESIAN_POINT ( 'NONE',  ( 2.990917330177048400, 1.692680000000000000, -2.690651667455290900 ) ) ;
#4558 = FILL_AREA_STYLE_COLOUR ( '', #4199 ) ;
#4559 = ORIENTED_EDGE ( 'NONE', *, *, #298, .T. ) ;
#4560 = AXIS2_PLACEMENT_3D ( 'NONE', #4444, #2656, #3732 ) ;
#4561 = CARTESIAN_POINT ( 'NONE',  ( 5.150000000000002100, 0.1123199999999999500, -5.175359999999999500 ) ) ;
#4562 = ORIENTED_EDGE ( 'NONE', *, *, #1575, .F. ) ;
#4563 = DIRECTION ( 'NONE',  ( -0.7059037656364479700, 0.0000000000000000000, 0.7083077534943993400 ) ) ;
#4564 = ORIENTED_EDGE ( 'NONE', *, *, #749, .F. ) ;
#4565 = CIRCLE ( 'NONE', #3214, 0.1123199999999999500 ) ;
#4566 = PRESENTATION_LAYER_ASSIGNMENT (  '', '', ( #26 ) ) ;
#4567 = VERTEX_POINT ( 'NONE', #2974 ) ;
#4568 = CARTESIAN_POINT ( 'NONE',  ( 4.132258281751670200, 1.687680000000000100, -2.654659702724873100 ) ) ;
#4569 = CARTESIAN_POINT ( 'NONE',  ( 0.9500000000000004000, 0.0000000000000000000, -5.287679999999999000 ) ) ;
#4570 = DIRECTION ( 'NONE',  ( 0.4443210308329503300, 0.0000000000000000000, -0.8958676361826809500 ) ) ;
#4571 = EDGE_LOOP ( 'NONE', ( #1208, #4439, #1053, #881 ) ) ;
#4572 = EDGE_CURVE ( 'NONE', #3358, #826, #270, .T. ) ;
#4573 = ADVANCED_FACE ( 'NONE', ( #3885 ), #2603, .F. ) ;
#4574 = CARTESIAN_POINT ( 'NONE',  ( 3.084457079766795000, 1.687680000000000100, -2.306340000000000100 ) ) ;
#4575 = FACE_OUTER_BOUND ( 'NONE', #3496, .T. ) ;
#4576 = CARTESIAN_POINT ( 'NONE',  ( 3.068941737194691700, 1.692680000000000000, -2.429621719490298500 ) ) ;
#4577 = PLANE ( 'NONE',  #3116 ) ;
#4578 = STYLED_ITEM ( 'NONE', ( #4052 ), #4097 ) ;
#4579 = LINE ( 'NONE', #1747, #3614 ) ;
#4580 = CARTESIAN_POINT ( 'NONE',  ( 0.9500000000000004000, 0.2246399999999999500, -5.287679999999999000 ) ) ;
#4581 = DIRECTION ( 'NONE',  ( -1.000000000000000000, 0.0000000000000000000, -0.0000000000000000000 ) ) ;
#4582 = PRESENTATION_LAYER_ASSIGNMENT (  '', '', ( #4182 ) ) ;
#4583 = CARTESIAN_POINT ( 'NONE',  ( 0.8376800000000004200, 1.800000000000000300, -0.1123200000000008200 ) ) ;
#4584 = LINE ( 'NONE', #574, #2534 ) ;
#4585 = AXIS2_PLACEMENT_3D ( 'NONE', #2585, #142, #3710 ) ;
#4586 = FILL_AREA_STYLE_COLOUR ( '', #1439 ) ;
#4587 = STYLED_ITEM ( 'NONE', ( #910 ), #919 ) ;
#4588 = COLOUR_RGB ( '',0.6470588235294118000, 0.5176470588235293500, 0.0000000000000000000 ) ;
#4589 = CARTESIAN_POINT ( 'NONE',  ( 3.485318844781000600, 1.692680000000000000, -2.388482771469913500 ) ) ;
#4590 = CARTESIAN_POINT ( 'NONE',  ( 0.9500000000000000700, 0.1123199999999999500, -0.2246400000000007800 ) ) ;
#4591 = DIRECTION ( 'NONE',  ( -0.0000000000000000000, -1.000000000000000000, 0.0000000000000000000 ) ) ;
#4592 = DIRECTION ( 'NONE',  ( 0.0000000000000000000, 0.0000000000000000000, -1.000000000000000000 ) ) ;
#4593 = SURFACE_SIDE_STYLE ('',( #1118 ) ) ;
#4594 = ORIENTED_EDGE ( 'NONE', *, *, #3875, .F. ) ;
#4595 = ORIENTED_EDGE ( 'NONE', *, *, #2301, .F. ) ;
#4596 = EDGE_CURVE ( 'NONE', #2565, #2731, #3543, .T. ) ;
#4597 = ORIENTED_EDGE ( 'NONE', *, *, #1975, .T. ) ;
#4598 = CARTESIAN_POINT ( 'NONE',  ( 3.287116692994519300, 1.687680000000000100, -2.306340000000000100 ) ) ;
#4599 = VERTEX_POINT ( 'NONE', #1598 ) ;
#4600 = VECTOR ( 'NONE', #3097, 1000.000000000000000 ) ;
#4601 = CARTESIAN_POINT ( 'NONE',  ( 2.990917330177048400, 1.687680000000000100, -2.690651667455290900 ) ) ;
#4602 = AXIS2_PLACEMENT_3D ( 'NONE', #1899, #4165, #2345 ) ;
#4603 = EDGE_LOOP ( 'NONE', ( #1278, #1391, #4484, #718 ) ) ;
#4604 = SURFACE_STYLE_FILL_AREA ( #1623 ) ;
#4605 = DIRECTION ( 'NONE',  ( 0.0000000000000000000, 0.0000000000000000000, -1.000000000000000000 ) ) ;
#4606 = ORIENTED_EDGE ( 'NONE', *, *, #4068, .T. ) ;
#4607 = ORIENTED_EDGE ( 'NONE', *, *, #4172, .T. ) ;
#4608 = FILL_AREA_STYLE_COLOUR ( '', #1299 ) ;
#4609 = PRESENTATION_STYLE_ASSIGNMENT (( #2330 ) ) ;
#4610 = FILL_AREA_STYLE ('',( #2823 ) ) ;
#4611 = FILL_AREA_STYLE_COLOUR ( '', #1797 ) ;
#4612 = FILL_AREA_STYLE ('',( #2443 ) ) ;
#4613 = PLANE ( 'NONE',  #2537 ) ;
#4614 = VERTEX_POINT ( 'NONE', #1950 ) ;
#4615 = PRESENTATION_LAYER_ASSIGNMENT (  '', '', ( #1106 ) ) ;
#4616 = VECTOR ( 'NONE', #3968, 1000.000000000000100 ) ;
#4617 = LINE ( 'NONE', #3970, #1406 ) ;
#4618 = VECTOR ( 'NONE', #2782, 1000.000000000000000 ) ;
#4619 = CARTESIAN_POINT ( 'NONE',  ( 0.9500000000000002900, 1.800000000000000000, -0.1123200000000008200 ) ) ;
#4620 = ORIENTED_EDGE ( 'NONE', *, *, #2939, .F. ) ;
#4621 = EDGE_LOOP ( 'NONE', ( #3989, #3552, #1866 ) ) ;
#4622 = FACE_OUTER_BOUND ( 'NONE', #709, .T. ) ;
#4623 = FILL_AREA_STYLE ('',( #3862 ) ) ;
#4624 = SURFACE_STYLE_FILL_AREA ( #702 ) ;
#4625 = CYLINDRICAL_SURFACE ( 'NONE', #3707, 0.1123199999999999500 ) ;
#4626 = EDGE_LOOP ( 'NONE', ( #131, #3737, #2718, #1817 ) ) ;
#4627 =( NAMED_UNIT ( * ) SI_UNIT ( $, .STERADIAN. ) SOLID_ANGLE_UNIT ( ) );
#4628 = DIRECTION ( 'NONE',  ( 0.0000000000000000000, 1.000000000000000000, 0.0000000000000000000 ) ) ;
#4629 = PRESENTATION_STYLE_ASSIGNMENT (( #4241 ) ) ;
#4630 = FILL_AREA_STYLE ('',( #305 ) ) ;
#4631 = CARTESIAN_POINT ( 'NONE',  ( 5.987680000000000100, 0.1123200000000000000, -5.400000000000000400 ) ) ;
#4632 = CARTESIAN_POINT ( 'NONE',  ( 6.100000000000000500, 1.800000000000000000, 0.0000000000000000000 ) ) ;
#4633 = EDGE_CURVE ( 'NONE', #279, #4646, #3260, .T. ) ;
#4634 = LINE ( 'NONE', #594, #3703 ) ;
#4635 = VECTOR ( 'NONE', #1079, 1000.000000000000000 ) ;
#4636 = CARTESIAN_POINT ( 'NONE',  ( 2.880570220824253600, 1.692680000000000000, -2.306340000000000100 ) ) ;
#4637 =( GEOMETRIC_REPRESENTATION_CONTEXT ( 3 ) GLOBAL_UNCERTAINTY_ASSIGNED_CONTEXT ( ( #357 ) ) GLOBAL_UNIT_ASSIGNED_CONTEXT ( ( #277, #642, #3157 ) ) REPRESENTATION_CONTEXT ( 'NONE', 'WORKASPACE' ) );
#4638 = SURFACE_STYLE_FILL_AREA ( #3581 ) ;
#4639 = DIRECTION ( 'NONE',  ( -0.2760118818968593200, 0.0000000000000000000, 0.9611542233438680200 ) ) ;
#4640 = UNCERTAINTY_MEASURE_WITH_UNIT (LENGTH_MEASURE( 1.000000000000000100E-005 ), #2237, 'distance_accuracy_value', 'NONE');
#4641 = STYLED_ITEM ( 'NONE', ( #388 ), #3388 ) ;
#4642 = CARTESIAN_POINT ( 'NONE',  ( 5.151654082231210900, 1.665462624527664900, -0.1345373754723359600 ) ) ;
#4643 = DIRECTION ( 'NONE',  ( 0.0000000000000000000, -0.0000000000000000000, -1.000000000000000000 ) ) ;
#4644 = EDGE_CURVE ( 'NONE', #1877, #934, #3634, .T. ) ;
#4645 = LINE ( 'NONE', #3838, #3793 ) ;
#4646 = VERTEX_POINT ( 'NONE', #1928 ) ;
#4647 = MECHANICAL_DESIGN_GEOMETRIC_PRESENTATION_REPRESENTATION (  '', ( #4161 ), #2631 ) ;
#4648 = SURFACE_STYLE_USAGE ( .BOTH. , #707 ) ;
#4649 = DIRECTION ( 'NONE',  ( 1.000000000000000000, 0.0000000000000000000, 0.0000000000000000000 ) ) ;
#4650 = EDGE_CURVE ( 'NONE', #1542, #4129, #2853, .T. ) ;
#4651 = DIRECTION ( 'NONE',  ( 1.000000000000000000, 0.0000000000000000000, 0.0000000000000000000 ) ) ;
#4652 = CARTESIAN_POINT ( 'NONE',  ( 0.9500000000000000700, 0.1123199999999999500, -5.400000000000000400 ) ) ;
#4653 = CARTESIAN_POINT ( 'NONE',  ( 3.339067907317992300, 1.687680000000000100, -2.306340000000000100 ) ) ;
#4654 = ORIENTED_EDGE ( 'NONE', *, *, #2689, .F. ) ;
#4655 = FACE_OUTER_BOUND ( 'NONE', #4179, .T. ) ;
#4656 = EDGE_CURVE ( 'NONE', #4614, #2094, #2614, .T. ) ;
#4657 = ORIENTED_EDGE ( 'NONE', *, *, #4151, .T. ) ;
#4658 = CARTESIAN_POINT ( 'NONE',  ( 5.262320000000001700, 0.1123200000000000000, -0.1123200000000008200 ) ) ;
#4659 = EDGE_LOOP ( 'NONE', ( #541, #1346, #393, #950 ) ) ;
#4660 = CYLINDRICAL_SURFACE ( 'NONE', #659, 0.1123199999999999500 ) ;
#4661 = ORIENTED_EDGE ( 'NONE', *, *, #4503, .F. ) ;
#4662 =( NAMED_UNIT ( * ) PLANE_ANGLE_UNIT ( ) SI_UNIT ( $, .RADIAN. ) );
#4663 = VECTOR ( 'NONE', #840, 1000.000000000000000 ) ;
#4664 = FILL_AREA_STYLE ('',( #4335 ) ) ;
#4665 = ORIENTED_EDGE ( 'NONE', *, *, #2889, .F. ) ;
#4666 = CARTESIAN_POINT ( 'NONE',  ( 3.790980468944140600, 1.692680000000000000, -2.306340000000000100 ) ) ;
#4667 = VERTEX_POINT ( 'NONE', #4102 ) ;
#4668 = CARTESIAN_POINT ( 'NONE',  ( 2.592503494125971900, 1.692680000000000000, -2.495755860006286600 ) ) ;
#4669 = ORIENTED_EDGE ( 'NONE', *, *, #2815, .F. ) ;
#4670 = DIRECTION ( 'NONE',  ( 1.930559423941426400E-015, 1.000000000000000000, -0.0000000000000000000 ) ) ;
#4671 = ORIENTED_EDGE ( 'NONE', *, *, #2930, .F. ) ;
#4672 = MECHANICAL_DESIGN_GEOMETRIC_PRESENTATION_REPRESENTATION (  '', ( #571 ), #2091 ) ;
#4673 = EDGE_LOOP ( 'NONE', ( #2315, #3729, #3133, #1993 ) ) ;
#4674 = PRESENTATION_STYLE_ASSIGNMENT (( #1380 ) ) ;
#4675 = DIRECTION ( 'NONE',  ( 0.0000000000000000000, 7.360257803776683200E-015, 1.000000000000000000 ) ) ;
#4676 = FACE_OUTER_BOUND ( 'NONE', #2205, .T. ) ;
#4677 = SURFACE_STYLE_USAGE ( .BOTH. , #3178 ) ;
#4678 = CARTESIAN_POINT ( 'NONE',  ( 3.288313749777273200, 1.692680000000000000, -2.692502380243609200 ) ) ;
ENDSEC;
END-ISO-10303-21;
